Driver,LapNumber,LapTime,Compound,TyreLife,Position,Time,PitInTime,PittedThisLap,LapSeconds,PersonalDelta,CumSeconds,Interval
ALB,1.0,0 days 00:01:34.507000,MEDIUM,1.0,18.0,0 days 00:55:15.846000,,False,94.507,,3315.846,0.3380000000001928
ALB,2.0,0 days 00:01:25.305000,MEDIUM,2.0,18.0,0 days 00:56:41.151000,,False,85.305,-9.201999999999998,3401.151,0.6209999999996398
ALB,3.0,0 days 00:01:25.324000,MEDIUM,3.0,18.0,0 days 00:58:06.475000,,False,85.324,0.018999999999991246,3486.475,0.8669999999997344
ALB,4.0,0 days 00:01:25.320000,MEDIUM,4.0,18.0,0 days 00:59:31.795000,,False,85.32,-0.0040000000000048885,3571.795,1.0740000000000691
ALB,5.0,0 days 00:01:25.707000,MEDIUM,5.0,18.0,0 days 01:00:57.502000,,False,85.707,0.38700000000000045,3657.502,1.3389999999999418
ALB,6.0,0 days 00:01:25.680000,MEDIUM,6.0,18.0,0 days 01:02:23.182000,,False,85.68,-0.026999999999986812,3743.182,1.4710000000000036
ALB,7.0,0 days 00:01:26.108000,MEDIUM,7.0,18.0,0 days 01:03:49.290000,,False,86.108,0.42799999999999727,3829.29,1.3550000000000182
ALB,8.0,0 days 00:01:26.438000,MEDIUM,8.0,18.0,0 days 01:05:15.728000,,False,86.438,0.3299999999999983,3915.728,1.4459999999999127
ALB,9.0,0 days 00:01:26.588000,MEDIUM,9.0,18.0,0 days 01:06:42.316000,,False,86.588,0.14999999999999147,4002.316,1.7329999999997199
ALB,10.0,0 days 00:01:26.564000,MEDIUM,10.0,18.0,0 days 01:08:08.880000,,False,86.564,-0.02400000000000091,4088.88,1.8710000000000946
ALB,11.0,0 days 00:01:26.477000,MEDIUM,11.0,18.0,0 days 01:09:35.357000,,False,86.477,-0.08699999999998909,4175.357,1.7479999999995925
ALB,12.0,0 days 00:01:26.569000,MEDIUM,12.0,17.0,0 days 01:11:01.926000,,False,86.569,0.09199999999999875,4261.926,1.5250000000005457
ALB,13.0,0 days 00:01:30.373000,MEDIUM,13.0,16.0,0 days 01:12:32.299000,0 days 01:12:29.631000,True,90.373,3.804000000000002,4352.299,2.8840000000000146
ALB,14.0,0 days 00:01:46.180000,HARD,1.0,20.0,0 days 01:14:18.479000,,False,106.18,15.807000000000002,4458.479,2.850000000000364
ALB,15.0,0 days 00:01:24.482000,HARD,2.0,19.0,0 days 01:15:42.961000,,False,84.482,-21.698000000000008,4542.961,4.905999999999949
ALB,16.0,0 days 00:01:24.973000,HARD,3.0,18.0,0 days 01:17:07.934000,,False,84.973,0.49099999999999966,4627.934,4.230999999999767
ALB,17.0,0 days 00:01:25.538000,HARD,4.0,19.0,0 days 01:18:33.472000,,False,85.538,0.5649999999999977,4713.472,1.6489999999994325
ALB,18.0,0 days 00:01:24.969000,HARD,5.0,19.0,0 days 01:19:58.441000,,False,84.969,-0.5690000000000026,4798.441,0.4489999999996144
ALB,19.0,0 days 00:01:25.022000,HARD,6.0,17.0,0 days 01:21:23.463000,,False,85.022,0.05300000000001148,4883.463,4.166000000000167
ALB,20.0,0 days 00:01:25.443000,HARD,7.0,17.0,0 days 01:22:48.906000,,False,85.443,0.42099999999999227,4968.906,5.541000000000167
ALB,21.0,0 days 00:01:25.217000,HARD,8.0,17.0,0 days 01:24:14.123000,,False,85.217,-0.2259999999999991,5054.123,6.921999999999571
ALB,22.0,0 days 00:01:25.301000,HARD,9.0,17.0,0 days 01:25:39.424000,,False,85.301,0.08400000000000318,5139.424,8.309000000000196
ALB,23.0,0 days 00:01:25.909000,HARD,10.0,18.0,0 days 01:27:05.333000,,False,85.909,0.6080000000000041,5225.333,1.712999999999738
ALB,24.0,0 days 00:01:27.824000,HARD,11.0,18.0,0 days 01:28:33.157000,,False,87.824,1.914999999999992,5313.157,5.485000000000582
ALB,25.0,0 days 00:01:28.019000,HARD,12.0,18.0,0 days 01:30:01.176000,,False,88.019,0.1950000000000074,5401.176,7.597000000000662
ALB,26.0,0 days 00:01:25.213000,HARD,13.0,18.0,0 days 01:31:26.389000,,False,85.213,-2.8060000000000116,5486.389,5.980999999999767
ALB,27.0,0 days 00:01:25.467000,HARD,14.0,18.0,0 days 01:32:51.856000,,False,85.467,0.2540000000000049,5571.856,5.640999999999622
ALB,28.0,0 days 00:01:28.197000,HARD,15.0,18.0,0 days 01:34:20.053000,,False,88.197,2.730000000000004,5660.053,9.67699999999968
ALB,29.0,0 days 00:01:30.544000,HARD,16.0,18.0,0 days 01:35:50.597000,0 days 01:35:47.868000,True,90.544,2.346999999999994,5750.597,15.871000000000095
ALB,30.0,0 days 00:01:45.271000,HARD,1.0,18.0,0 days 01:37:35.868000,,False,105.271,14.727000000000004,5855.868,13.805000000000291
ALB,31.0,0 days 00:01:24.343000,HARD,2.0,18.0,0 days 01:39:00.211000,,False,84.343,-20.927999999999997,5940.211,6.3400000000001455
ALB,32.0,0 days 00:01:23.803000,HARD,3.0,17.0,0 days 01:40:24.014000,,False,83.803,-0.5400000000000063,6024.014,23.00799999999981
ALB,33.0,0 days 00:01:24.379000,HARD,4.0,17.0,0 days 01:41:48.393000,,False,84.379,0.5760000000000076,6108.393,23.417999999999665
ALB,34.0,0 days 00:01:27.738000,HARD,5.0,17.0,0 days 01:43:16.131000,0 days 01:43:13.450000,True,87.738,3.3589999999999947,6196.131,17.4320000000007
ALB,35.0,,SOFT,1.0,19.0,0 days 01:57:37.631000,,False,,,7057.631,765.3299999999999
ALB,36.0,0 days 00:01:23.151000,SOFT,2.0,19.0,0 days 01:59:00.782000,,False,83.151,,7140.782,763.598
ALB,37.0,0 days 00:01:23.195000,SOFT,3.0,19.0,0 days 02:00:23.977000,,False,83.195,0.04399999999999693,7223.977,760.9650000000001
ALB,38.0,0 days 00:01:23.194000,SOFT,4.0,18.0,0 days 02:01:47.171000,,False,83.194,-0.000999999999990564,7307.171,759.442
ALB,39.0,0 days 00:01:23.287000,SOFT,5.0,18.0,0 days 02:03:10.458000,,False,83.287,0.09300000000000352,7390.458,730.1059999999998
ALB,40.0,0 days 00:01:23.573000,SOFT,6.0,18.0,0 days 02:04:34.031000,,False,83.573,0.28599999999998715,7474.031,707.3949999999995
ALB,41.0,0 days 00:01:23.410000,SOFT,7.0,18.0,0 days 02:05:57.441000,,False,83.41,-0.1629999999999967,7557.441,706.924
ALB,42.0,0 days 00:01:23.602000,SOFT,8.0,18.0,0 days 02:07:21.043000,,False,83.602,0.19200000000000728,7641.043,704.1509999999998
ALB,43.0,0 days 00:01:26.038000,SOFT,9.0,18.0,0 days 02:08:47.081000,,False,86.038,2.435999999999993,7727.081,707.3689999999997
ALB,44.0,0 days 00:01:23.690000,SOFT,10.0,18.0,0 days 02:10:10.771000,,False,83.69,-2.347999999999999,7810.771,705.7129999999997
ALB,45.0,0 days 00:01:23.638000,SOFT,11.0,18.0,0 days 02:11:34.409000,,False,83.638,-0.0519999999999925,7894.409,705.9089999999997
ALB,46.0,0 days 00:01:25.518000,SOFT,12.0,18.0,0 days 02:12:59.927000,,False,85.518,1.8799999999999955,7979.927,707.6279999999997
ALB,47.0,0 days 00:01:24.152000,SOFT,13.0,18.0,0 days 02:14:24.079000,,False,84.152,-1.3659999999999997,8064.079,707.9839999999995
ALB,48.0,0 days 00:01:23.850000,SOFT,14.0,18.0,0 days 02:15:47.929000,,False,83.85,-0.3020000000000067,8147.929,706.094
ALB,49.0,0 days 00:01:24.407000,SOFT,15.0,18.0,0 days 02:17:12.336000,,False,84.407,0.5570000000000022,8232.336,703.2599999999993
ALB,50.0,0 days 00:01:28.162000,SOFT,16.0,18.0,0 days 02:18:40.498000,0 days 02:18:37.792000,True,88.162,3.7550000000000097,8320.498,703.3389999999999
ALB,51.0,0 days 00:01:51.750000,SOFT,4.0,18.0,0 days 02:20:32.248000,,False,111.75,23.587999999999994,8432.248,730.183
ALB,52.0,0 days 00:01:47.395000,SOFT,5.0,18.0,0 days 02:22:19.643000,,False,107.395,-4.355000000000004,8539.643,752.8699999999999
ALB,53.0,0 days 00:01:45.482000,SOFT,6.0,18.0,0 days 02:24:05.125000,,False,105.482,-1.9129999999999967,8645.125,773.4570000000003
ALB,54.0,0 days 00:01:21.744000,SOFT,7.0,18.0,0 days 02:25:26.869000,,False,81.744,-23.738,8726.869,770.1180000000004
ALB,55.0,0 days 00:01:23.588000,SOFT,8.0,18.0,0 days 02:26:50.457000,,False,83.588,1.843999999999994,8810.457,766.6020000000008
ALO,1.0,0 days 00:01:37.171000,HARD,1.0,22.0,0 days 00:55:18.510000,,False,97.171,,3318.51,1.094000000000051
ALO,2.0,0 days 00:01:25.751000,HARD,2.0,22.0,0 days 00:56:44.261000,,False,85.751,-11.420000000000002,3404.261,0.543999999999869
ALO,3.0,0 days 00:01:26.254000,HARD,3.0,22.0,0 days 00:58:10.515000,,False,86.254,0.5030000000000001,3490.515,0.8939999999997781
ALO,4.0,0 days 00:01:26.079000,HARD,4.0,22.0,0 days 00:59:36.594000,,False,86.079,-0.17500000000001137,3576.594,0.54300000000012
ALO,5.0,0 days 00:01:26.728000,HARD,5.0,21.0,0 days 01:01:03.322000,,False,86.728,0.6490000000000009,3663.322,1.9960000000000946
ALO,6.0,0 days 00:01:26.279000,HARD,6.0,21.0,0 days 01:02:29.601000,,False,86.279,-0.44899999999999807,3749.601,1.6150000000002365
ALO,7.0,0 days 00:01:26.333000,HARD,7.0,21.0,0 days 01:03:55.934000,,False,86.333,0.054000000000002046,3835.934,1.2670000000002801
ALO,8.0,0 days 00:01:26.644000,HARD,8.0,21.0,0 days 01:05:22.578000,,False,86.644,0.31100000000000705,3922.578,0.7409999999999854
ALO,9.0,0 days 00:01:27.479000,HARD,9.0,21.0,0 days 01:06:50.057000,,False,87.479,0.8349999999999937,4010.057,0.4739999999997053
ALO,10.0,0 days 00:01:28.460000,HARD,10.0,21.0,0 days 01:08:18.517000,,False,88.46,0.9809999999999945,4098.517,0.9659999999994398
ALO,11.0,0 days 00:01:27.477000,HARD,11.0,21.0,0 days 01:09:45.994000,,False,87.477,-0.9829999999999899,4185.994,0.39800000000013824
ALO,12.0,0 days 00:01:27.381000,HARD,12.0,20.0,0 days 01:11:13.375000,,False,87.381,-0.09600000000000364,4273.375,4.189000000000306
ALO,13.0,0 days 00:01:27.620000,HARD,13.0,19.0,0 days 01:12:40.995000,,False,87.62,0.23900000000000432,4360.995,1.793999999999869
ALO,14.0,0 days 00:01:27.565000,HARD,14.0,17.0,0 days 01:14:08.560000,,False,87.565,-0.05500000000000682,4448.56,5.613000000000284
ALO,15.0,0 days 00:01:27.301000,HARD,15.0,16.0,0 days 01:15:35.861000,,False,87.301,-0.2639999999999958,4535.861,5.152000000000044
ALO,16.0,0 days 00:01:27.842000,HARD,16.0,17.0,0 days 01:17:03.703000,,False,87.842,0.5409999999999968,4623.703,0.9730000000008658
ALO,17.0,0 days 00:01:26.881000,HARD,17.0,17.0,0 days 01:18:30.584000,,False,86.881,-0.9609999999999985,4710.584,3.6350000000002183
ALO,18.0,0 days 00:01:27.408000,HARD,18.0,18.0,0 days 01:19:57.992000,,False,87.408,0.527000000000001,4797.992,2.2460000000000946
ALO,19.0,0 days 00:01:27.901000,HARD,19.0,18.0,0 days 01:21:25.893000,,False,87.901,0.492999999999995,4885.893,2.430000000000291
ALO,20.0,0 days 00:01:28.393000,HARD,20.0,20.0,0 days 01:22:54.286000,,False,88.393,0.49200000000000443,4974.286,1.5910000000003492
ALO,21.0,0 days 00:01:33.829000,HARD,21.0,20.0,0 days 01:24:28.115000,0 days 01:24:25.435000,True,93.829,5.435999999999993,5068.115,9.90899999999965
ALO,22.0,0 days 00:01:45.173000,HARD,1.0,20.0,0 days 01:26:13.288000,,False,105.173,11.344000000000008,5173.288,28.078999999999724
ALO,23.0,0 days 00:01:25.437000,HARD,2.0,20.0,0 days 01:27:38.725000,,False,85.437,-19.736000000000004,5258.725,25.64300000000003
ALO,24.0,0 days 00:01:25.761000,HARD,3.0,20.0,0 days 01:29:04.486000,,False,85.761,0.32399999999999807,5344.486,24.771999999999935
ALO,25.0,0 days 00:01:25.958000,HARD,4.0,20.0,0 days 01:30:30.444000,,False,85.958,0.19700000000000273,5430.444,24.490999999999985
ALO,26.0,0 days 00:01:25.691000,HARD,5.0,20.0,0 days 01:31:56.135000,,False,85.691,-0.2669999999999959,5516.135,21.574000000000524
ALO,27.0,0 days 00:01:25.366000,HARD,6.0,20.0,0 days 01:33:21.501000,,False,85.366,-0.32500000000000284,5601.501,19.95600000000013
ALO,28.0,0 days 00:01:26.416000,HARD,7.0,20.0,0 days 01:34:47.917000,,False,86.416,1.0499999999999972,5687.917,19.009000000000015
ALO,29.0,0 days 00:01:25.803000,HARD,8.0,20.0,0 days 01:36:13.720000,,False,85.803,-0.6129999999999995,5773.72,18.356000000000677
ALO,30.0,0 days 00:01:25.827000,HARD,9.0,19.0,0 days 01:37:39.547000,,False,85.827,0.02400000000000091,5859.547,3.678999999999178
ALO,31.0,0 days 00:01:25.788000,HARD,10.0,19.0,0 days 01:39:05.335000,,False,85.788,-0.03900000000000148,5945.335,5.123999999999796
ALO,32.0,0 days 00:01:25.851000,HARD,11.0,18.0,0 days 01:40:31.186000,,False,85.851,0.06300000000000239,6031.186,7.171999999999571
ALO,33.0,0 days 00:01:25.945000,HARD,12.0,18.0,0 days 01:41:57.131000,,False,85.945,0.09399999999999409,6117.131,8.738000000000284
ALO,34.0,0 days 00:01:26.215000,HARD,13.0,18.0,0 days 01:43:23.346000,,False,86.215,0.27000000000001023,6203.346,7.214999999999236
ALO,35.0,0 days 00:01:26.945000,HARD,14.0,17.0,0 days 01:44:50.291000,,False,86.945,0.7299999999999898,6290.291,12.143000000000029
ALO,36.0,0 days 00:01:26.063000,HARD,15.0,17.0,0 days 01:46:16.354000,,False,86.063,-0.8819999999999908,6376.354,15.097000000000662
ALO,37.0,0 days 00:01:26.259000,HARD,16.0,17.0,0 days 01:47:42.613000,,False,86.259,0.19599999999999795,6462.613,18.10400000000027
ALO,38.0,,HARD,17.0,,0 days 01:50:12.613000,,False,,,6612.613,-694.558
ANT,1.0,0 days 00:01:26.497000,MEDIUM,1.0,3.0,0 days 00:55:07.836000,,False,86.497,,3307.836,0.8579999999997199
ANT,2.0,0 days 00:01:22.042000,MEDIUM,2.0,3.0,0 days 00:56:29.878000,,False,82.042,-4.454999999999998,3389.878,1.1900000000000546
ANT,3.0,0 days 00:01:22.120000,MEDIUM,3.0,3.0,0 days 00:57:51.998000,,False,82.12,0.07800000000000296,3471.998,1.2400000000002365
ANT,4.0,0 days 00:01:22.271000,MEDIUM,4.0,3.0,0 days 00:59:14.269000,,False,82.271,0.15099999999999625,3554.269,0.931999999999789
ANT,5.0,0 days 00:01:22.448000,MEDIUM,5.0,3.0,0 days 01:00:36.717000,,False,82.448,0.1769999999999925,3636.717,1.0779999999999745
ANT,6.0,0 days 00:01:22.992000,MEDIUM,6.0,3.0,0 days 01:01:59.709000,,False,82.992,0.5440000000000111,3719.709,1.1799999999998363
ANT,7.0,0 days 00:01:23.088000,MEDIUM,7.0,3.0,0 days 01:03:22.797000,,False,83.088,0.09599999999998943,3802.797,1.331000000000131
ANT,8.0,0 days 00:01:23.757000,MEDIUM,8.0,3.0,0 days 01:04:46.554000,,False,83.757,0.6690000000000111,3886.554,1.73700000000008
ANT,9.0,0 days 00:01:23.560000,MEDIUM,9.0,3.0,0 days 01:06:10.114000,,False,83.56,-0.19700000000000273,3970.114,1.8350000000000364
ANT,10.0,0 days 00:01:23.882000,MEDIUM,10.0,3.0,0 days 01:07:33.996000,,False,83.882,0.32200000000000273,4053.996,2.1410000000000764
ANT,11.0,0 days 00:01:23.586000,MEDIUM,11.0,2.0,0 days 01:08:57.582000,,False,83.586,-0.2960000000000065,4137.582,5.539999999999964
ANT,12.0,0 days 00:01:23.367000,MEDIUM,12.0,2.0,0 days 01:10:20.949000,,False,83.367,-0.2189999999999941,4220.949,1.4529999999995198
ANT,13.0,0 days 00:01:23.560000,MEDIUM,13.0,1.0,0 days 01:11:44.509000,,False,83.56,0.19299999999999784,4304.509,0.0
ANT,14.0,0 days 00:01:27.034000,MEDIUM,14.0,1.0,0 days 01:13:11.543000,0 days 01:13:08.917000,True,87.034,3.4740000000000038,4391.543,0.0
ANT,15.0,0 days 00:01:40.870000,HARD,1.0,4.0,0 days 01:14:52.413000,,False,100.87,13.835999999999999,4492.413,6.5109999999995125
ANT,16.0,0 days 00:01:22.003000,HARD,2.0,4.0,0 days 01:16:14.416000,,False,82.003,-18.867000000000004,4574.416,6.363000000000284
ANT,17.0,0 days 00:01:21.905000,HARD,3.0,3.0,0 days 01:17:36.321000,,False,81.905,-0.09799999999999898,4656.321,6.266999999999825
ANT,18.0,0 days 00:01:21.632000,HARD,4.0,3.0,0 days 01:18:57.953000,,False,81.632,-0.27299999999999613,4737.953,5.734000000000378
ANT,19.0,0 days 00:01:21.921000,HARD,5.0,3.0,0 days 01:20:19.874000,,False,81.921,0.2890000000000015,4819.874,5.1909999999998035
ANT,20.0,0 days 00:01:22.049000,HARD,6.0,3.0,0 days 01:21:41.923000,,False,82.049,0.1280000000000001,4901.923,4.621999999999389
ANT,21.0,0 days 00:01:22.196000,HARD,7.0,3.0,0 days 01:23:04.119000,,False,82.196,0.14699999999999136,4984.119,4.089999999999236
ANT,22.0,0 days 00:01:22.161000,HARD,8.0,3.0,0 days 01:24:26.280000,,False,82.161,-0.03499999999999659,5066.28,3.3599999999996726
ANT,23.0,0 days 00:01:22.450000,HARD,9.0,3.0,0 days 01:25:48.730000,,False,82.45,0.2890000000000015,5148.73,2.8840000000000146
ANT,24.0,0 days 00:01:22.843000,HARD,10.0,3.0,0 days 01:27:11.573000,,False,82.843,0.3930000000000007,5231.573,2.8380000000006476
ANT,25.0,0 days 00:01:22.677000,HARD,11.0,3.0,0 days 01:28:34.250000,,False,82.677,-0.16599999999999682,5314.25,2.25
ANT,26.0,0 days 00:01:22.614000,HARD,12.0,3.0,0 days 01:29:56.864000,,False,82.614,-0.06300000000000239,5396.864,1.532999999999447
ANT,27.0,0 days 00:01:22.760000,HARD,13.0,2.0,0 days 01:31:19.624000,,False,82.76,0.1460000000000008,5479.624,3.98700000000008
ANT,28.0,0 days 00:01:22.055000,HARD,14.0,2.0,0 days 01:32:41.679000,,False,82.055,-0.7049999999999983,5561.679,2.8659999999999854
ANT,29.0,0 days 00:01:22.623000,HARD,15.0,2.0,0 days 01:34:04.302000,,False,82.623,0.5679999999999978,5644.302,2.280999999999949
ANT,30.0,0 days 00:01:22.502000,HARD,16.0,2.0,0 days 01:35:26.804000,,False,82.502,-0.12100000000000932,5726.804,1.136000000000422
ANT,31.0,0 days 00:01:22.839000,HARD,17.0,2.0,0 days 01:36:49.643000,,False,82.839,0.3370000000000033,5809.643,0.6499999999996362
ANT,32.0,0 days 00:01:22.688000,HARD,18.0,2.0,0 days 01:38:12.331000,,False,82.688,-0.15099999999999625,5892.331,0.4539999999997235
ANT,33.0,0 days 00:01:23.757000,HARD,19.0,2.0,0 days 01:39:36.088000,,False,83.757,1.0690000000000026,5976.088,0.7739999999994325
ANT,34.0,0 days 00:01:22.717000,HARD,20.0,2.0,0 days 01:40:58.805000,,False,82.717,-1.0400000000000063,6058.805,0.842000000000553
ANT,35.0,0 days 00:01:22.661000,HARD,21.0,2.0,0 days 01:42:21.466000,,False,82.661,-0.055999999999997385,6141.466,0.5820000000003347
ANT,36.0,0 days 00:01:23.424000,HARD,22.0,1.0,0 days 01:43:44.890000,,False,83.424,0.7630000000000052,6224.89,0.0
ANT,37.0,0 days 00:01:25.693000,HARD,23.0,1.0,0 days 01:45:10.583000,0 days 01:45:07.857000,True,85.693,2.2689999999999912,6310.583,0.0
ANT,38.0,0 days 00:01:40.095000,HARD,1.0,4.0,0 days 01:46:50.678000,,False,100.095,14.402000000000001,6410.678,1.7159999999994398
ANT,39.0,0 days 00:01:20.899000,HARD,2.0,3.0,0 days 01:48:11.577000,,False,80.899,-19.195999999999998,6491.577,1.436000000000604
ANT,40.0,0 days 00:01:28.148000,HARD,3.0,3.0,0 days 01:49:39.725000,,False,88.148,7.248999999999995,6579.725,1.368000000000393
ANT,41.0,0 days 00:01:46.236000,HARD,4.0,3.0,0 days 01:51:25.961000,,False,106.236,18.088000000000008,6685.961,1.4920000000001892
ANT,42.0,0 days 00:01:25.786000,HARD,5.0,3.0,0 days 01:52:51.747000,,False,85.786,-20.450000000000003,6771.747,1.2470000000002983
ANT,43.0,0 days 00:01:20.898000,HARD,6.0,3.0,0 days 01:54:12.645000,,False,80.898,-4.888000000000005,6852.645,1.5050000000001091
ANT,44.0,0 days 00:01:20.917000,HARD,7.0,3.0,0 days 01:55:33.562000,,False,80.917,0.019000000000005457,6933.562,1.600999999999658
ANT,45.0,0 days 00:01:20.717000,HARD,8.0,3.0,0 days 01:56:54.279000,,False,80.717,-0.20000000000000284,7014.279,1.5780000000004293
ANT,46.0,0 days 00:01:20.704000,HARD,9.0,3.0,0 days 01:58:14.983000,,False,80.704,-0.01300000000000523,7094.983,1.5430000000005748
ANT,47.0,0 days 00:01:20.867000,HARD,10.0,3.0,0 days 01:59:35.850000,,False,80.867,0.16300000000001091,7175.85,1.4770000000007713
ANT,48.0,0 days 00:01:21.328000,HARD,11.0,3.0,0 days 02:00:57.178000,,False,81.328,0.4609999999999985,7257.178,1.5379999999995562
ANT,49.0,0 days 00:01:21.229000,HARD,12.0,3.0,0 days 02:02:18.407000,,False,81.229,-0.09900000000000375,7338.407,1.444999999999709
ANT,50.0,0 days 00:01:21.361000,HARD,13.0,3.0,0 days 02:03:39.768000,,False,81.361,0.132000000000005,7419.768,1.2839999999996508
ANT,51.0,0 days 00:01:21.358000,HARD,14.0,3.0,0 days 02:05:01.126000,,False,81.358,-0.0030000000000001137,7501.126,1.0140000000001237
ANT,52.0,0 days 00:01:21.450000,HARD,15.0,3.0,0 days 02:06:22.576000,,False,81.45,0.09199999999999875,7582.576,0.8119999999998981
ANT,53.0,0 days 00:01:21.909000,HARD,16.0,3.0,0 days 02:07:44.485000,,False,81.909,0.4590000000000032,7664.485,0.8569999999999709
ANT,54.0,0 days 00:01:21.736000,HARD,17.0,3.0,0 days 02:09:06.221000,,False,81.736,-0.17300000000000182,7746.221,1.133999999999105
ANT,55.0,0 days 00:01:21.853000,HARD,18.0,3.0,0 days 02:10:28.074000,,False,81.853,0.11699999999999022,7828.074,1.457999999999629
ANT,56.0,0 days 00:01:21.768000,HARD,19.0,3.0,0 days 02:11:49.842000,,False,81.768,-0.08499999999999375,7909.842,1.155999999999949
ANT,57.0,0 days 00:01:21.927000,HARD,20.0,3.0,0 days 02:13:11.769000,,False,81.927,0.15900000000000603,7991.769,1.011000000000422
ANT,58.0,0 days 00:01:21.870000,HARD,21.0,3.0,0 days 02:14:33.639000,,False,81.87,-0.05700000000000216,8073.639,0.9350000000004002
ANT,59.0,0 days 00:01:22.091000,HARD,22.0,3.0,0 days 02:15:55.730000,,False,82.091,0.22099999999998943,8155.73,0.7549999999991996
ANT,60.0,0 days 00:01:21.803000,HARD,23.0,3.0,0 days 02:17:17.533000,,False,81.803,-0.2879999999999967,8237.533,0.3719999999993888
ANT,61.0,0 days 00:01:22.715000,HARD,24.0,2.0,0 days 02:18:40.248000,,False,82.715,0.9120000000000061,8320.248,17.332000000000335
ANT,62.0,,HARD,25.0,,0 days 02:21:10.248000,,False,,,8470.248,-222.1869999999999
BEA,1.0,0 days 00:01:33.669000,MEDIUM,1.0,15.0,0 days 00:55:15.008000,,False,93.669,,3315.008,0.6539999999999964
BEA,2.0,0 days 00:01:25.184000,MEDIUM,2.0,16.0,0 days 00:56:40.192000,,False,85.184,-8.485,3400.192,0.5079999999998108
BEA,3.0,0 days 00:01:24.941000,MEDIUM,3.0,16.0,0 days 00:58:05.133000,,False,84.941,-0.242999999999995,3485.133,0.46499999999969077
BEA,4.0,0 days 00:01:25.086000,MEDIUM,4.0,16.0,0 days 00:59:30.219000,,False,85.086,0.14499999999999602,3570.219,0.6860000000001492
BEA,5.0,0 days 00:01:25.215000,MEDIUM,5.0,16.0,0 days 01:00:55.434000,,False,85.215,0.1290000000000049,3655.434,0.7480000000000473
BEA,6.0,0 days 00:01:25.592000,MEDIUM,6.0,16.0,0 days 01:02:21.026000,,False,85.592,0.37699999999999534,3741.026,0.7049999999999272
BEA,7.0,0 days 00:01:26.101000,MEDIUM,7.0,16.0,0 days 01:03:47.127000,,False,86.101,0.5090000000000003,3827.127,0.9519999999997708
BEA,8.0,0 days 00:01:26.127000,MEDIUM,8.0,16.0,0 days 01:05:13.254000,,False,86.127,0.02599999999999625,3913.254,1.3040000000000873
BEA,9.0,0 days 00:01:26.321000,MEDIUM,9.0,16.0,0 days 01:06:39.575000,,False,86.321,0.19400000000000261,3999.575,1.2859999999996035
BEA,10.0,0 days 00:01:26.505000,MEDIUM,10.0,16.0,0 days 01:08:06.080000,,False,86.505,0.1839999999999975,4086.08,1.1300000000001091
BEA,11.0,0 days 00:01:26.654000,MEDIUM,11.0,16.0,0 days 01:09:32.734000,,False,86.654,0.1490000000000009,4172.734,1.1400000000003274
BEA,12.0,0 days 00:01:26.607000,MEDIUM,12.0,15.0,0 days 01:10:59.341000,,False,86.607,-0.046999999999997044,4259.341,0.9740000000001601
BEA,13.0,0 days 00:01:26.753000,MEDIUM,13.0,13.0,0 days 01:12:26.094000,,False,86.753,0.1460000000000008,4346.094,4.573999999999614
BEA,14.0,0 days 00:01:25.933000,MEDIUM,14.0,12.0,0 days 01:13:52.027000,,False,85.933,-0.8199999999999932,4432.027,0.6189999999996871
BEA,15.0,0 days 00:01:25.544000,MEDIUM,15.0,10.0,0 days 01:15:17.571000,,False,85.544,-0.38900000000001,4517.571,8.908000000000357
BEA,16.0,0 days 00:01:26.485000,MEDIUM,16.0,9.0,0 days 01:16:44.056000,,False,86.485,0.9410000000000025,4604.056,9.647999999999229
BEA,17.0,0 days 00:01:26.707000,MEDIUM,17.0,10.0,0 days 01:18:10.763000,,False,86.707,0.2219999999999942,4690.763,0.8980000000001382
BEA,18.0,0 days 00:01:31.200000,MEDIUM,18.0,14.0,0 days 01:19:41.963000,0 days 01:19:39.188000,True,91.2,4.493000000000009,4781.963,1.481999999999971
BEA,19.0,0 days 00:01:44.483000,HARD,1.0,20.0,0 days 01:21:26.446000,,False,104.483,13.283000000000001,4886.446,0.08699999999953434
BEA,20.0,0 days 00:01:25.204000,HARD,2.0,18.0,0 days 01:22:51.650000,,False,85.204,-19.27900000000001,4971.65,2.743999999999687
BEA,21.0,0 days 00:01:23.939000,HARD,3.0,18.0,0 days 01:24:15.589000,,False,83.939,-1.2650000000000006,5055.589,1.4660000000003492
BEA,22.0,0 days 00:01:24.285000,HARD,4.0,18.0,0 days 01:25:39.874000,,False,84.285,0.34600000000000364,5139.874,0.4499999999998181
BEA,23.0,0 days 00:01:23.746000,HARD,5.0,17.0,0 days 01:27:03.620000,,False,83.746,-0.5390000000000015,5223.62,4.5919999999996435
BEA,24.0,0 days 00:01:24.052000,HARD,6.0,17.0,0 days 01:28:27.672000,,False,84.052,0.3060000000000116,5307.672,5.201999999999316
BEA,25.0,0 days 00:01:25.907000,HARD,7.0,17.0,0 days 01:29:53.579000,,False,85.907,1.8549999999999898,5393.579,6.233999999999469
BEA,26.0,0 days 00:01:26.829000,HARD,8.0,17.0,0 days 01:31:20.408000,,False,86.829,0.921999999999997,5480.408,6.874000000000706
BEA,27.0,0 days 00:01:25.807000,HARD,9.0,17.0,0 days 01:32:46.215000,,False,85.807,-1.0219999999999914,5566.215,6.007000000000517
BEA,28.0,0 days 00:01:24.161000,HARD,10.0,17.0,0 days 01:34:10.376000,,False,84.161,-1.6460000000000008,5650.376,3.0250000000005457
BEA,29.0,0 days 00:01:24.350000,HARD,11.0,17.0,0 days 01:35:34.726000,,False,84.35,0.18899999999999295,5734.726,0.6989999999996144
BEA,30.0,0 days 00:01:23.789000,HARD,12.0,15.0,0 days 01:36:58.515000,,False,83.789,-0.5609999999999928,5818.515,6.186999999999898
BEA,31.0,0 days 00:01:24.356000,HARD,13.0,14.0,0 days 01:38:22.871000,,False,84.356,0.5669999999999931,5902.871,3.800000000000182
BEA,32.0,0 days 00:01:25.245000,HARD,14.0,14.0,0 days 01:39:48.116000,,False,85.245,0.88900000000001,5988.116,3.068000000000211
BEA,33.0,0 days 00:01:24.430000,HARD,15.0,13.0,0 days 01:41:12.546000,,False,84.43,-0.8149999999999977,6072.546,5.9520000000002256
BEA,34.0,0 days 00:01:24.255000,HARD,16.0,13.0,0 days 01:42:36.801000,,False,84.255,-0.17500000000001137,6156.801,4.372000000000298
BEA,35.0,0 days 00:01:26.581000,HARD,17.0,13.0,0 days 01:44:03.382000,,False,86.581,2.3260000000000076,6243.382,2.1749999999992724
BEA,36.0,0 days 00:01:25.902000,HARD,18.0,13.0,0 days 01:45:29.284000,,False,85.902,-0.679000000000002,6329.284,3.076999999999316
BEA,37.0,0 days 00:01:26.474000,HARD,19.0,13.0,0 days 01:46:55.758000,,False,86.474,0.5720000000000027,6415.758,3.13799999999992
BEA,38.0,0 days 00:01:26.381000,HARD,20.0,12.0,0 days 01:48:22.139000,,False,86.381,-0.09300000000000352,6502.139,6.2960000000002765
BEA,39.0,0 days 00:01:36.309000,HARD,21.0,12.0,0 days 01:49:58.448000,0 days 01:49:55.731000,True,96.309,9.927999999999997,6598.448,12.14600000000064
BEA,40.0,0 days 00:02:01.385000,SOFT,,15.0,0 days 01:51:59.833000,,False,121.385,25.076000000000008,6719.833,3.90099999999984
BEA,41.0,0 days 00:01:22.484000,SOFT,,15.0,0 days 01:53:22.317000,,False,82.484,-38.90100000000001,6802.317,3.4600000000000364
BEA,42.0,0 days 00:01:22.657000,SOFT,,15.0,0 days 01:54:44.974000,,False,82.657,0.17300000000000182,6884.974,1.4760000000005675
BEA,43.0,0 days 00:01:22.419000,SOFT,,15.0,0 days 01:56:07.393000,,False,82.419,-0.23799999999999955,6967.393,1.33600000000024
BEA,44.0,0 days 00:01:22.833000,SOFT,,15.0,0 days 01:57:30.226000,,False,82.833,0.4140000000000015,7050.226,1.3539999999993597
BEA,45.0,0 days 00:01:22.897000,SOFT,,15.0,0 days 01:58:53.123000,,False,82.897,0.06400000000000716,7133.123,1.0319999999992433
BEA,46.0,0 days 00:01:23.241000,SOFT,,15.0,0 days 02:00:16.364000,,False,83.241,0.3439999999999941,7216.364,0.6559999999999491
BEA,47.0,0 days 00:01:23.829000,SOFT,,15.0,0 days 02:01:40.193000,,False,83.829,0.5879999999999939,7300.193,0.29500000000007276
BEA,48.0,0 days 00:01:24.192000,SOFT,,14.0,0 days 02:03:04.385000,,False,84.192,0.36299999999999955,7384.385,2.1239999999997963
BEA,49.0,0 days 00:01:23.926000,SOFT,,14.0,0 days 02:04:28.311000,,False,83.926,-0.26599999999999113,7468.311,1.8319999999994252
BEA,50.0,0 days 00:01:24.194000,SOFT,,14.0,0 days 02:05:52.505000,,False,84.194,0.2680000000000007,7552.505,1.8079999999999927
BEA,51.0,0 days 00:01:23.951000,SOFT,,14.0,0 days 02:07:16.456000,,False,83.951,-0.2430000000000092,7636.456,1.6810000000004948
BEA,52.0,0 days 00:01:24.129000,SOFT,,14.0,0 days 02:08:40.585000,,False,84.129,0.17800000000001148,7720.585,1.2839999999996508
BEA,53.0,0 days 00:01:24.514000,SOFT,,14.0,0 days 02:10:05.099000,,False,84.514,0.3849999999999909,7805.099,1.305000000000291
BEA,54.0,0 days 00:01:24.565000,SOFT,,14.0,0 days 02:11:29.664000,,False,84.565,0.05100000000000193,7889.664,1.28899999999976
BEA,55.0,0 days 00:01:24.642000,SOFT,,13.0,0 days 02:12:54.306000,,False,84.642,0.07699999999999818,7974.306,16.562999999999192
BEA,56.0,0 days 00:01:27.738000,SOFT,,13.0,0 days 02:14:22.044000,,False,87.738,3.0960000000000036,8062.044,20.4399999999996
BEA,57.0,0 days 00:01:24.737000,SOFT,,13.0,0 days 02:15:46.781000,,False,84.737,-3.0010000000000048,8146.781,21.561999999999898
BEA,58.0,0 days 00:01:24.379000,SOFT,,13.0,0 days 02:17:11.160000,,False,84.379,-0.3579999999999899,8231.16,22.386000000000422
BEA,59.0,0 days 00:01:24.106000,SOFT,,13.0,0 days 02:18:35.266000,,False,84.106,-0.27300000000001035,8315.266,22.80500000000029
BEA,60.0,0 days 00:01:43.521000,SOFT,,15.0,0 days 02:20:18.787000,0 days 02:20:15.746000,True,103.521,19.415000000000006,8418.787,3.393000000000029
BOR,1.0,0 days 00:01:34.169000,MEDIUM,1.0,17.0,0 days 00:55:15.508000,,False,94.169,,3315.508,0.27799999999979264
BOR,2.0,0 days 00:01:25.022000,MEDIUM,2.0,17.0,0 days 00:56:40.530000,,False,85.022,-9.146999999999991,3400.53,0.3380000000001928
BOR,3.0,0 days 00:01:25.078000,MEDIUM,3.0,17.0,0 days 00:58:05.608000,,False,85.078,0.055999999999997385,3485.608,0.4750000000003638
BOR,4.0,0 days 00:01:25.113000,MEDIUM,4.0,17.0,0 days 00:59:30.721000,,False,85.113,0.03499999999999659,3570.721,0.5019999999999527
BOR,5.0,0 days 00:01:25.442000,MEDIUM,5.0,17.0,0 days 01:00:56.163000,,False,85.442,0.3289999999999935,3656.163,0.7289999999998145
BOR,6.0,0 days 00:01:25.548000,MEDIUM,6.0,17.0,0 days 01:02:21.711000,,False,85.548,0.10600000000000875,3741.711,0.6849999999999454
BOR,7.0,0 days 00:01:26.224000,MEDIUM,7.0,17.0,0 days 01:03:47.935000,,False,86.224,0.6760000000000019,3827.935,0.8079999999999927
BOR,8.0,0 days 00:01:26.347000,MEDIUM,8.0,17.0,0 days 01:05:14.282000,,False,86.347,0.12299999999999045,3914.282,1.0280000000002474
BOR,9.0,0 days 00:01:26.301000,MEDIUM,9.0,17.0,0 days 01:06:40.583000,,False,86.301,-0.04599999999999227,4000.583,1.0080000000002656
BOR,10.0,0 days 00:01:26.426000,MEDIUM,10.0,17.0,0 days 01:08:07.009000,,False,86.426,0.125,4087.009,0.9290000000000873
BOR,11.0,0 days 00:01:26.600000,MEDIUM,11.0,17.0,0 days 01:09:33.609000,,False,86.6,0.17399999999999238,4173.609,0.875
BOR,12.0,0 days 00:01:26.792000,MEDIUM,12.0,16.0,0 days 01:11:00.401000,,False,86.792,0.19200000000000728,4260.401,1.0599999999994907
BOR,13.0,0 days 00:01:26.799000,MEDIUM,13.0,14.0,0 days 01:12:27.200000,,False,86.799,0.007000000000005002,4347.2,1.1059999999997672
BOR,14.0,0 days 00:01:26.526000,MEDIUM,14.0,13.0,0 days 01:13:53.726000,,False,86.526,-0.27300000000001035,4433.726,1.6989999999996144
BOR,15.0,0 days 00:01:29.806000,MEDIUM,15.0,12.0,0 days 01:15:23.532000,0 days 01:15:20.757000,True,89.806,3.280000000000001,4523.532,1.1190000000005966
BOR,16.0,0 days 00:01:44.821000,HARD,1.0,19.0,0 days 01:17:08.353000,,False,104.821,15.015,4628.353,0.41899999999986903
BOR,17.0,0 days 00:01:23.470000,HARD,2.0,18.0,0 days 01:18:31.823000,,False,83.47,-21.351,4711.823,1.2390000000004875
BOR,18.0,0 days 00:01:23.923000,HARD,3.0,17.0,0 days 01:19:55.746000,,False,83.923,0.45300000000000296,4795.746,4.493000000000393
BOR,19.0,0 days 00:01:23.551000,HARD,4.0,16.0,0 days 01:21:19.297000,,False,83.551,-0.3719999999999999,4879.297,3.5359999999991487
BOR,20.0,0 days 00:01:24.068000,HARD,5.0,16.0,0 days 01:22:43.365000,,False,84.068,0.5169999999999959,4963.365,2.818000000000211
BOR,21.0,0 days 00:01:23.836000,HARD,6.0,16.0,0 days 01:24:07.201000,,False,83.836,-0.23199999999999932,5047.201,1.8890000000001237
BOR,22.0,0 days 00:01:23.914000,HARD,7.0,16.0,0 days 01:25:31.115000,,False,83.914,0.07800000000000296,5131.115,0.8220000000001164
BOR,23.0,0 days 00:01:24.725000,HARD,8.0,15.0,0 days 01:26:55.840000,,False,84.725,0.8109999999999928,5215.84,0.4220000000004802
BOR,24.0,0 days 00:01:24.069000,HARD,9.0,14.0,0 days 01:28:19.909000,,False,84.069,-0.6559999999999917,5299.909,3.007999999999811
BOR,25.0,0 days 00:01:24.199000,HARD,10.0,14.0,0 days 01:29:44.108000,,False,84.199,0.12999999999999545,5384.108,2.186999999999898
BOR,26.0,0 days 00:01:24.917000,HARD,11.0,14.0,0 days 01:31:09.025000,,False,84.917,0.7180000000000035,5469.025,1.620999999999185
BOR,27.0,0 days 00:01:24.594000,HARD,12.0,14.0,0 days 01:32:33.619000,,False,84.594,-0.3230000000000075,5553.619,1.1129999999993743
BOR,28.0,0 days 00:01:25.180000,HARD,13.0,14.0,0 days 01:33:58.799000,,False,85.18,0.5860000000000127,5638.799,0.5690000000004147
BOR,29.0,0 days 00:01:25.753000,HARD,14.0,14.0,0 days 01:35:24.552000,,False,85.753,0.5729999999999933,5724.552,0.9690000000000509
BOR,30.0,0 days 00:01:27.066000,HARD,15.0,12.0,0 days 01:36:51.618000,,False,87.066,1.3130000000000024,5811.618,16.710000000000036
BOR,31.0,0 days 00:01:27.453000,HARD,16.0,13.0,0 days 01:38:19.071000,,False,87.453,0.38700000000000045,5899.071,2.6989999999996144
BOR,32.0,0 days 00:01:25.977000,HARD,17.0,13.0,0 days 01:39:45.048000,,False,85.977,-1.475999999999999,5985.048,2.717999999999847
BOR,33.0,0 days 00:01:29.825000,HARD,18.0,14.0,0 days 01:41:14.873000,0 days 01:41:12.042000,True,89.825,3.847999999999999,6074.873,2.326999999999316
BOR,34.0,0 days 00:01:43.826000,HARD,1.0,16.0,0 days 01:42:58.699000,,False,103.826,14.00099999999999,6178.699,7.094000000000051
BOR,35.0,0 days 00:01:23.639000,HARD,2.0,15.0,0 days 01:44:22.338000,,False,83.639,-20.186999999999998,6262.338,6.634999999999309
BOR,36.0,0 days 00:01:23.784000,HARD,3.0,15.0,0 days 01:45:46.122000,,False,83.784,0.14500000000001023,6346.122,6.470000000000255
BOR,37.0,0 days 00:01:23.566000,HARD,4.0,15.0,0 days 01:47:09.688000,,False,83.566,-0.21800000000000352,6429.688,6.039999999999964
BOR,38.0,0 days 00:01:24.176000,HARD,5.0,15.0,0 days 01:48:33.864000,,False,84.176,0.6099999999999994,6513.864,1.9739999999992506
BOR,39.0,0 days 00:01:37.964000,HARD,6.0,15.0,0 days 01:50:11.828000,,False,97.964,13.787999999999997,6611.828,5.4909999999999854
BOR,40.0,0 days 00:01:44.104000,HARD,7.0,14.0,0 days 01:51:55.932000,,False,104.104,6.140000000000001,6715.932,4.036999999999352
BOR,41.0,0 days 00:01:22.925000,HARD,8.0,14.0,0 days 01:53:18.857000,,False,82.925,-21.179000000000002,6798.857,1.9639999999999418
BOR,42.0,0 days 00:01:24.641000,HARD,9.0,14.0,0 days 01:54:43.498000,,False,84.641,1.7160000000000082,6883.498,3.9199999999991633
BOR,43.0,0 days 00:01:22.559000,HARD,10.0,14.0,0 days 01:56:06.057000,,False,82.559,-2.082000000000008,6966.057,2.34900000000016
BOR,44.0,0 days 00:01:22.815000,HARD,11.0,14.0,0 days 01:57:28.872000,,False,82.815,0.2560000000000002,7048.872,2.4990000000007058
BOR,45.0,0 days 00:01:23.219000,HARD,12.0,14.0,0 days 01:58:52.091000,,False,83.219,0.40399999999999636,7132.091,1.219000000000051
BOR,46.0,0 days 00:01:23.617000,HARD,13.0,14.0,0 days 02:00:15.708000,,False,83.617,0.39800000000001035,7215.708,0.8799999999991996
BOR,47.0,0 days 00:01:24.190000,HARD,14.0,14.0,0 days 02:01:39.898000,,False,84.19,0.5729999999999933,7299.898,1.3670000000001892
BOR,48.0,0 days 00:01:25.522000,HARD,15.0,15.0,0 days 02:03:05.420000,,False,85.522,1.3320000000000078,7385.42,1.0349999999998545
BOR,49.0,0 days 00:01:24.586000,HARD,16.0,15.0,0 days 02:04:30.006000,,False,84.586,-0.936000000000007,7470.006,1.6950000000006185
BOR,50.0,0 days 00:01:24.157000,HARD,17.0,15.0,0 days 02:05:54.163000,,False,84.157,-0.42900000000000205,7554.163,1.657999999999447
BOR,51.0,0 days 00:01:23.978000,HARD,18.0,15.0,0 days 02:07:18.141000,,False,83.978,-0.17900000000000205,7638.141,1.6849999999994907
BOR,52.0,0 days 00:01:24.094000,HARD,19.0,15.0,0 days 02:08:42.235000,,False,84.094,0.11599999999999966,7722.235,1.6499999999996362
BOR,53.0,0 days 00:01:28.318000,HARD,20.0,15.0,0 days 02:10:10.553000,0 days 02:10:07.708000,True,88.318,4.224000000000004,7810.553,5.4539999999997235
BOR,54.0,0 days 00:01:45.439000,SOFT,1.0,16.0,0 days 02:11:55.992000,,False,105.439,17.120999999999995,7915.992,8.717999999999847
BOR,55.0,0 days 00:01:21.446000,SOFT,2.0,16.0,0 days 02:13:17.438000,,False,81.446,-23.992999999999995,7997.438,1.7780000000002474
BOR,56.0,0 days 00:01:22.781000,SOFT,3.0,14.0,0 days 02:14:40.219000,,False,82.781,1.335000000000008,8080.219,18.175000000000182
BOR,57.0,0 days 00:01:21.530000,SOFT,4.0,14.0,0 days 02:16:01.749000,,False,81.53,-1.2510000000000048,8161.749,14.967999999999847
BOR,58.0,0 days 00:01:22.191000,SOFT,5.0,14.0,0 days 02:17:23.940000,,False,82.191,0.6610000000000014,8243.94,12.780000000000655
BOR,59.0,0 days 00:01:22.545000,SOFT,6.0,14.0,0 days 02:18:46.485000,,False,82.545,0.3539999999999992,8326.485,11.21900000000096
BOR,60.0,0 days 00:01:23.029000,SOFT,7.0,13.0,0 days 02:20:09.514000,,False,83.029,0.48399999999999466,8409.514,33.13999999999942
BOR,61.0,0 days 00:01:50.025000,SOFT,8.0,13.0,0 days 02:21:59.539000,,False,110.025,26.99600000000001,8519.539,43.033000000001266
BOR,62.0,0 days 00:01:47.509000,SOFT,9.0,12.0,0 days 02:23:47.048000,,False,107.509,-2.5160000000000053,8627.048,42.970000000001164
BOR,63.0,0 days 00:01:27.099000,SOFT,10.0,11.0,0 days 02:25:14.147000,,False,87.099,-20.409999999999997,8714.147,33.051000000001295
BOR,64.0,0 days 00:01:21.984000,SOFT,11.0,11.0,0 days 02:26:36.131000,,False,81.984,-5.115000000000009,8796.131,31.662000000000262
BOT,1.0,0 days 00:01:35.407000,MEDIUM,1.0,20.0,0 days 00:55:16.746000,,False,95.407,,3316.746,0.512000000000171
BOT,2.0,0 days 00:01:26.038000,MEDIUM,2.0,20.0,0 days 00:56:42.784000,,False,86.038,-9.369,3402.784,1.0010000000002037
BOT,3.0,0 days 00:01:25.745000,MEDIUM,3.0,20.0,0 days 00:58:08.529000,,False,85.745,-0.29299999999999216,3488.529,1.3679999999999382
BOT,4.0,0 days 00:01:26.254000,MEDIUM,4.0,20.0,0 days 00:59:34.783000,,False,86.254,0.5090000000000003,3574.783,1.9209999999998217
BOT,5.0,0 days 00:01:26.543000,MEDIUM,5.0,20.0,0 days 01:01:01.326000,,False,86.543,0.2890000000000015,3661.326,2.6959999999999127
BOT,6.0,0 days 00:01:26.660000,MEDIUM,6.0,20.0,0 days 01:02:27.986000,,False,86.66,0.11699999999999022,3747.986,3.3399999999996908
BOT,7.0,0 days 00:01:26.681000,MEDIUM,7.0,20.0,0 days 01:03:54.667000,,False,86.681,0.021000000000000796,3834.667,3.93100000000004
BOT,8.0,0 days 00:01:27.170000,MEDIUM,8.0,20.0,0 days 01:05:21.837000,,False,87.17,0.4890000000000043,3921.837,4.619000000000142
BOT,9.0,0 days 00:01:27.746000,MEDIUM,9.0,20.0,0 days 01:06:49.583000,,False,87.746,0.5759999999999934,4009.583,5.463000000000193
BOT,10.0,0 days 00:01:27.968000,MEDIUM,10.0,20.0,0 days 01:08:17.551000,,False,87.968,0.2220000000000084,4097.551,6.703000000000429
BOT,11.0,0 days 00:01:28.045000,MEDIUM,11.0,20.0,0 days 01:09:45.596000,,False,88.045,0.07699999999999818,4185.596,7.757999999999811
BOT,12.0,0 days 00:01:29.432000,MEDIUM,12.0,21.0,0 days 01:11:15.028000,,False,89.432,1.3870000000000005,4275.028,1.6530000000002474
BOT,13.0,0 days 00:01:28.393000,MEDIUM,13.0,20.0,0 days 01:12:43.421000,,False,88.393,-1.0390000000000015,4363.421,2.4260000000003856
BOT,14.0,0 days 00:01:32.208000,MEDIUM,14.0,19.0,0 days 01:14:15.629000,0 days 01:14:12.801000,True,92.208,3.8149999999999977,4455.629,1.7049999999999272
BOT,15.0,0 days 00:02:00.780000,HARD,1.0,21.0,0 days 01:16:16.409000,0 days 01:16:13.593000,True,120.78,28.572000000000003,4576.409,31.857999999999265
COL,1.0,0 days 00:01:31.450000,SOFT,1.0,11.0,0 days 00:55:12.789000,,False,91.45,,3312.789,0.5270000000000437
COL,2.0,0 days 00:01:24.260000,SOFT,2.0,11.0,0 days 00:56:37.049000,,False,84.26,-7.189999999999998,3397.049,0.49099999999998545
COL,3.0,0 days 00:01:24.360000,SOFT,3.0,11.0,0 days 00:58:01.409000,,False,84.36,0.09999999999999432,3481.409,0.7800000000002001
COL,4.0,0 days 00:01:24.397000,SOFT,4.0,11.0,0 days 00:59:25.806000,,False,84.397,0.03700000000000614,3565.806,0.8719999999998436
COL,5.0,0 days 00:01:24.909000,SOFT,5.0,11.0,0 days 01:00:50.715000,,False,84.909,0.5120000000000005,3650.715,1.2049999999999272
COL,6.0,0 days 00:01:24.948000,SOFT,6.0,11.0,0 days 01:02:15.663000,,False,84.948,0.03899999999998727,3735.663,0.7390000000000327
COL,7.0,0 days 00:01:26.439000,SOFT,7.0,12.0,0 days 01:03:42.102000,,False,86.439,1.4909999999999997,3822.102,1.087999999999738
COL,8.0,0 days 00:01:25.561000,SOFT,8.0,12.0,0 days 01:05:07.663000,,False,85.561,-0.8779999999999859,3907.663,1.306999999999789
COL,9.0,0 days 00:01:26.184000,SOFT,9.0,12.0,0 days 01:06:33.847000,,False,86.184,0.6229999999999905,3993.847,1.5770000000002256
COL,10.0,0 days 00:01:26.102000,SOFT,10.0,12.0,0 days 01:07:59.949000,,False,86.102,-0.08199999999999363,4079.949,1.525000000000091
COL,11.0,0 days 00:01:25.710000,SOFT,11.0,12.0,0 days 01:09:25.659000,,False,85.71,-0.3920000000000101,4165.659,1.3489999999992506
COL,12.0,0 days 00:01:29.443000,SOFT,12.0,12.0,0 days 01:10:55.102000,0 days 01:10:52.426000,True,89.443,3.733000000000004,4255.102,2.7349999999996726
COL,13.0,0 days 00:01:44.099000,HARD,1.0,18.0,0 days 01:12:39.201000,,False,104.099,14.656000000000006,4359.201,6.225000000000364
COL,14.0,0 days 00:01:23.746000,HARD,2.0,16.0,0 days 01:14:02.947000,,False,83.746,-20.35300000000001,4442.947,3.043999999999869
COL,15.0,0 days 00:01:23.766000,HARD,3.0,14.0,0 days 01:15:26.713000,,False,83.766,0.020000000000010232,4526.713,2.030999999999949
COL,16.0,0 days 00:01:24.335000,HARD,4.0,13.0,0 days 01:16:51.048000,,False,84.335,0.5689999999999884,4611.048,2.2399999999997817
COL,17.0,0 days 00:01:24.333000,HARD,5.0,13.0,0 days 01:18:15.381000,,False,84.333,-0.001999999999995339,4695.381,2.1060000000006767
COL,18.0,0 days 00:01:24.065000,HARD,6.0,12.0,0 days 01:19:39.446000,,False,84.065,-0.2680000000000007,4779.446,1.2919999999994616
COL,19.0,0 days 00:01:25.623000,HARD,7.0,13.0,0 days 01:21:05.069000,,False,85.623,1.558000000000007,4865.069,0.9690000000000509
COL,20.0,0 days 00:01:24.417000,HARD,8.0,13.0,0 days 01:22:29.486000,,False,84.417,-1.206000000000003,4949.486,1.5599999999994907
COL,21.0,0 days 00:01:24.097000,HARD,9.0,13.0,0 days 01:23:53.583000,,False,84.097,-0.3200000000000074,5033.583,1.8679999999994834
COL,22.0,0 days 00:01:24.176000,HARD,10.0,13.0,0 days 01:25:17.759000,,False,84.176,0.07900000000000773,5117.759,2.0559999999995853
COL,23.0,0 days 00:01:24.469000,HARD,11.0,12.0,0 days 01:26:42.228000,,False,84.469,0.29299999999999216,5202.228,2.4290000000000873
COL,24.0,0 days 00:01:25.027000,HARD,12.0,12.0,0 days 01:28:07.255000,,False,85.027,0.5580000000000069,5287.255,2.3289999999997235
COL,25.0,0 days 00:01:24.908000,HARD,13.0,12.0,0 days 01:29:32.163000,,False,84.908,-0.11899999999999977,5372.163,2.6309999999994034
COL,26.0,0 days 00:01:24.961000,HARD,14.0,12.0,0 days 01:30:57.124000,,False,84.961,0.05299999999999727,5457.124,2.9399999999996
COL,27.0,0 days 00:01:24.492000,HARD,15.0,12.0,0 days 01:32:21.616000,,False,84.492,-0.4689999999999941,5541.616,2.306999999999789
COL,28.0,0 days 00:01:24.582000,HARD,16.0,12.0,0 days 01:33:46.198000,,False,84.582,0.0899999999999892,5626.198,1.7460000000000946
COL,29.0,0 days 00:01:24.374000,HARD,17.0,11.0,0 days 01:35:10.572000,,False,84.374,-0.2079999999999984,5710.572,1.3450000000002547
COL,30.0,0 days 00:01:24.336000,HARD,18.0,11.0,0 days 01:36:34.908000,,False,84.336,-0.0379999999999967,5794.908,1.094000000000051
COL,31.0,0 days 00:01:24.641000,HARD,19.0,11.0,0 days 01:37:59.549000,,False,84.641,0.3050000000000068,5879.549,1.0010000000002037
COL,32.0,0 days 00:01:24.743000,HARD,20.0,11.0,0 days 01:39:24.292000,,False,84.743,0.10199999999998965,5964.292,0.8670000000001892
COL,33.0,0 days 00:01:25.632000,HARD,21.0,11.0,0 days 01:40:49.924000,,False,85.632,0.88900000000001,6049.924,1.1400000000003274
COL,34.0,0 days 00:01:28.651000,HARD,22.0,11.0,0 days 01:42:18.575000,0 days 01:42:15.932000,True,88.651,3.0189999999999912,6138.575,4.677999999999884
COL,35.0,0 days 00:01:42.632000,HARD,1.0,12.0,0 days 01:44:01.207000,,False,102.632,13.981000000000009,6241.207,4.523000000000138
COL,36.0,0 days 00:01:23.197000,HARD,2.0,11.0,0 days 01:45:24.404000,,False,83.197,-19.435000000000002,6324.404,3.881000000000313
COL,37.0,0 days 00:01:23.540000,HARD,3.0,11.0,0 days 01:46:47.944000,,False,83.54,0.3430000000000035,6407.944,0.08700000000044383
COL,38.0,0 days 00:01:25.911000,HARD,4.0,10.0,0 days 01:48:13.855000,,False,85.911,2.370999999999995,6493.855,18.734999999999673
COL,39.0,0 days 00:01:30.454000,HARD,5.0,10.0,0 days 01:49:44.309000,,False,90.454,4.542999999999992,6584.309,20.515000000000327
COL,40.0,0 days 00:01:46.371000,HARD,6.0,10.0,0 days 01:51:30.680000,,False,106.371,15.917000000000002,6690.68,18.365999999999985
COL,41.0,0 days 00:01:26.845000,HARD,7.0,10.0,0 days 01:52:57.525000,,False,86.845,-19.525999999999996,6777.525,1.8109999999996944
COL,42.0,0 days 00:01:22.652000,HARD,8.0,10.0,0 days 01:54:20.177000,,False,82.652,-4.192999999999998,6860.177,2.755000000000109
COL,43.0,0 days 00:01:22.449000,HARD,9.0,10.0,0 days 01:55:42.626000,,False,82.449,-0.20300000000000296,6942.626,3.2440000000005966
COL,44.0,0 days 00:01:22.509000,HARD,10.0,10.0,0 days 01:57:05.135000,,False,82.509,0.060000000000002274,7025.135,3.7390000000004875
COL,45.0,0 days 00:01:22.682000,HARD,11.0,10.0,0 days 01:58:27.817000,,False,82.682,0.17300000000000182,7107.817,3.7299999999995634
COL,46.0,0 days 00:01:23.113000,HARD,12.0,10.0,0 days 01:59:50.930000,,False,83.113,0.4309999999999974,7190.93,4.280999999999949
COL,47.0,0 days 00:01:23.321000,HARD,13.0,10.0,0 days 02:01:14.251000,,False,83.321,0.2079999999999984,7274.251,4.485999999999876
COL,48.0,0 days 00:01:23.804000,HARD,14.0,10.0,0 days 02:02:38.055000,,False,83.804,0.4830000000000041,7358.055,5.5
COL,49.0,0 days 00:01:26.127000,HARD,15.0,10.0,0 days 02:04:04.182000,,False,86.127,2.3229999999999933,7444.182,8.635000000000218
COL,50.0,0 days 00:01:23.737000,HARD,16.0,10.0,0 days 02:05:27.919000,,False,83.737,-2.3900000000000006,7527.919,9.260000000000218
COL,51.0,0 days 00:01:23.535000,HARD,17.0,10.0,0 days 02:06:51.454000,,False,83.535,-0.20199999999999818,7611.454,9.603000000000065
COL,52.0,0 days 00:01:23.784000,HARD,18.0,10.0,0 days 02:08:15.238000,,False,83.784,0.24900000000000944,7695.238,8.838999999999942
COL,53.0,0 days 00:01:25.140000,HARD,19.0,10.0,0 days 02:09:40.378000,,False,85.14,1.3559999999999945,7780.378,8.981999999999971
COL,54.0,0 days 00:01:23.870000,HARD,20.0,10.0,0 days 02:11:04.248000,,False,83.87,-1.269999999999996,7864.248,9.425999999999476
COL,55.0,0 days 00:01:23.930000,HARD,21.0,10.0,0 days 02:12:28.178000,,False,83.93,0.060000000000002274,7948.178,9.981999999999971
COL,56.0,0 days 00:01:23.686000,HARD,22.0,10.0,0 days 02:13:51.864000,,False,83.686,-0.24399999999999977,8031.864,10.640999999999622
COL,57.0,0 days 00:01:23.489000,HARD,23.0,10.0,0 days 02:15:15.353000,,False,83.489,-0.19700000000000273,8115.353,11.123999999999796
COL,58.0,0 days 00:01:23.571000,HARD,24.0,10.0,0 days 02:16:38.924000,,False,83.571,0.08199999999999363,8198.924,11.562000000000808
COL,59.0,0 days 00:01:23.639000,HARD,25.0,10.0,0 days 02:18:02.563000,,False,83.639,0.06799999999999784,8282.563,12.019000000000233
COL,60.0,0 days 00:01:24.007000,HARD,26.0,10.0,0 days 02:19:26.570000,,False,84.007,0.3680000000000092,8366.57,12.734000000000378
COL,61.0,0 days 00:01:40.235000,HARD,27.0,10.0,0 days 02:21:06.805000,,False,100.235,16.227999999999994,8466.805,18.713999999999942
COL,62.0,0 days 00:01:45.758000,HARD,28.0,9.0,0 days 02:22:52.563000,,False,105.758,5.522999999999996,8572.563,17.022000000000844
COL,63.0,0 days 00:01:38.332000,HARD,29.0,8.0,0 days 02:24:30.895000,,False,98.332,-7.426000000000002,8670.895,12.569000000001324
COL,64.0,0 days 00:01:24.152000,HARD,30.0,8.0,0 days 02:25:55.047000,,False,84.152,-14.179999999999993,8755.047,13.435999999999694
COL,65.0,0 days 00:01:24.264000,HARD,31.0,8.0,0 days 02:27:19.311000,,False,84.264,0.11199999999999477,8839.311,14.07799999999952
GAS,1.0,0 days 00:01:32.099000,MEDIUM,1.0,12.0,0 days 00:55:13.438000,,False,92.099,,3313.438,0.6489999999998872
GAS,2.0,0 days 00:01:24.303000,MEDIUM,2.0,12.0,0 days 00:56:37.741000,,False,84.303,-7.7960000000000065,3397.741,0.6920000000000073
GAS,3.0,0 days 00:01:24.219000,MEDIUM,3.0,12.0,0 days 00:58:01.960000,,False,84.219,-0.08400000000000318,3481.96,0.5509999999999309
GAS,4.0,0 days 00:01:24.527000,MEDIUM,4.0,12.0,0 days 00:59:26.487000,,False,84.527,0.30800000000000693,3566.487,0.68100000000004
GAS,5.0,0 days 00:01:25.097000,MEDIUM,5.0,12.0,0 days 01:00:51.584000,,False,85.097,0.5699999999999932,3651.584,0.8689999999996871
GAS,6.0,0 days 00:01:25.808000,MEDIUM,6.0,13.0,0 days 01:02:17.392000,,False,85.808,0.7110000000000127,3737.392,0.9549999999999272
GAS,7.0,0 days 00:01:25.386000,MEDIUM,7.0,13.0,0 days 01:03:42.778000,,False,85.386,-0.42200000000001125,3822.778,0.6759999999999309
GAS,8.0,0 days 00:01:25.720000,MEDIUM,8.0,13.0,0 days 01:05:08.498000,,False,85.72,0.3340000000000032,3908.498,0.8350000000000364
GAS,9.0,0 days 00:01:26.054000,MEDIUM,9.0,13.0,0 days 01:06:34.552000,,False,86.054,0.3340000000000032,3994.552,0.7049999999999272
GAS,10.0,0 days 00:01:26.055000,MEDIUM,10.0,13.0,0 days 01:08:00.607000,,False,86.055,0.0010000000000047748,4080.607,0.6579999999999018
GAS,11.0,0 days 00:01:25.954000,MEDIUM,11.0,13.0,0 days 01:09:26.561000,,False,85.954,-0.1010000000000133,4166.561,0.9020000000000437
GAS,12.0,0 days 00:01:25.806000,MEDIUM,12.0,11.0,0 days 01:10:52.367000,,False,85.806,-0.14799999999999613,4252.367,2.242000000000189
GAS,13.0,0 days 00:01:25.798000,MEDIUM,13.0,11.0,0 days 01:12:18.165000,,False,85.798,-0.007999999999995566,4338.165,1.655999999999949
GAS,14.0,0 days 00:01:29.745000,MEDIUM,14.0,10.0,0 days 01:13:47.910000,0 days 01:13:45.183000,True,89.745,3.9470000000000027,4427.91,5.7150000000001455
GAS,15.0,0 days 00:01:42.799000,HARD,1.0,15.0,0 days 01:15:30.709000,,False,102.799,13.054000000000002,4530.709,3.9960000000000946
GAS,16.0,0 days 00:01:23.023000,HARD,2.0,14.0,0 days 01:16:53.732000,,False,83.023,-19.77600000000001,4613.732,2.6840000000001965
GAS,17.0,0 days 00:01:23.237000,HARD,3.0,14.0,0 days 01:18:16.969000,,False,83.237,0.21399999999999864,4696.969,1.587999999999738
GAS,18.0,0 days 00:01:23.512000,HARD,4.0,13.0,0 days 01:19:40.481000,,False,83.512,0.2750000000000057,4780.481,1.0349999999998545
GAS,19.0,0 days 00:01:23.619000,HARD,5.0,12.0,0 days 01:21:04.100000,,False,83.619,0.10699999999999932,4864.1,1.9920000000001892
GAS,20.0,0 days 00:01:23.826000,HARD,6.0,12.0,0 days 01:22:27.926000,,False,83.826,0.20699999999999363,4947.926,1.5800000000008367
GAS,21.0,0 days 00:01:23.789000,HARD,7.0,12.0,0 days 01:23:51.715000,,False,83.789,-0.03699999999999193,5031.715,1.2979999999997744
GAS,22.0,0 days 00:01:23.988000,HARD,8.0,12.0,0 days 01:25:15.703000,,False,83.988,0.19899999999999807,5115.703,1.022000000000844
GAS,23.0,0 days 00:01:24.096000,HARD,9.0,11.0,0 days 01:26:39.799000,,False,84.096,0.10800000000000409,5199.799,1.018000000000029
GAS,24.0,0 days 00:01:25.127000,HARD,10.0,11.0,0 days 01:28:04.926000,,False,85.127,1.0309999999999917,5284.926,0.8850000000002183
GAS,25.0,0 days 00:01:24.606000,HARD,11.0,11.0,0 days 01:29:29.532000,,False,84.606,-0.5210000000000008,5369.532,0.8840000000000146
GAS,26.0,0 days 00:01:24.652000,HARD,12.0,11.0,0 days 01:30:54.184000,,False,84.652,0.04600000000000648,5454.184,0.8640000000004875
GAS,27.0,0 days 00:01:25.125000,HARD,13.0,11.0,0 days 01:32:19.309000,,False,85.125,0.472999999999999,5539.309,1.2160000000003492
GAS,28.0,0 days 00:01:25.143000,HARD,14.0,11.0,0 days 01:33:44.452000,,False,85.143,0.018000000000000682,5624.452,1.2539999999999054
GAS,29.0,0 days 00:01:24.775000,HARD,15.0,10.0,0 days 01:35:09.227000,,False,84.775,-0.367999999999995,5709.227,2.0029999999997017
GAS,30.0,0 days 00:01:24.587000,HARD,16.0,10.0,0 days 01:36:33.814000,,False,84.587,-0.1880000000000024,5793.814,1.5570000000006985
GAS,31.0,0 days 00:01:24.734000,HARD,17.0,10.0,0 days 01:37:58.548000,,False,84.734,0.14699999999999136,5878.548,1.1880000000001019
GAS,32.0,0 days 00:01:24.877000,HARD,18.0,10.0,0 days 01:39:23.425000,,False,84.877,0.14300000000000068,5963.425,0.9310000000004948
GAS,33.0,0 days 00:01:25.359000,HARD,19.0,10.0,0 days 01:40:48.784000,,False,85.359,0.4819999999999993,6048.784,1.019999999999527
GAS,34.0,0 days 00:01:25.113000,HARD,20.0,10.0,0 days 01:42:13.897000,,False,85.113,-0.2459999999999951,6133.897,0.8270000000002256
GAS,35.0,0 days 00:01:25.068000,HARD,21.0,9.0,0 days 01:43:38.965000,,False,85.068,-0.045000000000001705,6218.965,11.938000000000102
GAS,36.0,0 days 00:01:24.317000,HARD,22.0,9.0,0 days 01:45:03.282000,,False,84.317,-0.7510000000000048,6303.282,14.02599999999984
GAS,37.0,0 days 00:01:25.105000,HARD,23.0,9.0,0 days 01:46:28.387000,,False,85.105,0.7880000000000109,6388.387,16.99199999999928
GAS,38.0,0 days 00:01:26.733000,HARD,24.0,9.0,0 days 01:47:55.120000,,False,86.733,1.6280000000000001,6475.12,21.626000000000204
GAS,39.0,0 days 00:01:28.674000,HARD,25.0,9.0,0 days 01:49:23.794000,,False,88.674,1.9410000000000025,6563.794,28.243999999999687
GAS,40.0,0 days 00:01:48.520000,HARD,26.0,9.0,0 days 01:51:12.314000,0 days 01:51:09.651000,True,108.52,19.84599999999999,6672.314,33.70800000000054
GAS,41.0,0 days 00:01:43.400000,HARD,1.0,9.0,0 days 01:52:55.714000,,False,103.4,-5.11999999999999,6775.714,39.990999999999985
GAS,42.0,0 days 00:01:21.708000,HARD,2.0,9.0,0 days 01:54:17.422000,,False,81.708,-21.692000000000007,6857.422,39.11399999999958
GAS,43.0,0 days 00:01:21.960000,HARD,3.0,9.0,0 days 01:55:39.382000,,False,81.96,0.25199999999999534,6939.382,38.891999999999825
GAS,44.0,0 days 00:01:22.014000,HARD,4.0,9.0,0 days 01:57:01.396000,,False,82.014,0.054000000000002046,7021.396,38.590000000000146
GAS,45.0,0 days 00:01:22.691000,HARD,5.0,9.0,0 days 01:58:24.087000,,False,82.691,0.6770000000000067,7104.087,38.96900000000005
GAS,46.0,0 days 00:01:22.562000,HARD,6.0,9.0,0 days 01:59:46.649000,,False,82.562,-0.1290000000000049,7186.649,39.10500000000047
GAS,47.0,0 days 00:01:23.116000,HARD,7.0,9.0,0 days 02:01:09.765000,,False,83.116,0.554000000000002,7269.765,39.67700000000059
GAS,48.0,0 days 00:01:22.790000,HARD,8.0,9.0,0 days 02:02:32.555000,,False,82.79,-0.3259999999999934,7352.555,40.465000000000146
GAS,49.0,0 days 00:01:22.992000,HARD,9.0,9.0,0 days 02:03:55.547000,,False,82.992,0.20199999999999818,7435.547,40.97999999999956
GAS,50.0,0 days 00:01:23.112000,HARD,10.0,9.0,0 days 02:05:18.659000,,False,83.112,0.11999999999999034,7518.659,41.737999999999374
GAS,51.0,0 days 00:01:23.192000,HARD,11.0,9.0,0 days 02:06:41.851000,,False,83.192,0.0799999999999983,7601.851,42.27799999999934
GAS,52.0,0 days 00:01:24.548000,HARD,12.0,9.0,0 days 02:08:06.399000,,False,84.548,1.3560000000000088,7686.399,43.762000000000626
GAS,53.0,0 days 00:01:24.997000,HARD,13.0,9.0,0 days 02:09:31.396000,,False,84.997,0.44899999999999807,7771.396,45.9399999999996
GAS,54.0,0 days 00:01:23.426000,HARD,14.0,9.0,0 days 02:10:54.822000,,False,83.426,-1.570999999999998,7854.822,46.39400000000023
GAS,55.0,0 days 00:01:23.374000,HARD,15.0,9.0,0 days 02:12:18.196000,,False,83.374,-0.05200000000000671,7938.196,46.76599999999962
GAS,56.0,0 days 00:01:23.027000,HARD,16.0,9.0,0 days 02:13:41.223000,,False,83.027,-0.3469999999999942,8021.223,45.73099999999977
GAS,57.0,0 days 00:01:23.006000,HARD,17.0,9.0,0 days 02:15:04.229000,,False,83.006,-0.021000000000000796,8104.229,43.85500000000047
GAS,58.0,0 days 00:01:23.133000,HARD,18.0,9.0,0 days 02:16:27.362000,,False,83.133,0.12699999999999534,8187.362,39.210000000000036
GAS,59.0,0 days 00:01:23.182000,HARD,19.0,9.0,0 days 02:17:50.544000,,False,83.182,0.049000000000006594,8270.544,22.063000000000102
GAS,60.0,0 days 00:01:23.292000,HARD,20.0,9.0,0 days 02:19:13.836000,,False,83.292,0.10999999999999943,8353.836,25.204999999999927
GAS,61.0,0 days 00:01:34.255000,HARD,21.0,9.0,0 days 02:20:48.091000,,False,94.255,10.962999999999994,8448.091,34.809000000001106
GAS,62.0,0 days 00:01:47.450000,HARD,22.0,8.0,0 days 02:22:35.541000,,False,107.45,13.195000000000007,8555.541,33.92999999999847
GAS,63.0,0 days 00:01:42.785000,HARD,23.0,7.0,0 days 02:24:18.326000,,False,102.785,-4.665000000000006,8658.326,28.886999999998807
GAS,64.0,0 days 00:01:23.285000,HARD,24.0,7.0,0 days 02:25:41.611000,,False,83.285,-19.5,8741.611,28.65400000000045
GAS,65.0,0 days 00:01:23.622000,HARD,25.0,7.0,0 days 02:27:05.233000,,False,83.622,0.3370000000000033,8825.233,31.162000000000262
HAD,1.0,0 days 00:01:33.015000,MEDIUM,1.0,14.0,0 days 00:55:14.354000,,False,93.015,,3314.354,0.5309999999999491
HAD,2.0,0 days 00:01:24.536000,MEDIUM,2.0,14.0,0 days 00:56:38.890000,,False,84.536,-8.479,3398.89,0.28099999999994907
HAD,3.0,0 days 00:01:23.843000,MEDIUM,3.0,13.0,0 days 00:58:02.733000,,False,83.843,-0.6929999999999978,3482.733,0.7730000000001382
HAD,4.0,0 days 00:01:24.407000,MEDIUM,4.0,13.0,0 days 00:59:27.140000,,False,84.407,0.563999999999993,3567.14,0.6529999999997926
HAD,5.0,0 days 00:01:24.798000,MEDIUM,5.0,13.0,0 days 01:00:51.938000,,False,84.798,0.39100000000000534,3651.938,0.3540000000002692
HAD,6.0,0 days 00:01:24.499000,MEDIUM,6.0,12.0,0 days 01:02:16.437000,,False,84.499,-0.2990000000000066,3736.437,0.7739999999998872
HAD,7.0,0 days 00:01:24.577000,MEDIUM,7.0,11.0,0 days 01:03:41.014000,,False,84.577,0.07800000000000296,3821.014,0.5640000000003056
HAD,8.0,0 days 00:01:25.342000,MEDIUM,8.0,11.0,0 days 01:05:06.356000,,False,85.342,0.7650000000000006,3906.356,0.43800000000010186
HAD,9.0,0 days 00:01:25.914000,MEDIUM,9.0,11.0,0 days 01:06:32.270000,,False,85.914,0.5720000000000027,3992.27,0.5590000000001965
HAD,10.0,0 days 00:01:24.509000,MEDIUM,10.0,10.0,0 days 01:07:56.779000,,False,84.509,-1.4050000000000011,4076.779,2.657000000000153
HAD,11.0,0 days 00:01:24.531000,MEDIUM,11.0,9.0,0 days 01:09:21.310000,,False,84.531,0.02200000000000557,4161.31,1.8010000000003856
HAD,12.0,0 days 00:01:25.087000,MEDIUM,12.0,9.0,0 days 01:10:46.397000,,False,85.087,0.5559999999999974,4246.397,1.143000000000029
HAD,13.0,0 days 00:01:25.071000,MEDIUM,13.0,7.0,0 days 01:12:11.468000,,False,85.071,-0.016000000000005343,4331.468,9.55199999999968
HAD,14.0,0 days 00:01:25.294000,MEDIUM,14.0,8.0,0 days 01:13:36.762000,,False,85.294,0.22299999999999898,4416.762,1.7409999999999854
HAD,15.0,0 days 00:01:28.080000,MEDIUM,15.0,7.0,0 days 01:15:04.842000,0 days 01:15:02.065000,True,88.08,2.7860000000000014,4504.842,7.903999999999542
HAD,16.0,0 days 00:01:42.237000,HARD,1.0,11.0,0 days 01:16:47.079000,,False,102.237,14.156999999999996,4607.079,0.2599999999993088
HAD,17.0,0 days 00:01:22.786000,HARD,2.0,9.0,0 days 01:18:09.865000,,False,82.786,-19.450999999999993,4689.865,9.949999999999818
HAD,18.0,0 days 00:01:21.835000,HARD,3.0,9.0,0 days 01:19:31.700000,,False,81.835,-0.9510000000000076,4771.7,6.273000000000138
HAD,19.0,0 days 00:01:22.223000,HARD,4.0,9.0,0 days 01:20:53.923000,,False,82.223,0.38800000000000523,4853.923,2.6829999999999927
HAD,20.0,0 days 00:01:23.578000,HARD,5.0,9.0,0 days 01:22:17.501000,,False,83.578,1.355000000000004,4937.501,0.14500000000043656
HAD,21.0,0 days 00:01:22.920000,HARD,6.0,8.0,0 days 01:23:40.421000,,False,82.92,-0.6580000000000013,5020.421,19.176000000000386
HAD,22.0,0 days 00:01:22.778000,HARD,7.0,8.0,0 days 01:25:03.199000,,False,82.778,-0.1419999999999959,5103.199,19.016999999999825
HAD,23.0,0 days 00:01:22.951000,HARD,8.0,8.0,0 days 01:26:26.150000,,False,82.951,0.1729999999999876,5186.15,19.06999999999971
HAD,24.0,0 days 00:01:22.994000,HARD,9.0,8.0,0 days 01:27:49.144000,,False,82.994,0.043000000000006366,5269.144,19.157000000000153
HAD,25.0,0 days 00:01:23.272000,HARD,10.0,8.0,0 days 01:29:12.416000,,False,83.272,0.2780000000000058,5352.416,19.39100000000053
HAD,26.0,0 days 00:01:23.259000,HARD,11.0,8.0,0 days 01:30:35.675000,,False,83.259,-0.01300000000000523,5435.675,19.878999999999905
HAD,27.0,0 days 00:01:23.282000,HARD,12.0,8.0,0 days 01:31:58.957000,,False,83.282,0.022999999999996135,5518.957,20.3100000000004
HAD,28.0,0 days 00:01:23.703000,HARD,13.0,8.0,0 days 01:33:22.660000,,False,83.703,0.4210000000000065,5602.66,20.44799999999941
HAD,29.0,0 days 00:01:23.758000,HARD,14.0,8.0,0 days 01:34:46.418000,,False,83.758,0.05499999999999261,5686.418,20.813999999999396
HAD,30.0,0 days 00:01:24.178000,HARD,15.0,8.0,0 days 01:36:10.596000,,False,84.178,0.4200000000000017,5770.596,7.1299999999992
HAD,31.0,0 days 00:01:24.568000,HARD,16.0,8.0,0 days 01:37:35.164000,,False,84.568,0.39000000000000057,5855.164,10.475999999999658
HAD,32.0,0 days 00:01:27.725000,HARD,17.0,8.0,0 days 01:39:02.889000,0 days 01:39:00.179000,True,87.725,3.1569999999999965,5942.889,16.480999999999767
HAD,33.0,0 days 00:01:41.002000,HARD,1.0,8.0,0 days 01:40:43.891000,,False,101.002,13.277000000000001,6043.891,35.93799999999919
HAD,34.0,0 days 00:01:21.140000,HARD,2.0,8.0,0 days 01:42:05.031000,,False,81.14,-19.861999999999995,6125.031,35.248999999999796
HAD,35.0,0 days 00:01:21.996000,HARD,3.0,8.0,0 days 01:43:27.027000,,False,81.996,0.8559999999999945,6207.027,35.47100000000046
HAD,36.0,0 days 00:01:22.229000,HARD,4.0,8.0,0 days 01:44:49.256000,,False,82.229,0.2330000000000041,6289.256,35.57900000000063
HAD,37.0,0 days 00:01:22.139000,HARD,5.0,8.0,0 days 01:46:11.395000,,False,82.139,-0.09000000000000341,6371.395,16.24000000000069
HAD,38.0,0 days 00:01:22.099000,HARD,6.0,8.0,0 days 01:47:33.494000,,False,82.099,-0.03999999999999204,6453.494,16.225999999999658
HAD,39.0,0 days 00:01:22.056000,HARD,7.0,8.0,0 days 01:48:55.550000,,False,82.056,-0.043000000000006366,6535.55,16.208999999999833
HAD,40.0,0 days 00:01:43.056000,HARD,8.0,8.0,0 days 01:50:38.606000,,False,103.056,21.0,6638.606,22.617999999999483
HAD,41.0,0 days 00:01:37.117000,HARD,9.0,8.0,0 days 01:52:15.723000,,False,97.117,-5.938999999999993,6735.723,16.77300000000014
HAD,42.0,0 days 00:01:22.585000,HARD,10.0,8.0,0 days 01:53:38.308000,,False,82.585,-14.53200000000001,6818.308,18.271999999999935
HAD,43.0,0 days 00:01:22.182000,HARD,11.0,8.0,0 days 01:55:00.490000,,False,82.182,-0.4029999999999916,6900.49,19.479999999999563
HAD,44.0,0 days 00:01:22.316000,HARD,12.0,8.0,0 days 01:56:22.806000,,False,82.316,0.13400000000000034,6982.806,20.592999999999847
HAD,45.0,0 days 00:01:22.312000,HARD,13.0,8.0,0 days 01:57:45.118000,,False,82.312,-0.0040000000000048885,7065.118,21.96600000000035
HAD,46.0,0 days 00:01:22.426000,HARD,14.0,8.0,0 days 01:59:07.544000,,False,82.426,0.11400000000000432,7147.544,23.55699999999979
HAD,47.0,0 days 00:01:22.544000,HARD,15.0,8.0,0 days 02:00:30.088000,,False,82.544,0.117999999999995,7230.088,25.10699999999997
HAD,48.0,0 days 00:01:22.002000,HARD,16.0,8.0,0 days 02:01:52.090000,,False,82.002,-0.5420000000000016,7312.09,25.8100000000004
HAD,49.0,0 days 00:01:22.477000,HARD,17.0,8.0,0 days 02:03:14.567000,,False,82.477,0.4750000000000085,7394.567,27.140000000000327
HAD,50.0,0 days 00:01:22.354000,HARD,18.0,8.0,0 days 02:04:36.921000,,False,82.354,-0.12300000000000466,7476.921,26.645000000000437
HAD,51.0,0 days 00:01:22.652000,HARD,19.0,8.0,0 days 02:05:59.573000,,False,82.652,0.2980000000000018,7559.573,27.39300000000003
HAD,52.0,0 days 00:01:23.064000,HARD,20.0,8.0,0 days 02:07:22.637000,,False,83.064,0.41199999999999193,7642.637,28.09099999999944
HAD,53.0,0 days 00:01:22.819000,HARD,21.0,8.0,0 days 02:08:45.456000,,False,82.819,-0.24499999999999034,7725.456,28.868000000000393
HAD,54.0,0 days 00:01:22.972000,HARD,22.0,8.0,0 days 02:10:08.428000,,False,82.972,0.1529999999999916,7808.428,29.547999999999774
HAD,55.0,0 days 00:01:23.002000,HARD,23.0,8.0,0 days 02:11:31.430000,,False,83.002,0.030000000000001137,7891.43,30.181000000000495
HAD,56.0,0 days 00:01:24.062000,HARD,24.0,8.0,0 days 02:12:55.492000,,False,84.062,1.0600000000000023,7975.492,32.10400000000027
HAD,57.0,0 days 00:01:24.882000,HARD,25.0,8.0,0 days 02:14:20.374000,,False,84.882,0.8200000000000074,8060.374,34.81700000000001
HAD,58.0,0 days 00:01:27.778000,HARD,26.0,8.0,0 days 02:15:48.152000,0 days 02:15:45.431000,True,87.778,2.896000000000001,8148.152,39.8720000000003
HAD,59.0,0 days 00:01:40.329000,SOFT,4.0,8.0,0 days 02:17:28.481000,,False,100.329,12.550999999999988,8248.481,56.972999999999956
HAD,60.0,0 days 00:01:20.150000,SOFT,5.0,8.0,0 days 02:18:48.631000,,False,80.15,-20.178999999999988,8328.631,54.576999999999316
HAD,61.0,0 days 00:01:24.651000,SOFT,6.0,8.0,0 days 02:20:13.282000,,False,84.651,4.500999999999991,8413.282,56.55699999999888
HAD,62.0,0 days 00:01:48.329000,SOFT,7.0,7.0,0 days 02:22:01.611000,,False,108.329,23.677999999999997,8521.611,48.57500000000073
HAD,63.0,0 days 00:01:47.828000,SOFT,8.0,6.0,0 days 02:23:49.439000,,False,107.828,-0.5009999999999906,8629.439,68.59000000000015
HAD,64.0,0 days 00:01:23.518000,SOFT,9.0,6.0,0 days 02:25:12.957000,,False,83.518,-24.310000000000002,8712.957,51.350000000000364
HAD,65.0,0 days 00:01:21.114000,SOFT,10.0,6.0,0 days 02:26:34.071000,,False,81.114,-2.4039999999999964,8794.071,49.13199999999961
HAM,1.0,0 days 00:01:25.639000,SOFT,3.0,2.0,0 days 00:55:06.978000,,False,85.639,,3306.978,1.2210000000000036
HAM,2.0,0 days 00:01:21.710000,SOFT,4.0,2.0,0 days 00:56:28.688000,,False,81.71,-3.929000000000002,3388.688,1.41800000000012
HAM,3.0,0 days 00:01:22.070000,SOFT,5.0,2.0,0 days 00:57:50.758000,,False,82.07,0.35999999999999943,3470.758,2.0090000000000146
HAM,4.0,0 days 00:01:22.579000,SOFT,6.0,2.0,0 days 00:59:13.337000,,False,82.579,0.5090000000000003,3553.337,2.543999999999869
HAM,5.0,0 days 00:01:22.302000,SOFT,7.0,2.0,0 days 01:00:35.639000,,False,82.302,-0.2769999999999868,3635.639,2.419000000000324
HAM,6.0,0 days 00:01:22.890000,SOFT,8.0,2.0,0 days 01:01:58.529000,,False,82.89,0.5879999999999939,3718.529,2.8359999999997854
HAM,7.0,0 days 00:01:22.937000,SOFT,9.0,2.0,0 days 01:03:21.466000,,False,82.937,0.046999999999997044,3801.466,3.0859999999997854
HAM,8.0,0 days 00:01:23.351000,SOFT,10.0,2.0,0 days 01:04:44.817000,,False,83.351,0.4140000000000015,3884.817,3.1840000000001965
HAM,9.0,0 days 00:01:23.462000,SOFT,11.0,2.0,0 days 01:06:08.279000,,False,83.462,0.1110000000000042,3968.279,3.4479999999998654
HAM,10.0,0 days 00:01:23.576000,SOFT,12.0,2.0,0 days 01:07:31.855000,,False,83.576,0.11399999999999011,4051.855,3.5140000000001237
HAM,11.0,0 days 00:01:27.828000,SOFT,13.0,4.0,0 days 01:08:59.683000,0 days 01:08:57.031000,True,87.828,4.2520000000000095,4139.683,0.21699999999964348
HAM,12.0,0 days 00:01:40.800000,HARD,1.0,7.0,0 days 01:10:40.483000,,False,100.8,12.971999999999994,4240.483,8.462999999999738
HAM,13.0,0 days 00:01:21.433000,HARD,2.0,6.0,0 days 01:12:01.916000,,False,81.433,-19.36699999999999,4321.916,1.4459999999999127
HAM,14.0,0 days 00:01:22.075000,HARD,3.0,5.0,0 days 01:13:23.991000,,False,82.075,0.6419999999999959,4403.991,0.09500000000025466
HAM,15.0,0 days 00:01:21.911000,HARD,4.0,3.0,0 days 01:14:45.902000,,False,81.911,-0.16400000000000148,4485.902,1.6700000000000728
HAM,16.0,0 days 00:01:22.151000,HARD,5.0,3.0,0 days 01:16:08.053000,,False,82.151,0.23999999999999488,4568.053,0.20499999999992724
HAM,17.0,0 days 00:01:22.001000,HARD,6.0,2.0,0 days 01:17:30.054000,,False,82.001,-0.14999999999999147,4650.054,1.8950000000004366
HAM,18.0,0 days 00:01:22.165000,HARD,7.0,2.0,0 days 01:18:52.219000,,False,82.165,0.16400000000000148,4732.219,1.9570000000003347
HAM,19.0,0 days 00:01:22.464000,HARD,8.0,2.0,0 days 01:20:14.683000,,False,82.464,0.2989999999999924,4814.683,1.9750000000003638
HAM,20.0,0 days 00:01:22.618000,HARD,9.0,2.0,0 days 01:21:37.301000,,False,82.618,0.15399999999999636,4897.301,2.0800000000008367
HAM,21.0,0 days 00:01:22.728000,HARD,10.0,2.0,0 days 01:23:00.029000,,False,82.728,0.10999999999999943,4980.029,2.2520000000004075
HAM,22.0,0 days 00:01:22.891000,HARD,11.0,2.0,0 days 01:24:22.920000,,False,82.891,0.16300000000001091,5062.92,2.4179999999996653
HAM,23.0,0 days 00:01:22.926000,HARD,12.0,2.0,0 days 01:25:45.846000,,False,82.926,0.03499999999999659,5145.846,2.089999999999236
HAM,24.0,0 days 00:01:22.889000,HARD,13.0,2.0,0 days 01:27:08.735000,,False,82.889,-0.03700000000000614,5228.735,2.175999999999476
HAM,25.0,0 days 00:01:23.265000,HARD,14.0,2.0,0 days 01:28:32,,False,83.265,0.3760000000000048,5312.0,2.4149999999999636
HAM,26.0,0 days 00:01:23.331000,HARD,15.0,2.0,0 days 01:29:55.331000,,False,83.331,0.0660000000000025,5395.331,2.837999999999738
HAM,27.0,0 days 00:01:27.024000,HARD,16.0,4.0,0 days 01:31:22.355000,0 days 01:31:19.621000,True,87.024,3.692999999999998,5482.355,0.8329999999996289
HAM,28.0,0 days 00:01:39.857000,MEDIUM,1.0,7.0,0 days 01:33:02.212000,,False,99.857,12.832999999999998,5582.212,0.2820000000001528
HAM,29.0,0 days 00:01:20.633000,MEDIUM,2.0,6.0,0 days 01:34:22.845000,,False,80.633,-19.224000000000004,5662.845,1.893000000000029
HAM,30.0,0 days 00:01:20.910000,MEDIUM,3.0,5.0,0 days 01:35:43.755000,,False,80.91,0.277000000000001,5743.755,2.6419999999998254
HAM,31.0,0 days 00:01:20.725000,MEDIUM,4.0,5.0,0 days 01:37:04.480000,,False,80.725,-0.18500000000000227,5824.48,0.5139999999992142
HAM,32.0,0 days 00:01:20.855000,MEDIUM,5.0,4.0,0 days 01:38:25.335000,,False,80.855,0.13000000000000966,5905.335,8.198999999999614
HAM,33.0,0 days 00:01:21.077000,MEDIUM,6.0,4.0,0 days 01:39:46.412000,,False,81.077,0.2219999999999942,5986.412,6.427000000000589
HAM,34.0,0 days 00:01:20.954000,MEDIUM,7.0,4.0,0 days 01:41:07.366000,,False,80.954,-0.12300000000000466,6067.366,4.265999999999622
HAM,35.0,0 days 00:01:21.151000,MEDIUM,8.0,3.0,0 days 01:42:28.517000,,False,81.151,0.19700000000000273,6148.517,7.050999999999476
HAM,36.0,0 days 00:01:21.227000,MEDIUM,9.0,3.0,0 days 01:43:49.744000,,False,81.227,0.07600000000000762,6229.744,1.1229999999995925
HAM,37.0,0 days 00:01:20.979000,MEDIUM,10.0,2.0,0 days 01:45:10.723000,,False,80.979,-0.24800000000000466,6310.723,0.14000000000032742
HAM,38.0,0 days 00:01:21.360000,MEDIUM,11.0,1.0,0 days 01:46:32.083000,,False,81.36,0.3810000000000002,6392.083,0.0
HAM,39.0,0 days 00:01:21.859000,MEDIUM,12.0,1.0,0 days 01:47:53.942000,,False,81.859,0.4989999999999952,6473.942,0.0
HAM,40.0,0 days 00:01:21.679000,MEDIUM,13.0,1.0,0 days 01:49:15.621000,,False,81.679,-0.1799999999999926,6555.621,0.0
HAM,41.0,0 days 00:01:50.885000,MEDIUM,14.0,1.0,0 days 01:51:06.506000,0 days 01:51:03.817000,True,110.885,29.206000000000003,6666.506,0.0
HAM,42.0,0 days 00:01:41.055000,HARD,1.0,1.0,0 days 01:52:47.561000,,False,101.055,-9.829999999999998,6767.561,0.0
HAM,43.0,0 days 00:01:20.314000,HARD,2.0,1.0,0 days 01:54:07.875000,,False,80.314,-20.741000000000014,6847.875,0.0
HAM,44.0,0 days 00:01:20.122000,HARD,3.0,1.0,0 days 01:55:27.997000,,False,80.122,-0.19199999999999307,6927.997,0.0
HAM,45.0,0 days 00:01:20.129000,HARD,4.0,1.0,0 days 01:56:48.126000,,False,80.129,0.007000000000005002,7008.126,0.0
HAM,46.0,0 days 00:01:20.369000,HARD,5.0,1.0,0 days 01:58:08.495000,,False,80.369,0.23999999999999488,7088.495,0.0
HAM,47.0,0 days 00:01:20.182000,HARD,6.0,1.0,0 days 01:59:28.677000,,False,80.182,-0.1869999999999976,7168.677,0.0
HAM,48.0,0 days 00:01:20.313000,HARD,7.0,1.0,0 days 02:00:48.990000,,False,80.313,0.13100000000000023,7248.99,0.0
HAM,49.0,0 days 00:01:20.880000,HARD,8.0,1.0,0 days 02:02:09.870000,,False,80.88,0.5669999999999931,7329.87,0.0
HAM,50.0,0 days 00:01:20.293000,HARD,9.0,1.0,0 days 02:03:30.163000,,False,80.293,-0.5869999999999891,7410.163,0.0
HAM,51.0,0 days 00:01:20.987000,HARD,10.0,1.0,0 days 02:04:51.150000,,False,80.987,0.6939999999999884,7491.15,0.0
HAM,52.0,0 days 00:01:20.771000,HARD,11.0,1.0,0 days 02:06:11.921000,,False,80.771,-0.21599999999999397,7571.921,0.0
HAM,53.0,0 days 00:01:21.266000,HARD,12.0,1.0,0 days 02:07:33.187000,,False,81.266,0.49500000000000455,7653.187,0.0
HAM,54.0,0 days 00:01:20.980000,HARD,13.0,1.0,0 days 02:08:54.167000,,False,80.98,-0.28600000000000136,7734.167,0.0
HAM,55.0,0 days 00:01:21.064000,HARD,14.0,1.0,0 days 02:10:15.231000,,False,81.064,0.08399999999998897,7815.231,0.0
HAM,56.0,0 days 00:01:21.083000,HARD,15.0,1.0,0 days 02:11:36.314000,,False,81.083,0.019000000000005457,7896.314,0.0
HAM,57.0,0 days 00:01:21.413000,HARD,16.0,1.0,0 days 02:12:57.727000,,False,81.413,0.3299999999999983,7977.727,0.0
HAM,58.0,0 days 00:01:21.502000,HARD,17.0,1.0,0 days 02:14:19.229000,,False,81.502,0.08899999999999864,8059.229,0.0
HAM,59.0,0 days 00:01:21.111000,HARD,18.0,1.0,0 days 02:15:40.340000,,False,81.111,-0.39099999999999113,8140.34,0.0
HAM,60.0,0 days 00:01:21.170000,HARD,19.0,1.0,0 days 02:17:01.510000,,False,81.17,0.0589999999999975,8221.51,0.0
HAM,61.0,0 days 00:01:21.406000,HARD,20.0,1.0,0 days 02:18:22.916000,,False,81.406,0.2360000000000042,8302.916,0.0
HAM,62.0,0 days 00:01:21.374000,HARD,21.0,1.0,0 days 02:19:44.290000,,False,81.374,-0.03200000000001069,8384.29,0.0
HAM,63.0,0 days 00:01:43.064000,HARD,22.0,1.0,0 days 02:21:27.354000,,False,103.064,21.689999999999998,8487.354,0.0
HAM,64.0,0 days 00:01:47.326000,HARD,23.0,1.0,0 days 02:23:14.680000,,False,107.326,4.2620000000000005,8594.68,0.0
HAM,65.0,0 days 00:01:32.659000,HARD,24.0,1.0,0 days 02:24:47.339000,,False,92.659,-14.666999999999987,8687.339,0.0
HAM,66.0,0 days 00:01:22.105000,HARD,25.0,1.0,0 days 02:26:09.444000,,False,82.105,-10.554000000000002,8769.444,0.0
HUL,1.0,0 days 00:01:30.923000,SOFT,1.0,10.0,0 days 00:55:12.262000,,False,90.923,,3312.262,0.32100000000036744
HUL,2.0,0 days 00:01:23.447000,SOFT,2.0,9.0,0 days 00:56:35.709000,,False,83.447,-7.475999999999999,3395.709,0.5139999999996689
HUL,3.0,0 days 00:01:24,SOFT,3.0,9.0,0 days 00:57:59.709000,,False,84.0,0.5529999999999973,3479.709,0.7739999999998872
HUL,4.0,0 days 00:01:23.806000,SOFT,4.0,9.0,0 days 00:59:23.515000,,False,83.806,-0.19400000000000261,3563.515,0.7119999999999891
HUL,5.0,0 days 00:01:24.387000,SOFT,5.0,9.0,0 days 01:00:47.902000,,False,84.387,0.5810000000000031,3647.902,0.724999999999909
HUL,6.0,0 days 00:01:25.236000,SOFT,6.0,9.0,0 days 01:02:13.138000,,False,85.236,0.8490000000000038,3733.138,0.7579999999998108
HUL,7.0,0 days 00:01:25.328000,SOFT,7.0,9.0,0 days 01:03:38.466000,,False,85.328,0.09199999999999875,3818.466,1.3029999999998836
HUL,8.0,0 days 00:01:25.106000,SOFT,8.0,9.0,0 days 01:05:03.572000,,False,85.106,-0.2220000000000084,3903.572,1.099999999999909
HUL,9.0,0 days 00:01:25.099000,SOFT,9.0,9.0,0 days 01:06:28.671000,,False,85.099,-0.006999999999990791,3988.671,1.013999999999669
HUL,10.0,0 days 00:01:25.451000,SOFT,10.0,9.0,0 days 01:07:54.122000,,False,85.451,0.35199999999998965,4074.122,1.1759999999999309
HUL,11.0,0 days 00:01:25.387000,SOFT,11.0,8.0,0 days 01:09:19.509000,,False,85.387,-0.06399999999999295,4159.509,12.27099999999973
HUL,12.0,0 days 00:01:25.745000,SOFT,12.0,8.0,0 days 01:10:45.254000,,False,85.745,0.3580000000000041,4245.254,4.770999999999731
HUL,13.0,0 days 00:01:29.911000,SOFT,13.0,9.0,0 days 01:12:15.165000,0 days 01:12:12.256000,True,89.911,4.165999999999997,4335.165,2.0479999999997744
HUL,14.0,0 days 00:01:44.738000,HARD,1.0,15.0,0 days 01:13:59.903000,,False,104.738,14.826999999999998,4439.903,2.0570000000006985
HUL,15.0,0 days 00:01:24.779000,HARD,2.0,13.0,0 days 01:15:24.682000,,False,84.779,-19.959000000000003,4524.682,1.1499999999996362
HUL,16.0,0 days 00:01:24.126000,HARD,3.0,12.0,0 days 01:16:48.808000,,False,84.126,-0.6529999999999916,4608.808,1.7290000000002692
HUL,17.0,0 days 00:01:24.467000,HARD,4.0,12.0,0 days 01:18:13.275000,,False,84.467,0.340999999999994,4693.275,1.26299999999992
HUL,18.0,0 days 00:01:24.879000,HARD,5.0,11.0,0 days 01:19:38.154000,,False,84.879,0.41200000000000614,4778.154,0.8140000000003056
HUL,19.0,0 days 00:01:23.954000,HARD,6.0,11.0,0 days 01:21:02.108000,,False,83.954,-0.9250000000000114,4862.108,0.7430000000003929
HUL,20.0,0 days 00:01:24.238000,HARD,7.0,11.0,0 days 01:22:26.346000,,False,84.238,0.284000000000006,4946.346,0.9109999999991487
HUL,21.0,0 days 00:01:24.071000,HARD,8.0,11.0,0 days 01:23:50.417000,,False,84.071,-0.1670000000000016,5030.417,0.9050000000006548
HUL,22.0,0 days 00:01:24.026000,HARD,9.0,10.0,0 days 01:25:14.443000,,False,84.026,-0.045000000000001705,5114.443,0.6050000000004729
HUL,23.0,0 days 00:01:24.338000,HARD,10.0,10.0,0 days 01:26:38.781000,,False,84.338,0.3119999999999976,5198.781,0.49399999999968713
HUL,24.0,0 days 00:01:25.260000,HARD,11.0,10.0,0 days 01:28:04.041000,,False,85.26,0.9220000000000113,5284.041,0.7240000000001601
HUL,25.0,0 days 00:01:24.607000,HARD,12.0,10.0,0 days 01:29:28.648000,,False,84.607,-0.6530000000000058,5368.648,0.8360000000002401
HUL,26.0,0 days 00:01:24.672000,HARD,13.0,10.0,0 days 01:30:53.320000,,False,84.672,0.06499999999999773,5453.32,0.5670000000000073
HUL,27.0,0 days 00:01:24.773000,HARD,14.0,10.0,0 days 01:32:18.093000,,False,84.773,0.10099999999999909,5538.093,0.657999999999447
HUL,28.0,0 days 00:01:25.105000,HARD,15.0,10.0,0 days 01:33:43.198000,,False,85.105,0.33200000000000784,5623.198,0.875
HUL,29.0,0 days 00:01:35.736000,HARD,16.0,12.0,0 days 01:35:18.934000,0 days 01:35:15.503000,True,95.736,10.631,5718.934,8.36200000000008
LAW,1.0,0 days 00:01:30.071000,MEDIUM,1.0,8.0,0 days 00:55:11.410000,,False,90.071,,3311.41,0.7100000000000364
LAW,2.0,0 days 00:01:23.785000,MEDIUM,2.0,8.0,0 days 00:56:35.195000,,False,83.785,-6.286000000000001,3395.195,1.61200000000008
LAW,3.0,0 days 00:01:23.740000,MEDIUM,3.0,8.0,0 days 00:57:58.935000,,False,83.74,-0.045000000000001705,3478.935,2.701999999999771
LAW,4.0,0 days 00:01:23.868000,MEDIUM,4.0,8.0,0 days 00:59:22.803000,,False,83.868,0.1280000000000001,3562.803,3.655999999999949
LAW,5.0,0 days 00:01:24.374000,MEDIUM,5.0,8.0,0 days 01:00:47.177000,,False,84.374,0.5060000000000002,3647.177,4.967000000000098
LAW,6.0,0 days 00:01:25.203000,MEDIUM,6.0,8.0,0 days 01:02:12.380000,,False,85.203,0.8290000000000077,3732.38,6.335000000000036
LAW,7.0,0 days 00:01:24.783000,MEDIUM,7.0,8.0,0 days 01:03:37.163000,,False,84.783,-0.4200000000000017,3817.163,8.016000000000076
LAW,8.0,0 days 00:01:25.309000,MEDIUM,8.0,8.0,0 days 01:05:02.472000,,False,85.309,0.5259999999999962,3902.472,8.2800000000002
LAW,9.0,0 days 00:01:25.185000,MEDIUM,9.0,8.0,0 days 01:06:27.657000,,False,85.185,-0.12399999999999523,3987.657,8.917000000000371
LAW,10.0,0 days 00:01:25.289000,MEDIUM,10.0,8.0,0 days 01:07:52.946000,,False,85.289,0.1039999999999992,4072.946,9.804999999999836
LAW,11.0,0 days 00:01:29.068000,MEDIUM,11.0,10.0,0 days 01:09:22.014000,0 days 01:09:19.384000,True,89.068,3.7789999999999964,4162.014,0.7039999999997235
LAW,12.0,0 days 00:01:46.877000,HARD,1.0,18.0,0 days 01:11:08.891000,,False,106.877,17.808999999999997,4268.891,6.964999999999236
LAW,13.0,0 days 00:01:24.085000,HARD,2.0,17.0,0 days 01:12:32.976000,,False,84.085,-22.792,4352.976,0.6769999999996799
LAW,14.0,0 days 00:01:24.870000,HARD,3.0,14.0,0 days 01:13:57.846000,,False,84.87,0.7850000000000108,4437.846,4.119999999999891
LAW,15.0,0 days 00:01:24.567000,HARD,4.0,11.0,0 days 01:15:22.413000,,False,84.567,-0.3030000000000115,4522.413,4.8419999999996435
LAW,16.0,0 days 00:01:24.406000,HARD,5.0,10.0,0 days 01:16:46.819000,,False,84.406,-0.16099999999998715,4606.819,2.7630000000008295
LAW,17.0,0 days 00:01:25.193000,HARD,6.0,11.0,0 days 01:18:12.012000,,False,85.193,0.7869999999999919,4692.012,1.2489999999997963
LAW,18.0,0 days 00:01:25.328000,HARD,7.0,10.0,0 days 01:19:37.340000,,False,85.328,0.13500000000000512,4777.34,5.640000000000327
LAW,19.0,0 days 00:01:24.025000,HARD,8.0,10.0,0 days 01:21:01.365000,,False,84.025,-1.3029999999999973,4861.365,7.442000000000007
LAW,20.0,0 days 00:01:24.070000,HARD,9.0,10.0,0 days 01:22:25.435000,,False,84.07,0.044999999999987494,4945.435,7.9340000000001965
LAW,21.0,0 days 00:01:24.077000,HARD,10.0,10.0,0 days 01:23:49.512000,,False,84.077,0.007000000000005002,5029.512,4.938999999999396
LAW,22.0,0 days 00:01:24.326000,HARD,11.0,9.0,0 days 01:25:13.838000,,False,84.326,0.24899999999999523,5113.838,10.639000000000124
LAW,23.0,0 days 00:01:24.449000,HARD,12.0,9.0,0 days 01:26:38.287000,,False,84.449,0.12300000000000466,5198.287,12.137000000000626
LAW,24.0,0 days 00:01:25.030000,HARD,13.0,9.0,0 days 01:28:03.317000,,False,85.03,0.5810000000000031,5283.317,14.172999999999774
LAW,25.0,0 days 00:01:24.495000,HARD,14.0,9.0,0 days 01:29:27.812000,,False,84.495,-0.5349999999999966,5367.812,15.39599999999973
LAW,26.0,0 days 00:01:24.941000,HARD,15.0,9.0,0 days 01:30:52.753000,,False,84.941,0.44599999999999795,5452.753,17.07799999999952
LAW,27.0,0 days 00:01:24.682000,HARD,16.0,9.0,0 days 01:32:17.435000,,False,84.682,-0.25900000000000034,5537.435,18.478000000000065
LAW,28.0,0 days 00:01:24.888000,HARD,17.0,9.0,0 days 01:33:42.323000,,False,84.888,0.20600000000000307,5622.323,19.663000000000466
LAW,29.0,0 days 00:01:24.901000,HARD,18.0,9.0,0 days 01:35:07.224000,,False,84.901,0.012999999999991019,5707.224,20.806000000000495
LAW,30.0,0 days 00:01:25.033000,HARD,19.0,9.0,0 days 01:36:32.257000,,False,85.033,0.132000000000005,5792.257,21.661000000000058
LAW,31.0,0 days 00:01:25.103000,HARD,20.0,9.0,0 days 01:37:57.360000,,False,85.103,0.06999999999999318,5877.36,22.195999999999913
LAW,32.0,0 days 00:01:25.134000,HARD,21.0,9.0,0 days 01:39:22.494000,,False,85.134,0.03100000000000591,5962.494,19.604999999999563
LAW,33.0,0 days 00:01:25.270000,HARD,22.0,9.0,0 days 01:40:47.764000,,False,85.27,0.13599999999999568,6047.764,3.873000000000502
LAW,34.0,0 days 00:01:25.306000,HARD,23.0,9.0,0 days 01:42:13.070000,,False,85.306,0.036000000000001364,6133.07,8.03899999999976
LAW,35.0,0 days 00:01:29.233000,HARD,24.0,10.0,0 days 01:43:42.303000,0 days 01:43:39.629000,True,89.233,3.9270000000000067,6222.303,3.337999999999738
LAW,36.0,0 days 00:01:43.904000,HARD,1.0,12.0,0 days 01:45:26.207000,,False,103.904,14.670999999999992,6326.207,1.8029999999998836
LAW,37.0,0 days 00:01:26.413000,HARD,2.0,12.0,0 days 01:46:52.620000,,False,86.413,-17.491,6412.62,4.675999999999476
LAW,38.0,0 days 00:01:23.223000,HARD,3.0,11.0,0 days 01:48:15.843000,,False,83.223,-3.1899999999999977,6495.843,1.9880000000002838
LAW,39.0,0 days 00:01:30.459000,HARD,4.0,11.0,0 days 01:49:46.302000,,False,90.459,7.236000000000004,6586.302,1.9929999999994834
LAW,40.0,0 days 00:01:47.158000,HARD,5.0,11.0,0 days 01:51:33.460000,,False,107.158,16.698999999999998,6693.46,2.7799999999997453
LAW,41.0,0 days 00:01:27.148000,HARD,6.0,11.0,0 days 01:53:00.608000,,False,87.148,-20.010000000000005,6780.608,3.0830000000005384
LAW,42.0,0 days 00:01:22.964000,HARD,7.0,11.0,0 days 01:54:23.572000,,False,82.964,-4.1839999999999975,6863.572,3.3950000000004366
LAW,43.0,0 days 00:01:22.829000,HARD,8.0,11.0,0 days 01:55:46.401000,,False,82.829,-0.13500000000000512,6946.401,3.774999999999636
LAW,44.0,0 days 00:01:22.886000,HARD,9.0,11.0,0 days 01:57:09.287000,,False,82.886,0.05700000000000216,7029.287,4.152000000000044
LAW,45.0,0 days 00:01:22.691000,HARD,10.0,11.0,0 days 01:58:31.978000,,False,82.691,-0.19499999999999318,7111.978,4.161000000000058
LAW,46.0,0 days 00:01:22.708000,HARD,11.0,11.0,0 days 01:59:54.686000,,False,82.708,0.016999999999995907,7194.686,3.7559999999994034
LAW,47.0,0 days 00:01:25.417000,HARD,12.0,11.0,0 days 02:01:20.103000,,False,85.417,2.709000000000003,7280.103,5.851999999999862
LAW,48.0,0 days 00:01:23.166000,HARD,13.0,11.0,0 days 02:02:43.269000,,False,83.166,-2.2510000000000048,7363.269,5.213999999999942
LAW,49.0,0 days 00:01:23.428000,HARD,14.0,11.0,0 days 02:04:06.697000,,False,83.428,0.26200000000000045,7446.697,2.5150000000003274
LAW,50.0,0 days 00:01:23.455000,HARD,15.0,11.0,0 days 02:05:30.152000,,False,83.455,0.027000000000001023,7530.152,2.2330000000001746
LAW,51.0,0 days 00:01:25.233000,HARD,16.0,11.0,0 days 02:06:55.385000,,False,85.233,1.7780000000000058,7615.385,3.9310000000004948
LAW,52.0,0 days 00:01:23.668000,HARD,17.0,11.0,0 days 02:08:19.053000,,False,83.668,-1.5649999999999977,7699.053,3.8149999999996
LAW,53.0,0 days 00:01:23.447000,HARD,18.0,11.0,0 days 02:09:42.500000,,False,83.447,-0.22100000000000364,7782.5,2.1220000000002983
LAW,54.0,0 days 00:01:23.643000,HARD,19.0,11.0,0 days 02:11:06.143000,,False,83.643,0.19599999999999795,7866.143,1.8950000000004366
LAW,55.0,0 days 00:01:24.251000,HARD,20.0,11.0,0 days 02:12:30.394000,,False,84.251,0.6080000000000041,7950.394,2.2160000000003492
LAW,56.0,0 days 00:01:23.904000,HARD,21.0,11.0,0 days 02:13:54.298000,,False,83.904,-0.3470000000000084,8034.298,2.4340000000001965
LAW,57.0,0 days 00:01:23.666000,HARD,22.0,11.0,0 days 02:15:17.964000,,False,83.666,-0.23799999999999955,8117.964,2.6109999999998763
LAW,58.0,0 days 00:01:23.586000,HARD,23.0,11.0,0 days 02:16:41.550000,,False,83.586,-0.0799999999999983,8201.55,2.6259999999983847
LAW,59.0,0 days 00:01:23.527000,HARD,24.0,11.0,0 days 02:18:05.077000,,False,83.527,-0.0589999999999975,8285.077,2.513999999999214
LAW,60.0,0 days 00:01:23.625000,HARD,25.0,11.0,0 days 02:19:28.702000,,False,83.625,0.09799999999999898,8368.702,2.131999999999607
LAW,61.0,0 days 00:01:40.559000,HARD,26.0,11.0,0 days 02:21:09.261000,,False,100.559,16.933999999999997,8469.261,2.456000000000131
LAW,62.0,0 days 00:01:46.592000,HARD,27.0,10.0,0 days 02:22:55.853000,,False,106.592,6.033000000000001,8575.853,3.289999999999054
LAW,63.0,0 days 00:01:37.267000,HARD,28.0,9.0,0 days 02:24:33.120000,,False,97.267,-9.325000000000003,8673.12,2.225000000000364
LAW,64.0,0 days 00:01:23.887000,HARD,29.0,9.0,0 days 02:25:57.007000,,False,83.887,-13.379999999999995,8757.007,1.9599999999991269
LAW,65.0,0 days 00:01:24.661000,HARD,30.0,9.0,0 days 02:27:21.668000,,False,84.661,0.7740000000000009,8841.668,2.356999999999971
LEC,1.0,0 days 00:01:29.361000,MEDIUM,1.0,7.0,0 days 00:55:10.700000,,False,89.361,,3310.7,0.7909999999997126
LEC,2.0,0 days 00:01:22.883000,MEDIUM,2.0,7.0,0 days 00:56:33.583000,,False,82.883,-6.478000000000009,3393.583,1.0010000000002037
LEC,3.0,0 days 00:01:22.650000,MEDIUM,3.0,7.0,0 days 00:57:56.233000,,False,82.65,-0.23299999999998988,3476.233,0.7110000000002401
LEC,4.0,0 days 00:01:22.914000,MEDIUM,4.0,7.0,0 days 00:59:19.147000,,False,82.914,0.2639999999999958,3559.147,0.5709999999999127
LEC,5.0,0 days 00:01:23.063000,MEDIUM,5.0,7.0,0 days 01:00:42.210000,,False,83.063,0.1490000000000009,3642.21,0.3919999999998254
LEC,6.0,0 days 00:01:23.835000,MEDIUM,6.0,7.0,0 days 01:02:06.045000,,False,83.835,0.7719999999999914,3726.045,0.9290000000000873
LEC,7.0,0 days 00:01:23.102000,MEDIUM,7.0,7.0,0 days 01:03:29.147000,,False,83.102,-0.7329999999999899,3809.147,0.4619999999999891
LEC,8.0,0 days 00:01:23.402000,MEDIUM,8.0,6.0,0 days 01:04:52.549000,,False,83.402,0.29999999999999716,3892.549,1.481999999999971
LEC,9.0,0 days 00:01:23.561000,MEDIUM,9.0,6.0,0 days 01:06:16.110000,,False,83.561,0.15900000000000603,3976.11,1.0740000000000691
LEC,10.0,0 days 00:01:23.800000,MEDIUM,10.0,6.0,0 days 01:07:39.910000,,False,83.8,0.2389999999999901,4059.91,0.5609999999996944
LEC,11.0,0 days 00:01:24.178000,MEDIUM,11.0,6.0,0 days 01:09:04.088000,,False,84.178,0.3780000000000001,4144.088,0.5619999999998981
LEC,12.0,0 days 00:01:24.300000,MEDIUM,12.0,4.0,0 days 01:10:28.388000,,False,84.3,0.12199999999999989,4228.388,5.304000000000087
LEC,13.0,0 days 00:01:23.510000,MEDIUM,13.0,3.0,0 days 01:11:51.898000,,False,83.51,-0.789999999999992,4311.898,0.9679999999998472
LEC,14.0,0 days 00:01:23.996000,MEDIUM,14.0,2.0,0 days 01:13:15.894000,,False,83.996,0.48599999999999,4395.894,4.3510000000005675
LEC,15.0,0 days 00:01:24.039000,MEDIUM,15.0,1.0,0 days 01:14:39.933000,,False,84.039,0.043000000000006366,4479.933,0.0
LEC,16.0,0 days 00:01:27.915000,MEDIUM,16.0,2.0,0 days 01:16:07.848000,0 days 01:16:05.172000,True,87.915,3.8760000000000048,4567.848,1.4549999999999272
LEC,17.0,0 days 00:01:41.974000,HARD,1.0,6.0,0 days 01:17:49.822000,,False,101.974,14.058999999999997,4669.822,8.365999999999985
LEC,18.0,0 days 00:01:22.198000,HARD,2.0,6.0,0 days 01:19:12.020000,,False,82.198,-19.77600000000001,4752.02,8.077000000000226
LEC,19.0,0 days 00:01:21.985000,HARD,3.0,6.0,0 days 01:20:34.005000,,False,81.985,-0.21299999999999386,4834.005,7.53899999999976
LEC,20.0,0 days 00:01:21.753000,HARD,4.0,6.0,0 days 01:21:55.758000,,False,81.753,-0.23199999999999932,4915.758,6.421999999999571
LEC,21.0,0 days 00:01:21.589000,HARD,5.0,6.0,0 days 01:23:17.347000,,False,81.589,-0.16400000000000148,4997.347,5.1340000000000146
LEC,22.0,0 days 00:01:22.011000,HARD,6.0,6.0,0 days 01:24:39.358000,,False,82.011,0.42199999999999704,5079.358,4.324000000000524
LEC,23.0,0 days 00:01:21.864000,HARD,7.0,6.0,0 days 01:26:01.222000,,False,81.864,-0.14699999999999136,5161.222,3.3809999999994034
LEC,24.0,0 days 00:01:22.463000,HARD,8.0,6.0,0 days 01:27:23.685000,,False,82.463,0.5989999999999895,5243.685,3.0330000000003565
LEC,25.0,0 days 00:01:22.600000,HARD,9.0,6.0,0 days 01:28:46.285000,,False,82.6,0.13700000000000045,5326.285,2.5789999999997235
LEC,26.0,0 days 00:01:22.735000,HARD,10.0,6.0,0 days 01:30:09.020000,,False,82.735,0.13500000000000512,5409.02,2.1020000000007713
LEC,27.0,0 days 00:01:23.196000,HARD,11.0,6.0,0 days 01:31:32.216000,,False,83.196,0.4609999999999985,5492.216,1.8150000000005093
LEC,28.0,0 days 00:01:23.068000,HARD,12.0,5.0,0 days 01:32:55.284000,,False,83.068,-0.1280000000000001,5575.284,1.5739999999996144
LEC,29.0,0 days 00:01:23.124000,HARD,13.0,4.0,0 days 01:34:18.408000,,False,83.124,0.055999999999997385,5658.408,10.972000000000662
LEC,30.0,0 days 00:01:22.705000,HARD,14.0,4.0,0 days 01:35:41.113000,,False,82.705,-0.41899999999999693,5741.113,10.52100000000064
LEC,31.0,0 days 00:01:22.853000,HARD,15.0,4.0,0 days 01:37:03.966000,,False,82.853,0.14799999999999613,5823.966,10.42700000000059
LEC,32.0,0 days 00:01:24.187000,HARD,16.0,5.0,0 days 01:38:28.153000,,False,84.187,1.3340000000000032,5908.153,2.818000000000211
LEC,33.0,0 days 00:01:23.328000,HARD,17.0,5.0,0 days 01:39:51.481000,,False,83.328,-0.8589999999999947,5991.481,5.068999999999505
LEC,34.0,0 days 00:01:22.962000,HARD,18.0,5.0,0 days 01:41:14.443000,,False,82.962,-0.36599999999999966,6074.443,7.0770000000002256
LEC,35.0,0 days 00:01:23.040000,HARD,19.0,5.0,0 days 01:42:37.483000,,False,83.04,0.07800000000000296,6157.483,7.083999999999833
LEC,36.0,0 days 00:01:22.768000,HARD,20.0,4.0,0 days 01:44:00.251000,,False,82.768,-0.27200000000000557,6240.251,10.507000000000517
LEC,37.0,0 days 00:01:23.024000,HARD,21.0,3.0,0 days 01:45:23.275000,,False,83.024,0.2560000000000002,6323.275,12.55199999999968
LEC,38.0,0 days 00:01:23.515000,HARD,22.0,2.0,0 days 01:46:46.790000,,False,83.515,0.49099999999999966,6406.79,14.707000000000335
LEC,39.0,0 days 00:01:28.314000,HARD,23.0,5.0,0 days 01:48:15.104000,0 days 01:48:12.486000,True,88.314,4.798999999999992,6495.104,2.2340000000003783
LEC,40.0,0 days 00:01:54.194000,HARD,1.0,6.0,0 days 01:50:09.298000,,False,114.194,25.88000000000001,6609.298,17.047999999999774
LEC,41.0,0 days 00:01:44.778000,HARD,2.0,6.0,0 days 01:51:54.076000,,False,104.778,-9.415999999999997,6714.076,1.0460000000002765
LEC,42.0,0 days 00:01:20.627000,HARD,3.0,6.0,0 days 01:53:14.703000,,False,80.627,-24.15100000000001,6794.703,1.443000000000211
LEC,43.0,0 days 00:01:20.999000,HARD,4.0,6.0,0 days 01:54:35.702000,,False,80.999,0.3719999999999999,6875.702,1.9080000000003565
LEC,44.0,0 days 00:01:20.740000,HARD,5.0,6.0,0 days 01:55:56.442000,,False,80.74,-0.25900000000000034,6956.442,1.9570000000003347
LEC,45.0,0 days 00:01:20.881000,HARD,6.0,6.0,0 days 01:57:17.323000,,False,80.881,0.14100000000000534,7037.323,2.0570000000006985
LEC,46.0,0 days 00:01:20.458000,HARD,7.0,6.0,0 days 01:58:37.781000,,False,80.458,-0.4230000000000018,7117.781,2.0479999999997744
LEC,47.0,0 days 00:01:20.379000,HARD,8.0,6.0,0 days 01:59:58.160000,,False,80.379,-0.07899999999999352,7198.16,1.5770000000002256
LEC,48.0,0 days 00:01:21.017000,HARD,9.0,6.0,0 days 02:01:19.177000,,False,81.017,0.637999999999991,7279.177,1.6159999999999854
LEC,49.0,0 days 00:01:20.884000,HARD,10.0,6.0,0 days 02:02:40.061000,,False,80.884,-0.13299999999999557,7360.061,1.3959999999997308
LEC,50.0,0 days 00:01:22.376000,HARD,11.0,6.0,0 days 02:04:02.437000,,False,82.376,1.4920000000000044,7442.437,1.9790000000002692
LEC,51.0,0 days 00:01:21.681000,HARD,12.0,6.0,0 days 02:05:24.118000,,False,81.681,-0.6950000000000074,7524.118,2.3760000000002037
LEC,52.0,0 days 00:01:22.154000,HARD,13.0,6.0,0 days 02:06:46.272000,,False,82.154,0.472999999999999,7606.272,3.0559999999995853
LEC,53.0,0 days 00:01:21.875000,HARD,14.0,6.0,0 days 02:08:08.147000,,False,81.875,-0.27899999999999636,7688.147,3.6790000000000873
LEC,54.0,0 days 00:01:22.010000,HARD,15.0,6.0,0 days 02:09:30.157000,,False,82.01,0.13500000000000512,7770.157,4.180000000000291
LEC,55.0,0 days 00:01:22.015000,HARD,16.0,6.0,0 days 02:10:52.172000,,False,82.015,0.0049999999999954525,7852.172,4.643999999999323
LEC,56.0,0 days 00:01:22.768000,HARD,17.0,6.0,0 days 02:12:14.940000,,False,82.768,0.7530000000000001,7934.94,5.799999999999272
LEC,57.0,0 days 00:01:22.450000,HARD,18.0,6.0,0 days 02:13:37.390000,,False,82.45,-0.31799999999999784,8017.39,6.744999999999891
LEC,58.0,0 days 00:01:22.265000,HARD,19.0,6.0,0 days 02:14:59.655000,,False,82.265,-0.18500000000000227,8099.655,7.114999999999782
LEC,59.0,0 days 00:01:22.196000,HARD,20.0,6.0,0 days 02:16:21.851000,,False,82.196,-0.06900000000000261,8181.851,7.24199999999928
LEC,60.0,0 days 00:01:23.072000,HARD,21.0,6.0,0 days 02:17:44.923000,,False,83.072,0.8760000000000048,8264.923,7.793000000001484
LEC,61.0,0 days 00:01:22.855000,HARD,22.0,6.0,0 days 02:19:07.778000,,False,82.855,-0.21699999999999875,8347.778,8.137000000000626
LEC,62.0,0 days 00:02:05.258000,HARD,23.0,6.0,0 days 02:21:13.036000,0 days 02:21:10.063000,True,125.258,42.40299999999999,8473.036,20.199000000000524
LIN,1.0,0 days 00:01:30.602000,MEDIUM,1.0,9.0,0 days 00:55:11.941000,,False,90.602,,3311.941,0.5309999999999491
LIN,2.0,0 days 00:01:24.617000,MEDIUM,2.0,10.0,0 days 00:56:36.558000,,False,84.617,-5.984999999999999,3396.558,0.8490000000001601
LIN,3.0,0 days 00:01:24.071000,MEDIUM,3.0,10.0,0 days 00:58:00.629000,,False,84.071,-0.5460000000000065,3480.629,0.9200000000000728
LIN,4.0,0 days 00:01:24.305000,MEDIUM,4.0,10.0,0 days 00:59:24.934000,,False,84.305,0.23400000000000887,3564.934,1.4190000000003238
LIN,5.0,0 days 00:01:24.576000,MEDIUM,5.0,10.0,0 days 01:00:49.510000,,False,84.576,0.2709999999999866,3649.51,1.6080000000001746
LIN,6.0,0 days 00:01:25.414000,MEDIUM,6.0,10.0,0 days 01:02:14.924000,,False,85.414,0.8380000000000081,3734.924,1.7860000000000582
LIN,7.0,0 days 00:01:25.526000,MEDIUM,7.0,10.0,0 days 01:03:40.450000,,False,85.526,0.11199999999999477,3820.45,1.9839999999999236
LIN,8.0,0 days 00:01:25.468000,MEDIUM,8.0,10.0,0 days 01:05:05.918000,,False,85.468,-0.057999999999992724,3905.918,2.3460000000000036
LIN,9.0,0 days 00:01:25.793000,MEDIUM,9.0,10.0,0 days 01:06:31.711000,,False,85.793,0.32500000000000284,3991.711,3.0399999999999636
LIN,10.0,0 days 00:01:26.713000,MEDIUM,10.0,11.0,0 days 01:07:58.424000,,False,86.713,0.9199999999999875,4078.424,1.6449999999999818
LIN,11.0,0 days 00:01:25.886000,MEDIUM,11.0,11.0,0 days 01:09:24.310000,,False,85.886,-0.8269999999999982,4164.31,2.2960000000002765
LIN,12.0,0 days 00:01:25.815000,MEDIUM,12.0,10.0,0 days 01:10:50.125000,,False,85.815,-0.07099999999999795,4250.125,3.7280000000000655
LIN,13.0,0 days 00:01:26.384000,MEDIUM,13.0,10.0,0 days 01:12:16.509000,,False,86.384,0.5690000000000026,4336.509,1.344000000000051
LIN,14.0,0 days 00:01:25.686000,MEDIUM,14.0,9.0,0 days 01:13:42.195000,,False,85.686,-0.6979999999999933,4422.195,5.432999999999993
LIN,15.0,0 days 00:01:26.468000,MEDIUM,15.0,9.0,0 days 01:15:08.663000,,False,86.468,0.7819999999999965,4508.663,2.02599999999984
LIN,16.0,0 days 00:01:25.745000,MEDIUM,16.0,8.0,0 days 01:16:34.408000,,False,85.745,-0.722999999999999,4594.408,5.230000000000473
LIN,17.0,0 days 00:01:25.507000,MEDIUM,17.0,8.0,0 days 01:17:59.915000,,False,85.507,-0.23799999999999955,4679.915,8.50799999999981
LIN,18.0,0 days 00:01:25.512000,MEDIUM,18.0,8.0,0 days 01:19:25.427000,,False,85.512,0.0049999999999954525,4765.427,11.750999999999294
LIN,19.0,0 days 00:01:25.813000,MEDIUM,19.0,8.0,0 days 01:20:51.240000,,False,85.813,0.30100000000000193,4851.24,15.30199999999968
LIN,20.0,0 days 00:01:26.116000,MEDIUM,20.0,8.0,0 days 01:22:17.356000,,False,86.116,0.30299999999999727,4937.356,18.96900000000005
LIN,21.0,0 days 00:01:27.217000,MEDIUM,21.0,9.0,0 days 01:23:44.573000,,False,87.217,1.100999999999999,5024.573,4.152000000000044
LIN,22.0,0 days 00:01:30.108000,MEDIUM,22.0,11.0,0 days 01:25:14.681000,0 days 01:25:11.995000,True,90.108,2.8910000000000053,5114.681,0.23799999999937427
LIN,23.0,0 days 00:01:44.347000,HARD,1.0,16.0,0 days 01:26:59.028000,,False,104.347,14.23899999999999,5219.028,3.188000000000102
LIN,24.0,0 days 00:01:23.442000,HARD,2.0,16.0,0 days 01:28:22.470000,,False,83.442,-20.905,5302.47,0.6909999999998035
LIN,25.0,0 days 00:01:24.875000,HARD,3.0,16.0,0 days 01:29:47.345000,,False,84.875,1.433000000000007,5387.345,0.23400000000037835
LIN,26.0,0 days 00:01:23.586000,HARD,4.0,15.0,0 days 01:31:10.931000,,False,83.586,-1.2890000000000015,5470.931,1.905999999999949
LIN,27.0,0 days 00:01:23.707000,HARD,5.0,15.0,0 days 01:32:34.638000,,False,83.707,0.12099999999999511,5554.638,1.0190000000002328
LIN,28.0,0 days 00:01:24.491000,HARD,6.0,15.0,0 days 01:33:59.129000,,False,84.491,0.784000000000006,5639.129,0.32999999999992724
LIN,29.0,0 days 00:01:28.373000,HARD,7.0,15.0,0 days 01:35:27.502000,,False,88.373,3.882000000000005,5727.502,2.9500000000007276
LIN,30.0,0 days 00:01:24.523000,HARD,8.0,13.0,0 days 01:36:52.025000,,False,84.523,-3.8500000000000085,5812.025,0.4069999999992433
LIN,31.0,0 days 00:01:24.347000,HARD,9.0,12.0,0 days 01:38:16.372000,,False,84.347,-0.17600000000000193,5896.372,16.82300000000032
LIN,32.0,0 days 00:01:25.958000,HARD,10.0,12.0,0 days 01:39:42.330000,,False,85.958,1.6110000000000042,5982.33,18.037999999999556
LIN,33.0,0 days 00:01:24.264000,HARD,11.0,12.0,0 days 01:41:06.594000,,False,84.264,-1.6940000000000026,6066.594,16.670000000000073
LIN,34.0,0 days 00:01:25.835000,HARD,12.0,12.0,0 days 01:42:32.429000,,False,85.835,1.570999999999998,6152.429,13.85400000000027
LIN,35.0,0 days 00:01:24.255000,HARD,13.0,11.0,0 days 01:43:56.684000,,False,84.255,-1.5799999999999983,6236.684,14.381000000000313
LIN,36.0,0 days 00:01:23.839000,HARD,14.0,10.0,0 days 01:45:20.523000,,False,83.839,-0.4159999999999968,6320.523,17.240999999999985
LIN,37.0,0 days 00:01:27.334000,HARD,15.0,10.0,0 days 01:46:47.857000,0 days 01:46:45.202000,True,87.334,3.4950000000000045,6407.857,19.470000000000255
LIN,38.0,0 days 00:01:44.033000,HARD,1.0,14.0,0 days 01:48:31.890000,,False,104.033,16.698999999999998,6511.89,4.0590000000001965
LIN,39.0,0 days 00:01:34.447000,HARD,2.0,14.0,0 days 01:50:06.337000,,False,94.447,-9.585999999999999,6606.337,3.5590000000001965
LIN,40.0,0 days 00:01:45.558000,HARD,3.0,13.0,0 days 01:51:51.895000,,False,105.558,11.111000000000004,6711.895,3.769000000000233
LIN,41.0,0 days 00:01:24.998000,HARD,4.0,13.0,0 days 01:53:16.893000,,False,84.998,-20.560000000000002,6796.893,4.868999999999687
LIN,42.0,0 days 00:01:22.685000,HARD,5.0,13.0,0 days 01:54:39.578000,,False,82.685,-2.3130000000000024,6879.578,1.8760000000002037
LIN,43.0,0 days 00:01:24.130000,HARD,6.0,13.0,0 days 01:56:03.708000,,False,84.13,1.4449999999999932,6963.708,2.5239999999994325
LIN,44.0,0 days 00:01:22.665000,HARD,7.0,13.0,0 days 01:57:26.373000,,False,82.665,-1.4649999999999892,7046.373,0.46899999999914144
LIN,45.0,0 days 00:01:21.914000,HARD,8.0,12.0,0 days 01:58:48.287000,,False,81.914,-0.7510000000000048,7128.287,16.309000000000196
LIN,46.0,0 days 00:01:22.299000,HARD,9.0,12.0,0 days 02:00:10.586000,,False,82.299,0.3850000000000051,7210.586,15.900000000000546
LIN,47.0,0 days 00:01:22.528000,HARD,10.0,12.0,0 days 02:01:33.114000,,False,82.528,0.2289999999999992,7293.114,13.010999999999513
LIN,48.0,0 days 00:01:22.441000,HARD,11.0,12.0,0 days 02:02:55.555000,,False,82.441,-0.0870000000000033,7375.555,12.286000000000058
LIN,49.0,0 days 00:01:23.003000,HARD,12.0,12.0,0 days 02:04:18.558000,,False,83.003,0.5619999999999976,7458.558,11.860999999999876
LIN,50.0,0 days 00:01:23.068000,HARD,13.0,12.0,0 days 02:05:41.626000,,False,83.068,0.06499999999999773,7541.626,11.47400000000016
LIN,51.0,0 days 00:01:23.112000,HARD,14.0,12.0,0 days 02:07:04.738000,,False,83.112,0.04399999999999693,7624.738,9.353000000000065
LIN,52.0,0 days 00:01:22.969000,HARD,15.0,12.0,0 days 02:08:27.707000,,False,82.969,-0.14300000000000068,7707.707,8.654000000000451
LIN,53.0,0 days 00:01:22.941000,HARD,16.0,12.0,0 days 02:09:50.648000,,False,82.941,-0.027999999999991587,7790.648,8.148000000000138
LIN,54.0,0 days 00:01:23.173000,HARD,17.0,12.0,0 days 02:11:13.821000,,False,83.173,0.23199999999999932,7873.821,7.677999999999884
LIN,55.0,0 days 00:01:23.922000,HARD,18.0,12.0,0 days 02:12:37.743000,,False,83.922,0.7489999999999952,7957.743,7.34900000000016
LIN,56.0,0 days 00:01:23.861000,HARD,19.0,12.0,0 days 02:14:01.604000,,False,83.861,-0.06099999999999284,8041.604,7.306000000000495
LIN,57.0,0 days 00:01:23.615000,HARD,20.0,12.0,0 days 02:15:25.219000,,False,83.615,-0.24600000000000932,8125.219,7.255000000000109
LIN,58.0,0 days 00:01:23.555000,HARD,21.0,12.0,0 days 02:16:48.774000,,False,83.555,-0.05999999999998806,8208.774,7.22400000000016
LIN,59.0,0 days 00:01:23.687000,HARD,22.0,12.0,0 days 02:18:12.461000,,False,83.687,0.1319999999999908,8292.461,7.3840000000000146
LIN,60.0,0 days 00:01:23.913000,HARD,23.0,12.0,0 days 02:19:36.374000,,False,83.913,0.2259999999999991,8376.374,7.67200000000048
LIN,61.0,0 days 00:01:40.132000,HARD,24.0,12.0,0 days 02:21:16.506000,,False,100.132,16.21900000000001,8476.506,7.244999999998981
LIN,62.0,0 days 00:01:47.572000,HARD,25.0,11.0,0 days 02:23:04.078000,,False,107.572,7.439999999999998,8584.078,8.225000000000364
LIN,63.0,0 days 00:01:37.018000,HARD,26.0,10.0,0 days 02:24:41.096000,,False,97.018,-10.554000000000002,8681.096,7.9759999999987485
LIN,64.0,0 days 00:01:23.373000,HARD,27.0,10.0,0 days 02:26:04.469000,,False,83.373,-13.644999999999996,8764.469,7.461999999999534
LIN,65.0,0 days 00:01:23.049000,HARD,28.0,10.0,0 days 02:27:27.518000,,False,83.049,-0.32399999999999807,8847.518,5.850000000000364
NOR,1.0,0 days 00:01:27.198000,MEDIUM,1.0,4.0,0 days 00:55:08.537000,,False,87.198,,3308.537,0.7010000000000218
NOR,2.0,0 days 00:01:22.251000,MEDIUM,2.0,4.0,0 days 00:56:30.788000,,False,82.251,-4.9469999999999885,3390.788,0.9099999999998545
NOR,3.0,0 days 00:01:22.422000,MEDIUM,3.0,4.0,0 days 00:57:53.210000,,False,82.422,0.17099999999999227,3473.21,1.211999999999989
NOR,4.0,0 days 00:01:22.773000,MEDIUM,4.0,4.0,0 days 00:59:15.983000,,False,82.773,0.3509999999999991,3555.983,1.7140000000003965
NOR,5.0,0 days 00:01:23.287000,MEDIUM,5.0,4.0,0 days 01:00:39.270000,,False,83.287,0.51400000000001,3639.27,2.5529999999998836
NOR,6.0,0 days 00:01:23.226000,MEDIUM,6.0,4.0,0 days 01:02:02.496000,,False,83.226,-0.06100000000000705,3722.496,2.787000000000262
NOR,7.0,0 days 00:01:23.357000,MEDIUM,7.0,4.0,0 days 01:03:25.853000,,False,83.357,0.13100000000000023,3805.853,3.05600000000004
NOR,8.0,0 days 00:01:23.392000,MEDIUM,8.0,4.0,0 days 01:04:49.245000,,False,83.392,0.03499999999999659,3889.245,2.6909999999998035
NOR,9.0,0 days 00:01:23.501000,MEDIUM,9.0,4.0,0 days 01:06:12.746000,,False,83.501,0.10900000000000887,3972.746,2.632000000000062
NOR,10.0,0 days 00:01:23.319000,MEDIUM,10.0,4.0,0 days 01:07:36.065000,,False,83.319,-0.18200000000000216,4056.065,2.06899999999996
NOR,11.0,0 days 00:01:23.401000,MEDIUM,11.0,3.0,0 days 01:08:59.466000,,False,83.401,0.08199999999999363,4139.466,1.8840000000000146
NOR,12.0,0 days 00:01:23.618000,MEDIUM,12.0,3.0,0 days 01:10:23.084000,,False,83.618,0.21699999999999875,4223.084,2.1350000000002183
NOR,13.0,0 days 00:01:27.846000,MEDIUM,13.0,2.0,0 days 01:11:50.930000,0 days 01:11:48.151000,True,87.846,4.228000000000009,4310.93,6.4210000000002765
NOR,14.0,0 days 00:01:40.651000,HARD,1.0,6.0,0 days 01:13:31.581000,,False,100.651,12.804999999999993,4411.581,7.5900000000001455
NOR,15.0,0 days 00:01:22.070000,HARD,2.0,5.0,0 days 01:14:53.651000,,False,82.07,-18.581000000000003,4493.651,1.2380000000002838
NOR,16.0,0 days 00:01:22.193000,HARD,3.0,5.0,0 days 01:16:15.844000,,False,82.193,0.12300000000000466,4575.844,1.4279999999998836
NOR,17.0,0 days 00:01:21.944000,HARD,4.0,4.0,0 days 01:17:37.788000,,False,81.944,-0.24899999999999523,4657.788,1.4669999999996435
NOR,18.0,0 days 00:01:21.981000,HARD,5.0,4.0,0 days 01:18:59.769000,,False,81.981,0.03699999999999193,4739.769,1.8159999999998035
NOR,19.0,0 days 00:01:22.354000,HARD,6.0,4.0,0 days 01:20:22.123000,,False,82.354,0.37300000000000466,4822.123,2.2489999999997963
NOR,20.0,0 days 00:01:22.243000,HARD,7.0,4.0,0 days 01:21:44.366000,,False,82.243,-0.1110000000000042,4904.366,2.443000000000211
NOR,21.0,0 days 00:01:22.375000,HARD,8.0,4.0,0 days 01:23:06.741000,,False,82.375,0.132000000000005,4986.741,2.6220000000002983
NOR,22.0,0 days 00:01:22.022000,HARD,9.0,4.0,0 days 01:24:28.763000,,False,82.022,-0.35299999999999443,5068.763,2.4830000000001746
NOR,23.0,0 days 00:01:22.279000,HARD,10.0,4.0,0 days 01:25:51.042000,,False,82.279,0.2569999999999908,5151.042,2.3120000000008076
NOR,24.0,0 days 00:01:22.444000,HARD,11.0,4.0,0 days 01:27:13.486000,,False,82.444,0.16500000000000625,5233.486,1.9129999999995562
NOR,25.0,0 days 00:01:22.463000,HARD,12.0,4.0,0 days 01:28:35.949000,,False,82.463,0.018999999999991246,5315.949,1.6989999999996144
NOR,26.0,0 days 00:01:22.664000,HARD,13.0,4.0,0 days 01:29:58.613000,,False,82.664,0.20100000000000762,5398.613,1.7490000000007058
NOR,27.0,0 days 00:01:22.909000,HARD,14.0,3.0,0 days 01:31:21.522000,,False,82.909,0.24500000000000455,5481.522,1.8980000000001382
NOR,28.0,0 days 00:01:22.660000,HARD,15.0,3.0,0 days 01:32:44.182000,,False,82.66,-0.24900000000000944,5564.182,2.5029999999997017
NOR,29.0,0 days 00:01:23.254000,HARD,16.0,3.0,0 days 01:34:07.436000,,False,83.254,0.5940000000000083,5647.436,3.1340000000000146
NOR,30.0,0 days 00:01:23.156000,HARD,17.0,3.0,0 days 01:35:30.592000,,False,83.156,-0.09799999999999898,5730.592,3.787999999999556
NOR,31.0,0 days 00:01:22.947000,HARD,18.0,3.0,0 days 01:36:53.539000,,False,82.947,-0.20900000000000318,5813.539,3.895999999999731
NOR,32.0,0 days 00:01:23.597000,HARD,19.0,3.0,0 days 01:38:17.136000,,False,83.597,0.6499999999999915,5897.136,4.805000000000291
NOR,33.0,0 days 00:01:22.849000,HARD,20.0,3.0,0 days 01:39:39.985000,,False,82.849,-0.7479999999999905,5979.985,3.8969999999999345
NOR,34.0,0 days 00:01:23.115000,HARD,21.0,3.0,0 days 01:41:03.100000,,False,83.115,0.26599999999999113,6063.1,4.295000000000073
NOR,35.0,0 days 00:01:27.299000,HARD,22.0,4.0,0 days 01:42:30.399000,0 days 01:42:27.759000,True,87.299,4.184000000000012,6150.399,1.8820000000005166
NOR,36.0,0 days 00:01:39.962000,HARD,1.0,5.0,0 days 01:44:10.361000,,False,99.962,12.662999999999997,6250.361,10.109999999999673
NOR,37.0,0 days 00:01:20.232000,HARD,2.0,5.0,0 days 01:45:30.593000,,False,80.232,-19.730000000000004,6330.593,2.3400000000001455
NOR,38.0,0 days 00:01:21.112000,HARD,3.0,5.0,0 days 01:46:51.705000,,False,81.112,0.8799999999999955,6411.705,1.0270000000000437
NOR,39.0,0 days 00:01:21.165000,HARD,4.0,4.0,0 days 01:48:12.870000,,False,81.165,0.05300000000001148,6492.87,1.2929999999996653
NOR,40.0,0 days 00:01:28.389000,HARD,5.0,4.0,0 days 01:49:41.259000,,False,88.389,7.2239999999999895,6581.259,1.5339999999996508
NOR,41.0,0 days 00:01:46.938000,HARD,6.0,4.0,0 days 01:51:28.197000,,False,106.938,18.549000000000007,6688.197,2.2359999999998763
NOR,42.0,0 days 00:01:25.074000,HARD,7.0,4.0,0 days 01:52:53.271000,,False,85.074,-21.864000000000004,6773.271,1.5239999999994325
NOR,43.0,0 days 00:01:20.931000,HARD,8.0,4.0,0 days 01:54:14.202000,,False,80.931,-4.143000000000001,6854.202,1.556999999999789
NOR,44.0,0 days 00:01:20.806000,HARD,9.0,4.0,0 days 01:55:35.008000,,False,80.806,-0.125,6935.008,1.4459999999999127
NOR,45.0,0 days 00:01:20.928000,HARD,10.0,4.0,0 days 01:56:55.936000,,False,80.928,0.12199999999999989,7015.936,1.6569999999992433
NOR,46.0,0 days 00:01:20.830000,HARD,11.0,4.0,0 days 01:58:16.766000,,False,80.83,-0.09799999999999898,7096.766,1.782999999999447
NOR,47.0,0 days 00:01:20.948000,HARD,12.0,4.0,0 days 01:59:37.714000,,False,80.948,0.117999999999995,7177.714,1.863999999999578
NOR,48.0,0 days 00:01:21.200000,HARD,13.0,4.0,0 days 02:00:58.914000,,False,81.2,0.25200000000000955,7258.914,1.7359999999998763
NOR,49.0,0 days 00:01:21.262000,HARD,14.0,4.0,0 days 02:02:20.176000,,False,81.262,0.06199999999999761,7340.176,1.7690000000002328
NOR,50.0,0 days 00:01:20.962000,HARD,15.0,4.0,0 days 02:03:41.138000,,False,80.962,-0.29999999999999716,7421.138,1.3699999999998909
NOR,51.0,0 days 00:01:21.253000,HARD,16.0,4.0,0 days 02:05:02.391000,,False,81.253,0.2909999999999968,7502.391,1.264999999999418
NOR,52.0,0 days 00:01:21.606000,HARD,17.0,4.0,0 days 02:06:23.997000,,False,81.606,0.35299999999999443,7583.997,1.4210000000002765
NOR,53.0,0 days 00:01:21.811000,HARD,18.0,4.0,0 days 02:07:45.808000,,False,81.811,0.2050000000000125,7665.808,1.3230000000003201
NOR,54.0,0 days 00:01:21.809000,HARD,19.0,4.0,0 days 02:09:07.617000,,False,81.809,-0.0020000000000095497,7747.617,1.3960000000006403
NOR,55.0,0 days 00:01:21.964000,HARD,20.0,4.0,0 days 02:10:29.581000,,False,81.964,0.15500000000000114,7829.581,1.5070000000005166
NOR,56.0,0 days 00:01:22.127000,HARD,21.0,4.0,0 days 02:11:51.708000,,False,82.127,0.1629999999999967,7911.708,1.8659999999999854
NOR,57.0,0 days 00:01:22.223000,HARD,22.0,4.0,0 days 02:13:13.931000,,False,82.223,0.09600000000000364,7993.931,2.1619999999993524
NOR,58.0,0 days 00:01:22.252000,HARD,23.0,4.0,0 days 02:14:36.183000,,False,82.252,0.028999999999996362,8076.183,2.543999999999869
NOR,59.0,0 days 00:01:22.489000,HARD,24.0,4.0,0 days 02:15:58.672000,,False,82.489,0.23700000000000898,8158.672,2.9420000000000073
NOR,60.0,0 days 00:01:22.400000,HARD,25.0,4.0,0 days 02:17:21.072000,,False,82.4,-0.08899999999999864,8241.072,3.5390000000006694
NOR,61.0,0 days 00:01:23.142000,HARD,26.0,4.0,0 days 02:18:44.214000,,False,83.142,0.7419999999999902,8324.214,2.4909999999999854
NOR,62.0,0 days 00:01:22.724000,HARD,27.0,3.0,0 days 02:20:06.938000,,False,82.724,-0.41799999999999216,8406.938,2.735000000000582
NOR,63.0,0 days 00:01:49.473000,HARD,28.0,3.0,0 days 02:21:56.411000,,False,109.473,26.748999999999995,8516.411,4.658999999999651
NOR,64.0,0 days 00:01:48.341000,HARD,29.0,3.0,0 days 02:23:44.752000,,False,108.341,-1.132000000000005,8624.752,5.195999999999913
NOR,65.0,0 days 00:01:26.010000,HARD,30.0,3.0,0 days 02:25:10.762000,,False,86.01,-22.33099999999999,8710.762,4.0789999999997235
NOR,66.0,0 days 00:01:22.401000,HARD,31.0,3.0,0 days 02:26:33.163000,,False,82.401,-3.609000000000009,8793.163,4.158000000001266
OCO,1.0,0 days 00:01:33.891000,SOFT,1.0,16.0,0 days 00:55:15.230000,,False,93.891,,3315.23,0.22200000000020736
OCO,2.0,0 days 00:01:24.454000,SOFT,2.0,15.0,0 days 00:56:39.684000,,False,84.454,-9.437000000000012,3399.684,0.7940000000003238
OCO,3.0,0 days 00:01:24.984000,SOFT,3.0,15.0,0 days 00:58:04.668000,,False,84.984,0.5300000000000011,3484.668,0.7400000000002365
OCO,4.0,0 days 00:01:24.865000,SOFT,4.0,15.0,0 days 00:59:29.533000,,False,84.865,-0.11899999999999977,3569.533,0.8820000000000618
OCO,5.0,0 days 00:01:25.153000,SOFT,5.0,15.0,0 days 01:00:54.686000,,False,85.153,0.2880000000000109,3654.686,1.0360000000000582
OCO,6.0,0 days 00:01:25.635000,SOFT,6.0,15.0,0 days 01:02:20.321000,,False,85.635,0.4819999999999993,3740.321,1.393000000000029
OCO,7.0,0 days 00:01:25.854000,SOFT,7.0,15.0,0 days 01:03:46.175000,,False,85.854,0.2189999999999941,3826.175,1.6790000000000873
OCO,8.0,0 days 00:01:25.775000,SOFT,8.0,15.0,0 days 01:05:11.950000,,False,85.775,-0.07899999999999352,3911.95,1.6979999999998654
OCO,9.0,0 days 00:01:26.339000,SOFT,9.0,15.0,0 days 01:06:38.289000,,False,86.339,0.563999999999993,3998.289,1.9210000000002765
OCO,10.0,0 days 00:01:26.661000,SOFT,10.0,15.0,0 days 01:08:04.950000,,False,86.661,0.32200000000000273,4084.95,2.4409999999998035
OCO,11.0,0 days 00:01:26.644000,SOFT,11.0,15.0,0 days 01:09:31.594000,,False,86.644,-0.016999999999995907,4171.594,2.6890000000003056
OCO,12.0,0 days 00:01:26.773000,SOFT,12.0,14.0,0 days 01:10:58.367000,,False,86.773,0.12899999999999068,4258.367,3.1270000000004075
OCO,13.0,0 days 00:01:31.048000,SOFT,13.0,15.0,0 days 01:12:29.415000,0 days 01:12:26.679000,True,91.048,4.275000000000006,4349.415,2.2150000000001455
OCO,14.0,0 days 00:01:44.509000,HARD,1.0,18.0,0 days 01:14:13.924000,,False,104.509,13.460999999999999,4453.924,5.363999999999578
OCO,15.0,0 days 00:01:24.131000,HARD,2.0,18.0,0 days 01:15:38.055000,,False,84.131,-20.378,4538.055,1.7700000000004366
OCO,16.0,0 days 00:01:24.675000,HARD,3.0,16.0,0 days 01:17:02.730000,,False,84.675,0.5439999999999969,4622.73,2.3469999999997526
OCO,17.0,0 days 00:01:24.219000,HARD,4.0,16.0,0 days 01:18:26.949000,,False,84.219,-0.45600000000000307,4706.949,2.1289999999999054
OCO,18.0,0 days 00:01:24.304000,HARD,5.0,16.0,0 days 01:19:51.253000,,False,84.304,0.08500000000000796,4791.253,2.2349999999996726
OCO,19.0,0 days 00:01:24.508000,HARD,6.0,15.0,0 days 01:21:15.761000,,False,84.508,0.20399999999999352,4875.761,2.481999999999971
OCO,20.0,0 days 00:01:24.786000,HARD,7.0,15.0,0 days 01:22:40.547000,,False,84.786,0.2780000000000058,4960.547,2.857999999999265
OCO,21.0,0 days 00:01:24.765000,HARD,8.0,15.0,0 days 01:24:05.312000,,False,84.765,-0.021000000000000796,5045.312,3.024000000000342
OCO,22.0,0 days 00:01:24.981000,HARD,9.0,15.0,0 days 01:25:30.293000,,False,84.981,0.21599999999999397,5130.293,3.157999999999447
OCO,23.0,0 days 00:01:25.125000,HARD,10.0,14.0,0 days 01:26:55.418000,,False,85.125,0.14400000000000546,5215.418,3.5599999999994907
OCO,24.0,0 days 00:01:26.361000,HARD,11.0,15.0,0 days 01:28:21.779000,,False,86.361,1.2360000000000042,5301.779,1.8700000000008004
OCO,25.0,0 days 00:01:25.332000,HARD,12.0,15.0,0 days 01:29:47.111000,,False,85.332,-1.0290000000000106,5387.111,3.0029999999997017
OCO,26.0,0 days 00:01:26.423000,HARD,13.0,16.0,0 days 01:31:13.534000,,False,86.423,1.0910000000000082,5473.534,2.6030000000000655
OCO,27.0,0 days 00:01:26.674000,HARD,14.0,16.0,0 days 01:32:40.208000,,False,86.674,0.2510000000000048,5560.208,5.569999999999709
OCO,28.0,0 days 00:01:27.143000,HARD,15.0,16.0,0 days 01:34:07.351000,,False,87.143,0.4689999999999941,5647.351,8.221999999999753
OCO,29.0,0 days 00:01:26.676000,HARD,16.0,16.0,0 days 01:35:34.027000,,False,86.676,-0.46699999999999875,5734.027,6.524999999999636
OCO,30.0,0 days 00:01:26.566000,HARD,17.0,16.0,0 days 01:37:00.593000,,False,86.566,-0.10999999999999943,5820.593,2.07799999999952
OCO,31.0,0 days 00:01:26.811000,HARD,18.0,15.0,0 days 01:38:27.404000,,False,86.811,0.24500000000000455,5907.404,4.5330000000003565
OCO,32.0,0 days 00:01:27.222000,HARD,19.0,15.0,0 days 01:39:54.626000,,False,87.222,0.41099999999998715,5994.626,6.510000000000218
OCO,33.0,0 days 00:01:25.892000,HARD,20.0,15.0,0 days 01:41:20.518000,,False,85.892,-1.3299999999999983,6080.518,5.645000000000437
OCO,34.0,0 days 00:01:31.087000,HARD,21.0,15.0,0 days 01:42:51.605000,0 days 01:42:48.876000,True,91.087,5.195000000000007,6171.605,2.1369999999997162
OCO,35.0,0 days 00:01:46.543000,MEDIUM,1.0,16.0,0 days 01:44:38.148000,,False,106.543,15.456000000000003,6278.148,15.8100000000004
OCO,36.0,0 days 00:01:23.109000,MEDIUM,2.0,16.0,0 days 01:46:01.257000,,False,83.109,-23.43400000000001,6361.257,15.134999999999309
OCO,37.0,0 days 00:01:23.252000,MEDIUM,3.0,16.0,0 days 01:47:24.509000,,False,83.252,0.14300000000000068,6444.509,14.820999999999913
OCO,38.0,0 days 00:01:23.402000,MEDIUM,4.0,16.0,0 days 01:48:47.911000,,False,83.402,0.15000000000000568,6527.911,14.04700000000048
OCO,39.0,0 days 00:01:41.185000,MEDIUM,5.0,16.0,0 days 01:50:29.096000,,False,101.185,17.783,6629.096,17.26799999999912
OCO,40.0,0 days 00:01:39.739000,MEDIUM,6.0,16.0,0 days 01:52:08.835000,,False,99.739,-1.445999999999998,6728.835,9.002000000000407
OCO,41.0,0 days 00:01:23.215000,MEDIUM,7.0,16.0,0 days 01:53:32.050000,,False,83.215,-16.524,6812.05,9.733000000000175
OCO,42.0,0 days 00:01:23.222000,MEDIUM,8.0,16.0,0 days 01:54:55.272000,,False,83.222,0.006999999999990791,6895.272,10.297999999999774
OCO,43.0,0 days 00:01:23.055000,MEDIUM,9.0,16.0,0 days 01:56:18.327000,,False,83.055,-0.16699999999998738,6978.327,10.934000000000196
OCO,44.0,0 days 00:01:23.657000,MEDIUM,10.0,16.0,0 days 01:57:41.984000,,False,83.657,0.6019999999999897,7061.984,11.75800000000072
OCO,45.0,0 days 00:01:23.665000,MEDIUM,11.0,16.0,0 days 01:59:05.649000,,False,83.665,0.008000000000009777,7145.649,12.52600000000075
OCO,46.0,0 days 00:01:25.350000,MEDIUM,12.0,16.0,0 days 02:00:30.999000,,False,85.35,1.684999999999988,7230.999,14.635000000000218
OCO,47.0,0 days 00:01:23.921000,MEDIUM,13.0,16.0,0 days 02:01:54.920000,,False,83.921,-1.4289999999999878,7314.92,14.726999999999862
OCO,48.0,0 days 00:01:23.923000,MEDIUM,14.0,16.0,0 days 02:03:18.843000,,False,83.923,0.001999999999995339,7398.843,13.422999999999774
OCO,49.0,0 days 00:01:23.819000,MEDIUM,15.0,16.0,0 days 02:04:42.662000,,False,83.819,-0.1039999999999992,7482.662,12.655999999999949
OCO,50.0,0 days 00:01:24.442000,MEDIUM,16.0,16.0,0 days 02:06:07.104000,,False,84.442,0.6229999999999905,7567.104,12.941000000000713
OCO,51.0,0 days 00:01:24.641000,MEDIUM,17.0,16.0,0 days 02:07:31.745000,,False,84.641,0.19900000000001228,7651.745,13.60400000000027
OCO,52.0,0 days 00:01:25.710000,MEDIUM,18.0,16.0,0 days 02:08:57.455000,,False,85.71,1.0689999999999884,7737.455,15.220000000000255
OCO,53.0,0 days 00:01:24.940000,MEDIUM,19.0,16.0,0 days 02:10:22.395000,,False,84.94,-0.769999999999996,7822.395,11.842000000000553
OCO,54.0,0 days 00:01:24.879000,MEDIUM,20.0,15.0,0 days 02:11:47.274000,,False,84.879,-0.06099999999999284,7907.274,17.610000000000582
OCO,55.0,0 days 00:01:28.386000,MEDIUM,21.0,15.0,0 days 02:13:15.660000,,False,88.386,3.506999999999991,7995.66,18.225999999999658
OCO,56.0,0 days 00:01:25.499000,MEDIUM,22.0,15.0,0 days 02:14:41.159000,,False,85.499,-2.8870000000000005,8081.159,0.9399999999995998
OCO,57.0,0 days 00:01:26.256000,MEDIUM,23.0,16.0,0 days 02:16:07.415000,,False,86.256,0.757000000000005,8167.415,3.907000000000153
OCO,58.0,0 days 00:01:30.415000,MEDIUM,24.0,16.0,0 days 02:17:37.830000,0 days 02:17:35.085000,True,90.415,4.159000000000006,8257.83,12.261000000000422
OCO,59.0,0 days 00:01:42.395000,SOFT,1.0,16.0,0 days 02:19:20.225000,,False,102.395,11.97999999999999,8360.225,32.40099999999984
OCO,60.0,0 days 00:01:36.231000,SOFT,2.0,16.0,0 days 02:20:56.456000,,False,96.231,-6.1640000000000015,8456.456,37.66899999999987
OCO,61.0,0 days 00:01:47.338000,SOFT,3.0,15.0,0 days 02:22:43.794000,,False,107.338,11.107,8563.794,41.33599999999933
OCO,62.0,0 days 00:01:40.045000,SOFT,4.0,14.0,0 days 02:24:23.839000,,False,100.045,-7.292999999999992,8663.839,33.78600000000006
OCO,63.0,0 days 00:01:21.643000,SOFT,5.0,13.0,0 days 02:25:45.482000,,False,81.643,-18.402,8745.482,30.62199999999939
OCO,64.0,0 days 00:01:23.111000,SOFT,6.0,13.0,0 days 02:27:08.593000,,False,83.111,1.4680000000000035,8828.593,31.283000000001266
PER,1.0,0 days 00:01:34.895000,SOFT,1.0,19.0,0 days 00:55:16.234000,,False,94.895,,3316.234,0.38799999999991996
PER,2.0,0 days 00:01:25.549000,SOFT,2.0,19.0,0 days 00:56:41.783000,,False,85.549,-9.34599999999999,3401.783,0.6320000000000618
PER,3.0,0 days 00:01:25.378000,SOFT,3.0,19.0,0 days 00:58:07.161000,,False,85.378,-0.17100000000000648,3487.161,0.6860000000001492
PER,4.0,0 days 00:01:25.701000,SOFT,4.0,19.0,0 days 00:59:32.862000,,False,85.701,0.3229999999999933,3572.862,1.0670000000000073
PER,5.0,0 days 00:01:25.768000,SOFT,5.0,19.0,0 days 01:00:58.630000,,False,85.768,0.06700000000000728,3658.63,1.1280000000001564
PER,6.0,0 days 00:01:26.016000,SOFT,6.0,19.0,0 days 01:02:24.646000,,False,86.016,0.24800000000000466,3744.646,1.4640000000003965
PER,7.0,0 days 00:01:26.090000,SOFT,7.0,19.0,0 days 01:03:50.736000,,False,86.09,0.07399999999999807,3830.736,1.4459999999999127
PER,8.0,0 days 00:01:26.482000,SOFT,8.0,19.0,0 days 01:05:17.218000,,False,86.482,0.3919999999999959,3917.218,1.4899999999997817
PER,9.0,0 days 00:01:26.902000,SOFT,9.0,19.0,0 days 01:06:44.120000,,False,86.902,0.4200000000000017,4004.12,1.8040000000000873
PER,10.0,0 days 00:01:26.728000,SOFT,10.0,19.0,0 days 01:08:10.848000,,False,86.728,-0.1740000000000066,4090.848,1.9679999999998472
PER,11.0,0 days 00:01:26.990000,SOFT,11.0,19.0,0 days 01:09:37.838000,,False,86.99,0.26200000000000045,4177.838,2.480999999999767
PER,12.0,0 days 00:01:31.348000,SOFT,12.0,19.0,0 days 01:11:09.186000,0 days 01:11:06.400000,True,91.348,4.358000000000004,4269.186,0.29500000000007276
PER,13.0,0 days 00:01:46.469000,HARD,1.0,21.0,0 days 01:12:55.655000,,False,106.469,15.120999999999995,4375.655,12.233999999999469
PER,14.0,0 days 00:01:24.676000,HARD,2.0,21.0,0 days 01:14:20.331000,,False,84.676,-21.792999999999992,4460.331,1.8519999999998618
PER,15.0,0 days 00:01:24.220000,HARD,3.0,20.0,0 days 01:15:44.551000,,False,84.22,-0.45600000000000307,4544.551,1.5900000000001455
PER,16.0,0 days 00:01:25.422000,HARD,4.0,20.0,0 days 01:17:09.973000,,False,85.422,1.2019999999999982,4629.973,1.6199999999998909
PER,17.0,0 days 00:01:25.119000,HARD,5.0,20.0,0 days 01:18:35.092000,,False,85.119,-0.30299999999999727,4715.092,1.6199999999998909
PER,18.0,0 days 00:01:25.018000,HARD,6.0,20.0,0 days 01:20:00.110000,,False,85.018,-0.10099999999999909,4800.11,1.668999999999869
PER,19.0,0 days 00:01:26.249000,HARD,7.0,19.0,0 days 01:21:26.359000,,False,86.249,1.2309999999999945,4886.359,0.46600000000034925
PER,20.0,0 days 00:01:26.336000,HARD,8.0,19.0,0 days 01:22:52.695000,,False,86.336,0.0870000000000033,4972.695,1.0450000000000728
PER,21.0,0 days 00:01:25.511000,HARD,9.0,19.0,0 days 01:24:18.206000,,False,85.511,-0.8250000000000028,5058.206,2.617000000000189
PER,22.0,0 days 00:01:27.003000,HARD,10.0,19.0,0 days 01:25:45.209000,,False,87.003,1.4920000000000044,5145.209,5.335000000000036
PER,23.0,0 days 00:01:27.873000,HARD,11.0,19.0,0 days 01:27:13.082000,,False,87.873,0.8700000000000045,5233.082,7.749000000000706
PER,24.0,0 days 00:01:26.632000,HARD,12.0,19.0,0 days 01:28:39.714000,,False,86.632,-1.2409999999999997,5319.714,6.556999999999789
PER,25.0,0 days 00:01:26.239000,HARD,13.0,19.0,0 days 01:30:05.953000,,False,86.239,-0.3930000000000007,5405.953,4.777000000000044
PER,26.0,0 days 00:01:28.608000,HARD,14.0,19.0,0 days 01:31:34.561000,,False,88.608,2.3689999999999998,5494.561,8.17199999999957
PER,27.0,0 days 00:01:26.984000,HARD,15.0,19.0,0 days 01:33:01.545000,,False,86.984,-1.6240000000000094,5581.545,9.689000000000306
PER,28.0,0 days 00:01:27.363000,HARD,16.0,19.0,0 days 01:34:28.908000,,False,87.363,0.3790000000000049,5668.908,8.855000000000473
PER,29.0,0 days 00:01:26.456000,HARD,17.0,19.0,0 days 01:35:55.364000,,False,86.456,-0.9069999999999965,5755.364,4.766999999999825
PER,30.0,0 days 00:01:26.699000,HARD,18.0,17.0,0 days 01:37:22.063000,,False,86.699,0.242999999999995,5842.063,21.470000000000255
PER,31.0,0 days 00:01:31.808000,HARD,19.0,17.0,0 days 01:38:53.871000,0 days 01:38:51.188000,True,91.808,5.109000000000009,5933.871,16.48400000000038
PER,32.0,0 days 00:01:45.237000,HARD,1.0,19.0,0 days 01:40:39.108000,,False,105.237,13.428999999999988,6039.108,7.92200000000048
PER,33.0,0 days 00:01:23.599000,HARD,2.0,19.0,0 days 01:42:02.707000,,False,83.599,-21.63799999999999,6122.707,5.576000000000022
PER,34.0,0 days 00:01:25.288000,HARD,3.0,19.0,0 days 01:43:27.995000,,False,85.288,1.688999999999993,6207.995,4.649000000000342
PER,35.0,0 days 00:01:24.306000,HARD,4.0,18.0,0 days 01:44:52.301000,,False,84.306,-0.9819999999999993,6292.301,2.0100000000002183
PER,36.0,0 days 00:01:24.883000,HARD,5.0,18.0,0 days 01:46:17.184000,,False,84.883,0.5769999999999982,6377.184,0.8299999999999272
PER,37.0,0 days 00:01:25.828000,HARD,6.0,18.0,0 days 01:47:43.012000,,False,85.828,0.9450000000000074,6463.012,0.3989999999994325
PER,38.0,0 days 00:01:24.717000,HARD,7.0,17.0,0 days 01:49:07.729000,,False,84.717,-1.1110000000000042,6547.729,19.81800000000021
PER,39.0,0 days 00:01:52.623000,HARD,8.0,17.0,0 days 01:51:00.352000,0 days 01:50:57.645000,True,112.623,27.906000000000006,6660.352,31.256000000000313
PER,40.0,0 days 00:01:46.284000,MEDIUM,1.0,17.0,0 days 01:52:46.636000,,False,106.284,-6.338999999999999,6766.636,37.801000000000386
PER,41.0,0 days 00:01:23.881000,MEDIUM,2.0,17.0,0 days 01:54:10.517000,,False,83.881,-22.403000000000006,6850.517,38.46699999999964
PER,42.0,0 days 00:01:26.375000,MEDIUM,3.0,17.0,0 days 01:55:36.892000,,False,86.375,2.4939999999999998,6936.892,41.61999999999989
PER,43.0,0 days 00:01:22.820000,MEDIUM,4.0,17.0,0 days 01:56:59.712000,,False,82.82,-3.555000000000007,7019.712,41.38500000000022
PER,44.0,0 days 00:01:25.346000,MEDIUM,5.0,17.0,0 days 01:58:25.058000,,False,85.346,2.5260000000000105,7105.058,43.073999999999614
PER,45.0,0 days 00:01:23.442000,MEDIUM,6.0,17.0,0 days 01:59:48.500000,,False,83.442,-1.9040000000000106,7188.5,42.85099999999966
PER,46.0,0 days 00:01:23.799000,MEDIUM,7.0,17.0,0 days 02:01:12.299000,,False,83.799,0.35700000000001353,7272.299,41.30000000000018
PER,47.0,0 days 00:01:23.796000,MEDIUM,8.0,17.0,0 days 02:02:36.095000,,False,83.796,-0.0030000000000001137,7356.095,41.17500000000018
PER,48.0,0 days 00:01:25.740000,MEDIUM,9.0,17.0,0 days 02:04:01.835000,,False,85.74,1.9439999999999884,7441.835,42.99200000000019
PER,49.0,0 days 00:01:27.241000,MEDIUM,10.0,17.0,0 days 02:05:29.076000,,False,87.241,1.5010000000000048,7529.076,46.41399999999976
PER,50.0,0 days 00:01:28.083000,MEDIUM,11.0,17.0,0 days 02:06:57.159000,,False,88.083,0.8419999999999987,7617.159,50.05499999999938
PER,51.0,0 days 00:01:24.906000,MEDIUM,12.0,17.0,0 days 02:08:22.065000,,False,84.906,-3.1769999999999925,7702.065,50.31999999999971
PER,52.0,0 days 00:01:24.708000,MEDIUM,13.0,17.0,0 days 02:09:46.773000,,False,84.708,-0.1980000000000075,7786.773,49.31800000000021
PER,53.0,0 days 00:01:24.895000,MEDIUM,14.0,17.0,0 days 02:11:11.668000,,False,84.895,0.1869999999999976,7871.668,49.27299999999923
PER,54.0,0 days 00:01:25.083000,MEDIUM,15.0,17.0,0 days 02:12:36.751000,,False,85.083,0.1880000000000024,7956.751,40.759000000000015
PER,55.0,0 days 00:01:27.104000,MEDIUM,16.0,17.0,0 days 02:14:03.855000,,False,87.104,2.021000000000001,8043.855,46.41699999999946
PER,56.0,0 days 00:01:25.397000,MEDIUM,17.0,17.0,0 days 02:15:29.252000,,False,85.397,-1.7069999999999936,8129.252,48.02400000000034
PER,57.0,0 days 00:01:25.495000,MEDIUM,18.0,17.0,0 days 02:16:54.747000,,False,85.495,0.09799999999999898,8214.747,47.331999999999425
PER,58.0,0 days 00:01:25.942000,MEDIUM,19.0,17.0,0 days 02:18:20.689000,,False,85.942,0.4469999999999885,8300.689,42.85900000000038
PER,59.0,0 days 00:01:26.844000,MEDIUM,20.0,17.0,0 days 02:19:47.533000,,False,86.844,0.902000000000001,8387.533,27.307999999999083
PER,60.0,0 days 00:01:46.959000,MEDIUM,21.0,17.0,0 days 02:21:34.492000,,False,106.959,20.11500000000001,8494.492,38.03600000000006
PER,61.0,0 days 00:01:48.258000,MEDIUM,22.0,16.0,0 days 02:23:22.750000,,False,108.258,1.2989999999999924,8602.75,38.95600000000013
PER,62.0,0 days 00:01:29.685000,MEDIUM,23.0,15.0,0 days 02:24:52.435000,,False,89.685,-18.572999999999993,8692.435,28.59599999999955
PER,63.0,0 days 00:01:24.778000,MEDIUM,24.0,14.0,0 days 02:26:17.213000,,False,84.778,-4.9069999999999965,8777.213,31.730999999999767
PIA,1.0,0 days 00:01:28.570000,MEDIUM,1.0,6.0,0 days 00:55:09.909000,,False,88.57,,3309.909,0.650000000000091
PIA,2.0,0 days 00:01:22.673000,MEDIUM,2.0,6.0,0 days 00:56:32.582000,,False,82.673,-5.896999999999991,3392.582,0.694999999999709
PIA,3.0,0 days 00:01:22.940000,MEDIUM,3.0,6.0,0 days 00:57:55.522000,,False,82.94,0.2669999999999959,3475.522,0.9009999999998399
PIA,4.0,0 days 00:01:23.054000,MEDIUM,4.0,6.0,0 days 00:59:18.576000,,False,83.054,0.11400000000000432,3558.576,0.95699999999988
PIA,5.0,0 days 00:01:23.242000,MEDIUM,5.0,6.0,0 days 01:00:41.818000,,False,83.242,0.1880000000000024,3641.818,1.1700000000000728
PIA,6.0,0 days 00:01:23.298000,MEDIUM,6.0,6.0,0 days 01:02:05.116000,,False,83.298,0.055999999999997385,3725.116,1.0549999999998363
PIA,7.0,0 days 00:01:23.569000,MEDIUM,7.0,6.0,0 days 01:03:28.685000,,False,83.569,0.2710000000000008,3808.685,1.280999999999949
PIA,8.0,0 days 00:01:25.507000,MEDIUM,8.0,7.0,0 days 01:04:54.192000,,False,85.507,1.9380000000000024,3894.192,1.643000000000029
PIA,9.0,0 days 00:01:24.548000,MEDIUM,9.0,7.0,0 days 01:06:18.740000,,False,84.548,-0.9590000000000032,3978.74,2.6299999999996544
PIA,10.0,0 days 00:01:24.401000,MEDIUM,10.0,7.0,0 days 01:07:43.141000,,False,84.401,-0.14700000000000557,4063.141,3.231000000000222
PIA,11.0,0 days 00:01:24.097000,MEDIUM,11.0,7.0,0 days 01:09:07.238000,,False,84.097,-0.30400000000000205,4147.238,3.1500000000005457
PIA,12.0,0 days 00:01:24.117000,MEDIUM,12.0,5.0,0 days 01:10:31.355000,,False,84.117,0.020000000000010232,4231.355,2.9669999999996435
PIA,13.0,0 days 00:01:23.999000,MEDIUM,13.0,4.0,0 days 01:11:55.354000,,False,83.999,-0.11800000000000921,4315.354,3.456000000000131
PIA,14.0,0 days 00:01:28.542000,MEDIUM,14.0,4.0,0 days 01:13:23.896000,0 days 01:13:21.135000,True,88.542,4.543000000000006,4403.896,1.6359999999995125
PIA,15.0,0 days 00:01:42.741000,HARD,1.0,8.0,0 days 01:15:06.637000,,False,102.741,14.198999999999998,4506.637,1.7950000000000728
PIA,16.0,0 days 00:01:22.541000,HARD,2.0,7.0,0 days 01:16:29.178000,,False,82.541,-20.200000000000003,4589.178,10.041999999999462
PIA,17.0,0 days 00:01:22.229000,HARD,3.0,7.0,0 days 01:17:51.407000,,False,82.229,-0.3119999999999976,4671.407,1.5850000000000364
PIA,18.0,0 days 00:01:22.269000,HARD,4.0,7.0,0 days 01:19:13.676000,,False,82.269,0.04000000000000625,4753.676,1.655999999999949
PIA,19.0,0 days 00:01:22.262000,HARD,5.0,7.0,0 days 01:20:35.938000,,False,82.262,-0.007000000000005002,4835.938,1.9329999999999927
PIA,20.0,0 days 00:01:22.449000,HARD,6.0,7.0,0 days 01:21:58.387000,,False,82.449,0.1869999999999976,4918.387,2.6289999999999054
PIA,21.0,0 days 00:01:22.858000,HARD,7.0,7.0,0 days 01:23:21.245000,,False,82.858,0.409000000000006,5001.245,3.8980000000001382
PIA,22.0,0 days 00:01:22.937000,HARD,8.0,7.0,0 days 01:24:44.182000,,False,82.937,0.07899999999999352,5084.182,4.823999999999614
PIA,23.0,0 days 00:01:22.898000,HARD,9.0,7.0,0 days 01:26:07.080000,,False,82.898,-0.03900000000000148,5167.08,5.858000000000175
PIA,24.0,0 days 00:01:22.907000,HARD,10.0,7.0,0 days 01:27:29.987000,,False,82.907,0.009000000000000341,5249.987,6.30199999999968
PIA,25.0,0 days 00:01:23.038000,HARD,11.0,7.0,0 days 01:28:53.025000,,False,83.038,0.13100000000000023,5333.025,6.739999999999782
PIA,26.0,0 days 00:01:22.771000,HARD,12.0,7.0,0 days 01:30:15.796000,,False,82.771,-0.2669999999999959,5415.796,6.77599999999984
PIA,27.0,0 days 00:01:22.851000,HARD,13.0,7.0,0 days 01:31:38.647000,,False,82.851,0.0799999999999983,5498.647,6.430999999999585
PIA,28.0,0 days 00:01:23.283000,HARD,14.0,6.0,0 days 01:33:01.930000,,False,83.283,0.43200000000000216,5581.93,6.64600000000064
PIA,29.0,0 days 00:01:23.674000,HARD,15.0,7.0,0 days 01:34:25.604000,,False,83.674,0.39100000000000534,5665.604,2.7590000000000146
PIA,30.0,0 days 00:01:23.608000,HARD,16.0,6.0,0 days 01:35:49.212000,,False,83.608,-0.0660000000000025,5749.212,5.457000000000335
PIA,31.0,0 days 00:01:23.345000,HARD,17.0,6.0,0 days 01:37:12.557000,,False,83.345,-0.26300000000000523,5832.557,8.077000000000226
PIA,32.0,0 days 00:01:23.833000,HARD,18.0,6.0,0 days 01:38:36.390000,,False,83.833,0.48799999999999955,5916.39,8.23700000000008
PIA,33.0,0 days 00:01:23,HARD,19.0,6.0,0 days 01:39:59.390000,,False,83.0,-0.8329999999999984,5999.39,7.90900000000056
PIA,34.0,0 days 00:01:23.037000,HARD,20.0,6.0,0 days 01:41:22.427000,,False,83.037,0.03700000000000614,6082.427,7.983999999999469
PIA,35.0,0 days 00:01:23.444000,HARD,21.0,6.0,0 days 01:42:45.871000,,False,83.444,0.4069999999999965,6165.871,8.38799999999992
PIA,36.0,0 days 00:01:26.917000,HARD,22.0,6.0,0 days 01:44:12.788000,0 days 01:44:10.124000,True,86.917,3.472999999999999,6252.788,2.42699999999968
PIA,37.0,0 days 00:01:42.367000,HARD,1.0,7.0,0 days 01:45:55.155000,,False,102.367,15.450000000000003,6355.155,19.59400000000005
PIA,38.0,0 days 00:01:22.113000,HARD,2.0,7.0,0 days 01:47:17.268000,,False,82.113,-20.254000000000005,6437.268,19.787000000000262
PIA,39.0,0 days 00:01:22.073000,HARD,3.0,7.0,0 days 01:48:39.341000,,False,82.073,-0.04000000000000625,6519.341,19.762000000000626
PIA,40.0,0 days 00:01:36.647000,HARD,4.0,7.0,0 days 01:50:15.988000,,False,96.647,14.574000000000012,6615.988,6.690000000000509
PIA,41.0,0 days 00:01:42.962000,HARD,5.0,7.0,0 days 01:51:58.950000,,False,102.962,6.314999999999998,6718.95,4.873999999999796
PIA,42.0,0 days 00:01:21.086000,HARD,6.0,7.0,0 days 01:53:20.036000,,False,81.086,-21.876000000000005,6800.036,5.332999999999629
PIA,43.0,0 days 00:01:20.974000,HARD,7.0,7.0,0 days 01:54:41.010000,,False,80.974,-0.11199999999999477,6881.01,5.307999999999993
PIA,44.0,0 days 00:01:21.203000,HARD,8.0,7.0,0 days 01:56:02.213000,,False,81.203,0.2289999999999992,6962.213,5.770999999999731
PIA,45.0,0 days 00:01:20.939000,HARD,9.0,7.0,0 days 01:57:23.152000,,False,80.939,-0.26400000000001,7043.152,5.8289999999997235
PIA,46.0,0 days 00:01:20.835000,HARD,10.0,7.0,0 days 01:58:43.987000,,False,80.835,-0.1039999999999992,7123.987,6.206000000000131
PIA,47.0,0 days 00:01:20.994000,HARD,11.0,7.0,0 days 02:00:04.981000,,False,80.994,0.15900000000000603,7204.981,6.820999999999913
PIA,48.0,0 days 00:01:21.299000,HARD,12.0,7.0,0 days 02:01:26.280000,,False,81.299,0.3050000000000068,7286.28,7.1030000000000655
PIA,49.0,0 days 00:01:21.147000,HARD,13.0,7.0,0 days 02:02:47.427000,,False,81.147,-0.15200000000000102,7367.427,7.3659999999999854
PIA,50.0,0 days 00:01:22.849000,HARD,14.0,7.0,0 days 02:04:10.276000,,False,82.849,1.7019999999999982,7450.276,7.838999999999942
PIA,51.0,0 days 00:01:21.904000,HARD,15.0,7.0,0 days 02:05:32.180000,,False,81.904,-0.9450000000000074,7532.18,8.061999999999898
PIA,52.0,0 days 00:01:22.366000,HARD,16.0,7.0,0 days 02:06:54.546000,,False,82.366,0.4620000000000033,7614.546,8.274000000000342
PIA,53.0,0 days 00:01:22.042000,HARD,17.0,7.0,0 days 02:08:16.588000,,False,82.042,-0.32399999999999807,7696.588,8.440999999999804
PIA,54.0,0 days 00:01:22.292000,HARD,18.0,7.0,0 days 02:09:38.880000,,False,82.292,0.25,7778.88,8.722999999999956
PIA,55.0,0 days 00:01:22.369000,HARD,19.0,7.0,0 days 02:11:01.249000,,False,82.369,0.07699999999999818,7861.249,9.077000000000226
PIA,56.0,0 days 00:01:22.139000,HARD,20.0,7.0,0 days 02:12:23.388000,,False,82.139,-0.23000000000000398,7943.388,8.44800000000032
PIA,57.0,0 days 00:01:22.169000,HARD,21.0,7.0,0 days 02:13:45.557000,,False,82.169,0.030000000000001137,8025.557,8.166999999999462
PIA,58.0,0 days 00:01:22.723000,HARD,22.0,7.0,0 days 02:15:08.280000,,False,82.723,0.554000000000002,8108.28,8.625
PIA,59.0,0 days 00:01:23.228000,HARD,23.0,7.0,0 days 02:16:31.508000,,False,83.228,0.5049999999999955,8191.508,9.657000000000153
PIA,60.0,0 days 00:01:22.546000,HARD,24.0,7.0,0 days 02:17:54.054000,,False,82.546,-0.681999999999988,8274.054,9.130999999999403
PIA,61.0,0 days 00:01:22.671000,HARD,25.0,7.0,0 days 02:19:16.725000,,False,82.671,0.125,8356.725,8.947000000000116
PIA,62.0,0 days 00:01:36.112000,HARD,26.0,5.0,0 days 02:20:52.837000,,False,96.112,13.440999999999988,8452.837,25.088999999999942
PIA,63.0,0 days 00:01:48.012000,HARD,27.0,5.0,0 days 02:22:40.849000,,False,108.012,11.900000000000006,8560.849,23.519000000000233
PIA,64.0,0 days 00:01:40.758000,HARD,28.0,5.0,0 days 02:24:21.607000,,False,100.758,-7.254000000000005,8661.607,18.66400000000067
PIA,65.0,0 days 00:01:23.332000,HARD,29.0,5.0,0 days 02:25:44.939000,,False,83.332,-17.426000000000002,8744.939,18.522000000000844
PIA,66.0,0 days 00:01:23.166000,HARD,30.0,5.0,0 days 02:27:08.105000,,False,83.166,-0.16599999999999682,8828.105,18.16399999999885
RUS,1.0,0 days 00:01:24.418000,MEDIUM,1.0,1.0,0 days 00:55:05.757000,,False,84.418,,3305.757,0.0
RUS,2.0,0 days 00:01:21.513000,MEDIUM,2.0,1.0,0 days 00:56:27.270000,,False,81.513,-2.905000000000001,3387.27,0.0
RUS,3.0,0 days 00:01:21.479000,MEDIUM,3.0,1.0,0 days 00:57:48.749000,,False,81.479,-0.034000000000006025,3468.749,0.0
RUS,4.0,0 days 00:01:22.044000,MEDIUM,4.0,1.0,0 days 00:59:10.793000,,False,82.044,0.5649999999999977,3550.793,0.0
RUS,5.0,0 days 00:01:22.427000,MEDIUM,5.0,1.0,0 days 01:00:33.220000,,False,82.427,0.3830000000000098,3633.22,0.0
RUS,6.0,0 days 00:01:22.473000,MEDIUM,6.0,1.0,0 days 01:01:55.693000,,False,82.473,0.04599999999999227,3715.693,0.0
RUS,7.0,0 days 00:01:22.687000,MEDIUM,7.0,1.0,0 days 01:03:18.380000,,False,82.687,0.21399999999999864,3798.38,0.0
RUS,8.0,0 days 00:01:23.253000,MEDIUM,8.0,1.0,0 days 01:04:41.633000,,False,83.253,0.5660000000000025,3881.633,0.0
RUS,9.0,0 days 00:01:23.198000,MEDIUM,9.0,1.0,0 days 01:06:04.831000,,False,83.198,-0.05500000000000682,3964.831,0.0
RUS,10.0,0 days 00:01:23.510000,MEDIUM,10.0,1.0,0 days 01:07:28.341000,,False,83.51,0.3120000000000118,4048.341,0.0
RUS,11.0,0 days 00:01:23.701000,MEDIUM,11.0,1.0,0 days 01:08:52.042000,,False,83.701,0.1909999999999883,4132.042,0.0
RUS,12.0,0 days 00:01:27.454000,MEDIUM,12.0,1.0,0 days 01:10:19.496000,0 days 01:10:16.747000,True,87.454,3.753,4219.496,0.0
RUS,13.0,0 days 00:01:40.974000,HARD,1.0,5.0,0 days 01:12:00.470000,,False,100.974,13.52000000000001,4320.47,5.1159999999999854
RUS,14.0,0 days 00:01:21.790000,HARD,2.0,3.0,0 days 01:13:22.260000,,False,81.79,-19.183999999999997,4402.26,6.3659999999999854
RUS,15.0,0 days 00:01:21.972000,HARD,3.0,2.0,0 days 01:14:44.232000,,False,81.972,0.18199999999998795,4484.232,4.298999999999978
RUS,16.0,0 days 00:01:22.161000,HARD,4.0,1.0,0 days 01:16:06.393000,,False,82.161,0.18900000000000716,4566.393,0.0
RUS,17.0,0 days 00:01:21.766000,HARD,5.0,1.0,0 days 01:17:28.159000,,False,81.766,-0.394999999999996,4648.159,0.0
RUS,18.0,0 days 00:01:22.103000,HARD,6.0,1.0,0 days 01:18:50.262000,,False,82.103,0.3369999999999891,4730.262,0.0
RUS,19.0,0 days 00:01:22.446000,HARD,7.0,1.0,0 days 01:20:12.708000,,False,82.446,0.3430000000000035,4812.708,0.0
RUS,20.0,0 days 00:01:22.513000,HARD,8.0,1.0,0 days 01:21:35.221000,,False,82.513,0.06700000000000728,4895.221,0.0
RUS,21.0,0 days 00:01:22.556000,HARD,9.0,1.0,0 days 01:22:57.777000,,False,82.556,0.042999999999992156,4977.777,0.0
RUS,22.0,0 days 00:01:22.725000,HARD,10.0,1.0,0 days 01:24:20.502000,,False,82.725,0.16899999999999693,5060.502,0.0
RUS,23.0,0 days 00:01:23.254000,HARD,11.0,1.0,0 days 01:25:43.756000,,False,83.254,0.5290000000000106,5143.756,0.0
RUS,24.0,0 days 00:01:22.803000,HARD,12.0,1.0,0 days 01:27:06.559000,,False,82.803,-0.4510000000000076,5226.559,0.0
RUS,25.0,0 days 00:01:23.026000,HARD,13.0,1.0,0 days 01:28:29.585000,,False,83.026,0.22299999999999898,5309.585,0.0
RUS,26.0,0 days 00:01:22.908000,HARD,14.0,1.0,0 days 01:29:52.493000,,False,82.908,-0.117999999999995,5392.493,0.0
RUS,27.0,0 days 00:01:23.144000,HARD,15.0,1.0,0 days 01:31:15.637000,,False,83.144,0.2360000000000042,5475.637,0.0
RUS,28.0,0 days 00:01:23.176000,HARD,16.0,1.0,0 days 01:32:38.813000,,False,83.176,0.031999999999996476,5558.813,0.0
RUS,29.0,0 days 00:01:23.208000,HARD,17.0,1.0,0 days 01:34:02.021000,,False,83.208,0.031999999999996476,5642.021,0.0
RUS,30.0,0 days 00:01:23.647000,HARD,18.0,1.0,0 days 01:35:25.668000,,False,83.647,0.43900000000000716,5725.668,0.0
RUS,31.0,0 days 00:01:23.325000,HARD,19.0,1.0,0 days 01:36:48.993000,,False,83.325,-0.32200000000000273,5808.993,0.0
RUS,32.0,0 days 00:01:22.884000,HARD,20.0,1.0,0 days 01:38:11.877000,,False,82.884,-0.4410000000000025,5891.877,0.0
RUS,33.0,0 days 00:01:23.437000,HARD,21.0,1.0,0 days 01:39:35.314000,,False,83.437,0.5529999999999973,5975.314,0.0
RUS,34.0,0 days 00:01:22.649000,HARD,22.0,1.0,0 days 01:40:57.963000,,False,82.649,-0.7879999999999967,6057.963,0.0
RUS,35.0,0 days 00:01:22.921000,HARD,23.0,1.0,0 days 01:42:20.884000,,False,82.921,0.27200000000000557,6140.884,0.0
RUS,36.0,0 days 00:01:27.737000,HARD,24.0,2.0,0 days 01:43:48.621000,0 days 01:43:45.876000,True,87.737,4.815999999999988,6228.621,3.730999999999767
RUS,37.0,0 days 00:01:39.632000,HARD,1.0,4.0,0 days 01:45:28.253000,,False,99.632,11.89500000000001,6328.253,4.9780000000000655
RUS,38.0,0 days 00:01:20.709000,HARD,2.0,3.0,0 days 01:46:48.962000,,False,80.709,-18.923000000000002,6408.962,2.17200000000048
RUS,39.0,0 days 00:01:21.179000,HARD,3.0,2.0,0 days 01:48:10.141000,,False,81.179,0.46999999999999886,6490.141,16.198999999999614
RUS,40.0,0 days 00:01:28.216000,HARD,4.0,2.0,0 days 01:49:38.357000,,False,88.216,7.036999999999992,6578.357,22.735999999999876
RUS,41.0,0 days 00:01:46.112000,HARD,5.0,2.0,0 days 01:51:24.469000,,False,106.112,17.896,6684.469,17.962999999999738
RUS,42.0,0 days 00:01:26.031000,HARD,6.0,2.0,0 days 01:52:50.500000,,False,86.031,-20.08099999999999,6770.5,2.9390000000003056
RUS,43.0,0 days 00:01:20.640000,HARD,7.0,2.0,0 days 01:54:11.140000,,False,80.64,-5.391000000000005,6851.14,3.2650000000003274
RUS,44.0,0 days 00:01:20.821000,HARD,8.0,2.0,0 days 01:55:31.961000,,False,80.821,0.18099999999999739,6931.961,3.963999999999942
RUS,45.0,0 days 00:01:20.740000,HARD,9.0,2.0,0 days 01:56:52.701000,,False,80.74,-0.08100000000000307,7012.701,4.574999999999818
RUS,46.0,0 days 00:01:20.739000,HARD,10.0,2.0,0 days 01:58:13.440000,,False,80.739,-0.000999999999990564,7093.44,4.944999999999709
RUS,47.0,0 days 00:01:20.933000,HARD,11.0,2.0,0 days 01:59:34.373000,,False,80.933,0.19400000000000261,7174.373,5.695999999999913
RUS,48.0,0 days 00:01:21.267000,HARD,12.0,2.0,0 days 02:00:55.640000,,False,81.267,0.333999999999989,7255.64,6.650000000000546
RUS,49.0,0 days 00:01:21.322000,HARD,13.0,2.0,0 days 02:02:16.962000,,False,81.322,0.05500000000000682,7336.962,7.092000000000553
RUS,50.0,0 days 00:01:21.522000,HARD,14.0,2.0,0 days 02:03:38.484000,,False,81.522,0.20000000000000284,7418.484,8.321000000000822
RUS,51.0,0 days 00:01:21.628000,HARD,15.0,2.0,0 days 02:05:00.112000,,False,81.628,0.10599999999999454,7500.112,8.962000000000444
RUS,52.0,0 days 00:01:21.652000,HARD,16.0,2.0,0 days 02:06:21.764000,,False,81.652,0.02400000000000091,7581.764,9.842999999999847
RUS,53.0,0 days 00:01:21.864000,HARD,17.0,2.0,0 days 02:07:43.628000,,False,81.864,0.2120000000000033,7663.628,10.440999999999804
RUS,54.0,0 days 00:01:21.459000,HARD,18.0,2.0,0 days 02:09:05.087000,,False,81.459,-0.40500000000000114,7745.087,10.920000000000073
RUS,55.0,0 days 00:01:21.529000,HARD,19.0,2.0,0 days 02:10:26.616000,,False,81.529,0.06999999999999318,7826.616,11.385000000000218
RUS,56.0,0 days 00:01:22.070000,HARD,20.0,2.0,0 days 02:11:48.686000,,False,82.07,0.5409999999999968,7908.686,12.371999999999389
RUS,57.0,0 days 00:01:22.072000,HARD,21.0,2.0,0 days 02:13:10.758000,,False,82.072,0.0020000000000095497,7990.758,13.030999999999949
RUS,58.0,0 days 00:01:21.946000,HARD,22.0,2.0,0 days 02:14:32.704000,,False,81.946,-0.12600000000000477,8072.704,13.474999999999454
RUS,59.0,0 days 00:01:22.271000,HARD,23.0,2.0,0 days 02:15:54.975000,,False,82.271,0.32500000000000284,8154.975,14.635000000000218
RUS,60.0,0 days 00:01:22.186000,HARD,24.0,2.0,0 days 02:17:17.161000,,False,82.186,-0.08499999999999375,8237.161,15.65099999999984
RUS,61.0,0 days 00:01:24.562000,HARD,25.0,3.0,0 days 02:18:41.723000,,False,84.562,2.3759999999999906,8321.723,1.4750000000003638
RUS,62.0,0 days 00:01:22.480000,HARD,26.0,2.0,0 days 02:20:04.203000,,False,82.48,-2.0819999999999936,8404.203,19.912999999998647
RUS,63.0,0 days 00:01:47.549000,HARD,27.0,2.0,0 days 02:21:51.752000,,False,107.549,25.069000000000003,8511.752,24.398000000001048
RUS,64.0,0 days 00:01:47.804000,HARD,28.0,2.0,0 days 02:23:39.556000,,False,107.804,0.25499999999999545,8619.556,24.876000000000204
RUS,65.0,0 days 00:01:27.127000,HARD,29.0,2.0,0 days 02:25:06.683000,,False,87.127,-20.677000000000007,8706.683,19.34400000000096
RUS,66.0,0 days 00:01:22.322000,HARD,30.0,2.0,0 days 02:26:29.005000,,False,82.322,-4.804999999999993,8789.005,19.560999999999694
SAI,1.0,0 days 00:01:32.484000,SOFT,1.0,13.0,0 days 00:55:13.823000,,False,92.484,,3313.823,0.38499999999976353
SAI,2.0,0 days 00:01:24.786000,SOFT,2.0,13.0,0 days 00:56:38.609000,,False,84.786,-7.697999999999993,3398.609,0.8679999999999382
SAI,3.0,0 days 00:01:25.319000,SOFT,3.0,14.0,0 days 00:58:03.928000,,False,85.319,0.5330000000000013,3483.928,1.194999999999709
SAI,4.0,0 days 00:01:24.723000,SOFT,4.0,14.0,0 days 00:59:28.651000,,False,84.723,-0.5960000000000036,3568.651,1.5109999999999673
SAI,5.0,0 days 00:01:24.999000,SOFT,5.0,14.0,0 days 01:00:53.650000,,False,84.999,0.27599999999999625,3653.65,1.711999999999989
SAI,6.0,0 days 00:01:25.278000,SOFT,6.0,14.0,0 days 01:02:18.928000,,False,85.278,0.2790000000000106,3738.928,1.5360000000000582
SAI,7.0,0 days 00:01:25.568000,SOFT,7.0,14.0,0 days 01:03:44.496000,,False,85.568,0.28999999999999204,3824.496,1.718000000000302
SAI,8.0,0 days 00:01:25.756000,SOFT,8.0,14.0,0 days 01:05:10.252000,,False,85.756,0.1880000000000024,3910.252,1.7539999999999054
SAI,9.0,0 days 00:01:26.116000,SOFT,9.0,14.0,0 days 01:06:36.368000,,False,86.116,0.35999999999999943,3996.368,1.8159999999998035
SAI,10.0,0 days 00:01:26.141000,SOFT,10.0,14.0,0 days 01:08:02.509000,,False,86.141,0.025000000000005684,4082.509,1.9020000000000437
SAI,11.0,0 days 00:01:26.396000,SOFT,11.0,14.0,0 days 01:09:28.905000,,False,86.396,0.25499999999999545,4168.905,2.344000000000051
SAI,12.0,0 days 00:01:26.335000,SOFT,12.0,13.0,0 days 01:10:55.240000,,False,86.335,-0.06100000000000705,4255.24,0.13799999999991996
SAI,13.0,0 days 00:01:26.280000,SOFT,13.0,12.0,0 days 01:12:21.520000,,False,86.28,-0.05499999999999261,4341.52,3.355000000000473
SAI,14.0,0 days 00:01:29.888000,SOFT,14.0,11.0,0 days 01:13:51.408000,0 days 01:13:48.776000,True,89.888,3.608000000000004,4431.408,3.498000000000502
SAI,15.0,0 days 00:01:44.877000,HARD,1.0,17.0,0 days 01:15:36.285000,,False,104.877,14.98899999999999,4536.285,0.42399999999997817
SAI,16.0,0 days 00:01:24.098000,HARD,2.0,15.0,0 days 01:17:00.383000,,False,84.098,-20.778999999999996,4620.383,6.65099999999984
SAI,17.0,0 days 00:01:24.437000,HARD,3.0,15.0,0 days 01:18:24.820000,,False,84.437,0.33899999999999864,4704.82,7.850999999999658
SAI,18.0,0 days 00:01:24.198000,HARD,4.0,15.0,0 days 01:19:49.018000,,False,84.198,-0.23900000000000432,4789.018,7.055000000000291
SAI,19.0,0 days 00:01:24.261000,HARD,5.0,14.0,0 days 01:21:13.279000,,False,84.261,0.06300000000000239,4873.279,8.210000000000036
SAI,20.0,0 days 00:01:24.410000,HARD,6.0,14.0,0 days 01:22:37.689000,,False,84.41,0.1490000000000009,4957.689,8.20300000000043
SAI,21.0,0 days 00:01:24.599000,HARD,7.0,14.0,0 days 01:24:02.288000,,False,84.599,0.18900000000000716,5042.288,8.704999999999927
SAI,22.0,0 days 00:01:24.847000,HARD,8.0,14.0,0 days 01:25:27.135000,,False,84.847,0.24799999999999045,5127.135,9.376000000000204
SAI,23.0,0 days 00:01:24.723000,HARD,9.0,13.0,0 days 01:26:51.858000,,False,84.723,-0.12399999999999523,5211.858,9.63000000000011
SAI,24.0,0 days 00:01:25.043000,HARD,10.0,13.0,0 days 01:28:16.901000,,False,85.043,0.3200000000000074,5296.901,9.64599999999973
SAI,25.0,0 days 00:01:25.020000,HARD,11.0,13.0,0 days 01:29:41.921000,,False,85.02,-0.023000000000010346,5381.921,9.75800000000072
SAI,26.0,0 days 00:01:25.483000,HARD,12.0,13.0,0 days 01:31:07.404000,,False,85.483,0.46300000000000807,5467.404,10.280000000000655
SAI,27.0,0 days 00:01:25.102000,HARD,13.0,13.0,0 days 01:32:32.506000,,False,85.102,-0.3810000000000002,5552.506,10.890000000000327
SAI,28.0,0 days 00:01:25.724000,HARD,14.0,13.0,0 days 01:33:58.230000,,False,85.724,0.6219999999999999,5638.23,12.031999999999243
SAI,29.0,0 days 00:01:25.353000,HARD,15.0,13.0,0 days 01:35:23.583000,,False,85.353,-0.3710000000000093,5723.583,4.6489999999994325
SAI,30.0,0 days 00:01:28.745000,HARD,16.0,14.0,0 days 01:36:52.328000,0 days 01:36:49.565000,True,88.745,3.39200000000001,5812.328,0.3030000000007931
SAI,31.0,0 days 00:01:45.059000,HARD,1.0,16.0,0 days 01:38:37.387000,,False,105.059,16.313999999999993,5917.387,9.982999999999265
SAI,32.0,0 days 00:01:23.619000,HARD,2.0,16.0,0 days 01:40:01.006000,,False,83.619,-21.439999999999998,6001.006,6.380000000000109
SAI,33.0,0 days 00:01:23.969000,HARD,3.0,16.0,0 days 01:41:24.975000,,False,83.969,0.3499999999999943,6084.975,4.457000000000335
SAI,34.0,0 days 00:01:24.493000,HARD,4.0,14.0,0 days 01:42:49.468000,,False,84.493,0.5240000000000009,6169.468,12.666999999999462
SAI,35.0,0 days 00:01:26.235000,HARD,5.0,14.0,0 days 01:44:15.703000,,False,86.235,1.7420000000000044,6255.703,12.321000000000822
SAI,36.0,0 days 00:01:23.949000,HARD,6.0,14.0,0 days 01:45:39.652000,,False,83.949,-2.2860000000000014,6339.652,10.368000000000393
SAI,37.0,0 days 00:01:23.996000,HARD,7.0,14.0,0 days 01:47:03.648000,,False,83.996,0.046999999999997044,6423.648,7.890000000000327
SAI,38.0,0 days 00:01:24.183000,HARD,8.0,13.0,0 days 01:48:27.831000,,False,84.183,0.18700000000001182,6507.831,5.692000000000007
SAI,39.0,0 days 00:01:34.947000,HARD,9.0,13.0,0 days 01:50:02.778000,,False,94.947,10.763999999999996,6602.778,4.329999999999927
SAI,40.0,0 days 00:01:45.348000,HARD,10.0,12.0,0 days 01:51:48.126000,,False,105.348,10.400999999999996,6708.126,14.666000000000167
SAI,41.0,0 days 00:01:23.898000,HARD,11.0,12.0,0 days 01:53:12.024000,,False,83.898,-21.450000000000003,6792.024,11.416000000000167
SAI,42.0,0 days 00:01:25.678000,HARD,12.0,12.0,0 days 01:54:37.702000,,False,85.678,1.7800000000000011,6877.702,14.13000000000011
SAI,43.0,0 days 00:01:23.482000,HARD,13.0,12.0,0 days 01:56:01.184000,,False,83.482,-2.195999999999998,6961.184,14.783000000000357
SAI,44.0,0 days 00:01:24.720000,HARD,14.0,12.0,0 days 01:57:25.904000,,False,84.72,1.2379999999999995,7045.904,16.61700000000019
SAI,45.0,0 days 00:01:24.968000,HARD,15.0,13.0,0 days 01:58:50.872000,,False,84.968,0.24800000000000466,7130.872,2.5850000000000364
SAI,46.0,0 days 00:01:23.956000,HARD,16.0,13.0,0 days 02:00:14.828000,,False,83.956,-1.0120000000000005,7214.828,4.242000000000189
SAI,47.0,0 days 00:01:23.703000,HARD,17.0,13.0,0 days 02:01:38.531000,,False,83.703,-0.2530000000000001,7298.531,5.417000000000371
SAI,48.0,0 days 00:01:23.730000,HARD,18.0,13.0,0 days 02:03:02.261000,,False,83.73,0.027000000000001023,7382.261,6.706000000000131
SAI,49.0,0 days 00:01:24.218000,HARD,19.0,13.0,0 days 02:04:26.479000,,False,84.218,0.48799999999999955,7466.479,7.9210000000002765
SAI,50.0,0 days 00:01:24.218000,HARD,20.0,13.0,0 days 02:05:50.697000,,False,84.218,0.0,7550.697,9.070999999999913
SAI,51.0,0 days 00:01:24.078000,HARD,21.0,13.0,0 days 02:07:14.775000,,False,84.078,-0.14000000000000057,7634.775,10.036999999999352
SAI,52.0,0 days 00:01:24.526000,HARD,22.0,13.0,0 days 02:08:39.301000,,False,84.526,0.4479999999999933,7719.301,11.594000000000051
SAI,53.0,0 days 00:01:24.493000,HARD,23.0,13.0,0 days 02:10:03.794000,,False,84.493,-0.03300000000000125,7803.794,13.14599999999973
SAI,54.0,0 days 00:01:24.581000,HARD,24.0,13.0,0 days 02:11:28.375000,,False,84.581,0.08800000000000807,7888.375,14.554000000000087
SAI,55.0,0 days 00:01:29.059000,HARD,25.0,14.0,0 days 02:12:57.434000,0 days 02:12:54.754000,True,89.059,4.477999999999994,7977.434,3.128000000000611
SAI,56.0,0 days 00:01:43.794000,MEDIUM,1.0,16.0,0 days 02:14:41.228000,,False,103.794,14.735,8081.228,0.06900000000041473
SAI,57.0,0 days 00:01:22.280000,MEDIUM,2.0,15.0,0 days 02:16:03.508000,,False,82.28,-21.513999999999996,8163.508,1.7590000000000146
SAI,58.0,0 days 00:01:22.061000,MEDIUM,3.0,15.0,0 days 02:17:25.569000,,False,82.061,-0.2189999999999941,8245.569,1.628999999998996
SAI,59.0,0 days 00:01:22.255000,MEDIUM,4.0,15.0,0 days 02:18:47.824000,,False,82.255,0.1939999999999884,8327.824,1.3389999999999418
SAI,60.0,0 days 00:01:27.570000,MEDIUM,5.0,14.0,0 days 02:20:15.394000,,False,87.57,5.314999999999998,8415.394,5.880000000001019
SAI,61.0,0 days 00:01:47.064000,MEDIUM,6.0,14.0,0 days 02:22:02.458000,,False,107.064,19.494,8522.458,2.918999999999869
SAI,62.0,0 days 00:01:47.595000,MEDIUM,7.0,13.0,0 days 02:23:50.053000,,False,107.595,0.5310000000000059,8630.053,3.0049999999991996
SAI,63.0,0 days 00:01:24.807000,MEDIUM,8.0,12.0,0 days 02:25:14.860000,,False,84.807,-22.787999999999997,8714.86,0.7129999999997381
SAI,64.0,0 days 00:01:22.450000,MEDIUM,9.0,12.0,0 days 02:26:37.310000,,False,82.45,-2.3569999999999993,8797.31,1.1790000000000873
STR,1.0,0 days 00:01:36.077000,HARD,1.0,21.0,0 days 00:55:17.416000,,False,96.077,,3317.416,0.6700000000000728
STR,2.0,0 days 00:01:26.301000,HARD,2.0,21.0,0 days 00:56:43.717000,,False,86.301,-9.775999999999996,3403.717,0.9329999999999927
STR,3.0,0 days 00:01:25.904000,HARD,3.0,21.0,0 days 00:58:09.621000,,False,85.904,-0.39700000000000557,3489.621,1.0920000000000982
STR,4.0,0 days 00:01:26.430000,HARD,4.0,21.0,0 days 00:59:36.051000,,False,86.43,0.5260000000000105,3576.051,1.268000000000029
STR,5.0,0 days 00:01:34.345000,HARD,5.0,22.0,0 days 01:01:10.396000,0 days 01:01:07.298000,True,94.345,7.914999999999992,3670.396,7.074000000000069
VER,1.0,0 days 00:01:27.920000,SOFT,4.0,5.0,0 days 00:55:09.259000,,False,87.92,,3309.259,0.7220000000002074
VER,2.0,0 days 00:01:22.628000,SOFT,5.0,5.0,0 days 00:56:31.887000,,False,82.628,-5.292000000000002,3391.887,1.09900000000016
VER,3.0,0 days 00:01:22.734000,SOFT,6.0,5.0,0 days 00:57:54.621000,,False,82.734,0.10599999999999454,3474.621,1.4110000000000582
VER,4.0,0 days 00:01:22.998000,SOFT,7.0,5.0,0 days 00:59:17.619000,,False,82.998,0.26400000000001,3557.619,1.6359999999999673
VER,5.0,0 days 00:01:23.029000,SOFT,8.0,5.0,0 days 01:00:40.648000,,False,83.029,0.0309999999999917,3640.648,1.3780000000001564
VER,6.0,0 days 00:01:23.413000,SOFT,9.0,5.0,0 days 01:02:04.061000,,False,83.413,0.38400000000000034,3724.061,1.5650000000000546
VER,7.0,0 days 00:01:23.343000,SOFT,10.0,5.0,0 days 01:03:27.404000,,False,83.343,-0.06999999999999318,3807.404,1.5509999999999309
VER,8.0,0 days 00:01:23.663000,SOFT,11.0,5.0,0 days 01:04:51.067000,,False,83.663,0.3199999999999932,3891.067,1.8220000000001164
VER,9.0,0 days 00:01:23.969000,SOFT,12.0,5.0,0 days 01:06:15.036000,,False,83.969,0.3059999999999974,3975.036,2.2899999999999636
VER,10.0,0 days 00:01:24.313000,SOFT,13.0,5.0,0 days 01:07:39.349000,,False,84.313,0.3440000000000083,4059.349,3.2840000000001055
VER,11.0,0 days 00:01:24.177000,SOFT,14.0,5.0,0 days 01:09:03.526000,,False,84.177,-0.13599999999999568,4143.526,3.842999999999847
VER,12.0,0 days 00:01:28.494000,SOFT,15.0,6.0,0 days 01:10:32.020000,0 days 01:10:29.419000,True,88.494,4.316999999999993,4232.02,0.6650000000008731
VER,13.0,0 days 00:01:41.097000,MEDIUM,1.0,8.0,0 days 01:12:13.117000,,False,101.097,12.602999999999994,4333.117,1.649000000000342
VER,14.0,0 days 00:01:21.904000,MEDIUM,2.0,7.0,0 days 01:13:35.021000,,False,81.904,-19.192999999999998,4415.021,3.4399999999996
VER,15.0,0 days 00:01:21.917000,MEDIUM,3.0,6.0,0 days 01:14:56.938000,,False,81.917,0.01300000000000523,4496.938,3.287000000000262
VER,16.0,0 days 00:01:22.198000,MEDIUM,4.0,6.0,0 days 01:16:19.136000,,False,82.198,0.2809999999999917,4579.136,3.292000000000371
VER,17.0,0 days 00:01:22.320000,MEDIUM,5.0,5.0,0 days 01:17:41.456000,,False,82.32,0.12199999999999989,4661.456,3.668000000000575
VER,18.0,0 days 00:01:22.487000,MEDIUM,6.0,5.0,0 days 01:19:03.943000,,False,82.487,0.1670000000000016,4743.943,4.173999999999978
VER,19.0,0 days 00:01:22.523000,MEDIUM,7.0,5.0,0 days 01:20:26.466000,,False,82.523,0.036000000000001364,4826.466,4.343000000000757
VER,20.0,0 days 00:01:22.870000,MEDIUM,8.0,5.0,0 days 01:21:49.336000,,False,82.87,0.3470000000000084,4909.336,4.970000000000255
VER,21.0,0 days 00:01:22.877000,MEDIUM,9.0,5.0,0 days 01:23:12.213000,,False,82.877,0.006999999999990791,4992.213,5.471999999999753
VER,22.0,0 days 00:01:22.821000,MEDIUM,10.0,5.0,0 days 01:24:35.034000,,False,82.821,-0.055999999999997385,5075.034,6.270999999999731
VER,23.0,0 days 00:01:22.807000,MEDIUM,11.0,5.0,0 days 01:25:57.841000,,False,82.807,-0.013999999999995794,5157.841,6.798999999999978
VER,24.0,0 days 00:01:22.811000,MEDIUM,12.0,5.0,0 days 01:27:20.652000,,False,82.811,0.0040000000000048885,5240.652,7.166000000000167
VER,25.0,0 days 00:01:23.054000,MEDIUM,13.0,5.0,0 days 01:28:43.706000,,False,83.054,0.242999999999995,5323.706,7.757000000000517
VER,26.0,0 days 00:01:23.212000,MEDIUM,14.0,5.0,0 days 01:30:06.918000,,False,83.212,0.15800000000000125,5406.918,8.304999999999382
VER,27.0,0 days 00:01:23.483000,MEDIUM,15.0,5.0,0 days 01:31:30.401000,,False,83.483,0.2710000000000008,5490.401,8.046000000000276
VER,28.0,0 days 00:01:23.309000,MEDIUM,16.0,4.0,0 days 01:32:53.710000,,False,83.309,-0.1740000000000066,5573.71,9.528000000000247
VER,29.0,0 days 00:01:27.242000,MEDIUM,17.0,5.0,0 days 01:34:20.952000,0 days 01:34:18.333000,True,87.242,3.933000000000007,5660.952,2.543999999999869
VER,30.0,0 days 00:01:42.514000,HARD,1.0,7.0,0 days 01:36:03.466000,,False,102.514,15.271999999999991,5763.466,14.253999999999905
VER,31.0,0 days 00:01:21.222000,HARD,2.0,7.0,0 days 01:37:24.688000,,False,81.222,-21.292,5844.688,12.131000000000313
VER,32.0,0 days 00:01:21.720000,HARD,3.0,7.0,0 days 01:38:46.408000,,False,81.72,0.49800000000000466,5926.408,10.018000000000029
VER,33.0,0 days 00:01:21.545000,HARD,4.0,7.0,0 days 01:40:07.953000,,False,81.545,-0.17499999999999716,6007.953,8.563000000000102
VER,34.0,0 days 00:01:21.829000,HARD,5.0,7.0,0 days 01:41:29.782000,,False,81.829,0.2839999999999918,6089.782,7.355000000000473
VER,35.0,0 days 00:01:21.774000,HARD,6.0,7.0,0 days 01:42:51.556000,,False,81.774,-0.05499999999999261,6171.556,5.684999999999491
VER,36.0,0 days 00:01:22.121000,HARD,7.0,7.0,0 days 01:44:13.677000,,False,82.121,0.3469999999999942,6253.677,0.8890000000001237
VER,37.0,0 days 00:01:21.884000,HARD,8.0,6.0,0 days 01:45:35.561000,,False,81.884,-0.23699999999999477,6335.561,4.967999999999847
VER,38.0,0 days 00:01:21.920000,HARD,9.0,6.0,0 days 01:46:57.481000,,False,81.92,0.036000000000001364,6417.481,5.77599999999984
VER,39.0,0 days 00:01:22.098000,HARD,10.0,6.0,0 days 01:48:19.579000,,False,82.098,0.17799999999999727,6499.579,4.474999999999454
VER,40.0,0 days 00:01:32.671000,HARD,11.0,5.0,0 days 01:49:52.250000,0 days 01:49:49.651000,True,92.671,10.573000000000008,6592.25,10.990999999999985
VER,41.0,0 days 00:02:00.780000,MEDIUM,1.0,5.0,0 days 01:51:53.030000,,False,120.78,28.108999999999995,6713.03,24.83299999999963
VER,42.0,0 days 00:01:20.230000,MEDIUM,2.0,5.0,0 days 01:53:13.260000,,False,80.23,-40.55,6793.26,19.989000000000487
VER,43.0,0 days 00:01:20.534000,MEDIUM,3.0,5.0,0 days 01:54:33.794000,,False,80.534,0.30400000000000205,6873.794,19.591999999999643
VER,44.0,0 days 00:01:20.691000,MEDIUM,4.0,5.0,0 days 01:55:54.485000,,False,80.691,0.15699999999999648,6954.485,19.47699999999986
VER,45.0,0 days 00:01:20.781000,MEDIUM,5.0,5.0,0 days 01:57:15.266000,,False,80.781,0.09000000000000341,7035.266,19.329999999999927
VER,46.0,0 days 00:01:20.467000,MEDIUM,6.0,5.0,0 days 01:58:35.733000,,False,80.467,-0.31400000000000716,7115.733,18.967000000000553
VER,47.0,0 days 00:01:20.850000,MEDIUM,7.0,5.0,0 days 01:59:56.583000,,False,80.85,0.38299999999999557,7196.583,18.868999999999687
VER,48.0,0 days 00:01:20.978000,MEDIUM,8.0,5.0,0 days 02:01:17.561000,,False,80.978,0.1280000000000001,7277.561,18.646999999999935
VER,49.0,0 days 00:01:21.104000,MEDIUM,9.0,5.0,0 days 02:02:38.665000,,False,81.104,0.12600000000000477,7358.665,18.488999999999578
VER,50.0,0 days 00:01:21.793000,MEDIUM,10.0,5.0,0 days 02:04:00.458000,,False,81.793,0.6890000000000072,7440.458,19.31999999999971
VER,51.0,0 days 00:01:21.284000,MEDIUM,11.0,5.0,0 days 02:05:21.742000,,False,81.284,-0.5090000000000003,7521.742,19.351000000000568
VER,52.0,0 days 00:01:21.474000,MEDIUM,12.0,5.0,0 days 02:06:43.216000,,False,81.474,0.18999999999999773,7603.216,19.21900000000005
VER,53.0,0 days 00:01:21.252000,MEDIUM,13.0,5.0,0 days 02:08:04.468000,,False,81.252,-0.2220000000000084,7684.468,18.659999999999854
VER,54.0,0 days 00:01:21.509000,MEDIUM,14.0,5.0,0 days 02:09:25.977000,,False,81.509,0.257000000000005,7765.977,18.359999999999673
VER,55.0,0 days 00:01:21.551000,MEDIUM,15.0,5.0,0 days 02:10:47.528000,,False,81.551,0.04200000000000159,7847.528,17.947000000000116
VER,56.0,0 days 00:01:21.612000,MEDIUM,16.0,5.0,0 days 02:12:09.140000,,False,81.612,0.06099999999999284,7929.14,17.4320000000007
VER,57.0,0 days 00:01:21.505000,MEDIUM,17.0,5.0,0 days 02:13:30.645000,,False,81.505,-0.10699999999999932,8010.645,16.71400000000085
VER,58.0,0 days 00:01:21.895000,MEDIUM,18.0,5.0,0 days 02:14:52.540000,,False,81.895,0.39000000000000057,8092.54,16.35699999999997
VER,59.0,0 days 00:01:22.069000,MEDIUM,19.0,5.0,0 days 02:16:14.609000,,False,82.069,0.1740000000000066,8174.609,15.937000000000808
VER,60.0,0 days 00:01:22.521000,MEDIUM,20.0,5.0,0 days 02:17:37.130000,,False,82.521,0.4519999999999982,8257.13,16.057999999999083
VER,61.0,0 days 00:01:22.511000,MEDIUM,21.0,5.0,0 days 02:18:59.641000,,False,82.511,-0.010000000000005116,8339.641,15.42699999999968
VER,62.0,0 days 00:01:28.107000,MEDIUM,22.0,4.0,0 days 02:20:27.748000,,False,88.107,5.596000000000004,8427.748,20.80999999999949
VER,63.0,0 days 00:01:49.582000,MEDIUM,23.0,4.0,0 days 02:22:17.330000,,False,109.582,21.474999999999994,8537.33,20.91899999999987
VER,64.0,0 days 00:01:45.613000,MEDIUM,24.0,4.0,0 days 02:24:02.943000,,False,105.613,-3.968999999999994,8642.943,18.190999999998894
VER,65.0,0 days 00:01:23.474000,MEDIUM,25.0,4.0,0 days 02:25:26.417000,,False,83.474,-22.138999999999996,8726.417,15.654999999998836
VER,66.0,0 days 00:01:23.524000,MEDIUM,26.0,4.0,0 days 02:26:49.941000,,False,83.524,0.04999999999999716,8809.941,16.778000000000247
