Driver,LapNumber,LapTime,Compound,TyreLife,Position,Time,PitInTime,PittedThisLap,TrackStatus,LapSeconds,PersonalDelta,CumSeconds,Interval
ALB,1.0,0 days 00:01:32.115000,MEDIUM,1.0,10.0,0 days 00:56:51.981000,,False,12,92.115,,3411.981,0.7970000000000255
ALB,2.0,0 days 00:01:21.060000,MEDIUM,2.0,10.0,0 days 00:58:13.041000,,False,1,81.06,-11.054999999999993,3493.041,1.1880000000001019
ALB,3.0,0 days 00:01:20.341000,MEDIUM,3.0,10.0,0 days 00:59:33.382000,,False,1,80.341,-0.7190000000000083,3573.382,1.1350000000002183
ALB,4.0,0 days 00:01:19.888000,MEDIUM,4.0,10.0,0 days 01:00:53.270000,,False,1,79.888,-0.45299999999998875,3653.27,1.3400000000001455
ALB,5.0,0 days 00:01:19.662000,MEDIUM,5.0,10.0,0 days 01:02:12.932000,,False,1,79.662,-0.2259999999999991,3732.932,1.694999999999709
ALB,6.0,0 days 00:01:19.374000,MEDIUM,6.0,10.0,0 days 01:03:32.306000,,False,1,79.374,-0.2880000000000109,3812.306,1.5230000000001382
ALB,7.0,0 days 00:01:18.947000,MEDIUM,7.0,10.0,0 days 01:04:51.253000,,False,1,78.947,-0.4269999999999925,3891.253,1.417000000000371
ALB,8.0,0 days 00:01:18.742000,MEDIUM,8.0,10.0,0 days 01:06:09.995000,,False,1,78.742,-0.2049999999999983,3969.995,1.2979999999997744
ALB,9.0,0 days 00:01:18.647000,MEDIUM,9.0,10.0,0 days 01:07:28.642000,,False,1,78.647,-0.09499999999999886,4048.642,1.4639999999999418
ALB,10.0,0 days 00:01:18.487000,MEDIUM,10.0,10.0,0 days 01:08:47.129000,,False,1,78.487,-0.1600000000000108,4127.129,1.4769999999998618
ALB,11.0,0 days 00:01:18.578000,MEDIUM,11.0,10.0,0 days 01:10:05.707000,,False,1,78.578,0.09100000000000819,4205.707,1.5120000000006257
ALB,12.0,0 days 00:01:18.364000,MEDIUM,12.0,10.0,0 days 01:11:24.071000,,False,1,78.364,-0.21399999999999864,4284.071,1.393000000000029
ALB,13.0,0 days 00:01:18.834000,MEDIUM,13.0,10.0,0 days 01:12:42.905000,,False,1,78.834,0.46999999999999886,4362.905,1.7119999999995343
ALB,14.0,0 days 00:01:18.836000,MEDIUM,14.0,10.0,0 days 01:14:01.741000,,False,1,78.836,0.001999999999995339,4441.741,1.9239999999999782
ALB,15.0,0 days 00:01:18.453000,MEDIUM,15.0,10.0,0 days 01:15:20.194000,,False,1,78.453,-0.38299999999999557,4520.194,1.8480000000008658
ALB,16.0,0 days 00:01:18.746000,MEDIUM,16.0,10.0,0 days 01:16:38.940000,,False,1,78.746,0.29299999999999216,4598.94,1.8739999999997963
ALB,17.0,0 days 00:01:18.725000,MEDIUM,17.0,10.0,0 days 01:17:57.665000,,False,1,78.725,-0.021000000000000796,4677.665,1.8059999999995853
ALB,18.0,0 days 00:01:18.823000,MEDIUM,18.0,10.0,0 days 01:19:16.488000,,False,1,78.823,0.09799999999999898,4756.488,1.6710000000002765
ALB,19.0,0 days 00:01:18.862000,MEDIUM,19.0,10.0,0 days 01:20:35.350000,,False,1,78.862,0.03900000000000148,4835.35,1.592000000000553
ALB,20.0,0 days 00:01:18.724000,MEDIUM,20.0,10.0,0 days 01:21:54.074000,,False,1,78.724,-0.13799999999999102,4914.074,1.457999999999629
ALB,21.0,0 days 00:01:19.114000,MEDIUM,21.0,10.0,0 days 01:23:13.188000,,False,1,79.114,0.39000000000000057,4993.188,1.6099999999996726
ALB,22.0,0 days 00:01:19.550000,MEDIUM,22.0,10.0,0 days 01:24:32.738000,,False,1,79.55,0.43599999999999284,5072.738,2.1130000000002838
ALB,23.0,0 days 00:01:19.120000,MEDIUM,23.0,10.0,0 days 01:25:51.858000,,False,1,79.12,-0.4299999999999926,5151.858,2.2070000000003347
ALB,24.0,0 days 00:01:19.131000,MEDIUM,24.0,10.0,0 days 01:27:10.989000,,False,1,79.131,0.01099999999999568,5230.989,2.4119999999993524
ALB,25.0,0 days 00:01:19.133000,MEDIUM,25.0,10.0,0 days 01:28:30.122000,,False,1,79.133,0.001999999999995339,5310.122,2.6649999999999636
ALB,26.0,0 days 00:01:19.319000,MEDIUM,26.0,10.0,0 days 01:29:49.441000,,False,1,79.319,0.18600000000000705,5389.441,2.9219999999995707
ALB,27.0,0 days 00:01:18.975000,MEDIUM,27.0,10.0,0 days 01:31:08.416000,,False,1,78.975,-0.3440000000000083,5468.416,2.838999999999942
ALB,28.0,0 days 00:01:18.997000,MEDIUM,28.0,10.0,0 days 01:32:27.413000,,False,1,78.997,0.02200000000000557,5547.413,3.0919999999996435
ALB,29.0,0 days 00:01:19.119000,MEDIUM,29.0,10.0,0 days 01:33:46.532000,,False,1,79.119,0.12199999999999989,5626.532,3.212999999999738
ALB,30.0,0 days 00:01:19.052000,MEDIUM,30.0,10.0,0 days 01:35:05.584000,,False,1,79.052,-0.06699999999999307,5705.584,3.7719999999999345
ALB,31.0,0 days 00:01:19.731000,MEDIUM,31.0,10.0,0 days 01:36:25.315000,,False,1,79.731,0.6789999999999878,5785.315,4.802999999999884
ALB,32.0,0 days 00:01:20.849000,MEDIUM,32.0,10.0,0 days 01:37:46.164000,,False,1,80.849,1.1180000000000092,5866.164,6.360999999999876
ALB,33.0,0 days 00:01:19.508000,MEDIUM,33.0,10.0,0 days 01:39:05.672000,,False,1,79.508,-1.3410000000000082,5945.672,4.563999999999396
ALB,34.0,0 days 00:01:19.675000,MEDIUM,34.0,10.0,0 days 01:40:25.347000,,False,1,79.675,0.1670000000000016,6025.347,4.289999999999964
ALB,35.0,0 days 00:01:19.622000,MEDIUM,35.0,10.0,0 days 01:41:44.969000,,False,1,79.622,-0.05299999999999727,6104.969,4.942000000000007
ALB,36.0,0 days 00:01:19.326000,MEDIUM,36.0,10.0,0 days 01:43:04.295000,,False,1,79.326,-0.2960000000000065,6184.295,5.6340000000000146
ALB,37.0,0 days 00:01:19.436000,MEDIUM,37.0,10.0,0 days 01:44:23.731000,,False,1,79.436,0.11000000000001364,6263.731,6.467999999999847
ALB,38.0,0 days 00:01:19.891000,MEDIUM,38.0,10.0,0 days 01:45:43.622000,,False,1,79.891,0.4549999999999983,6343.622,7.9080000000003565
ALB,39.0,0 days 00:01:22.772000,MEDIUM,39.0,10.0,0 days 01:47:06.394000,,False,1,82.772,2.8810000000000002,6426.394,12.231000000000677
ALB,40.0,0 days 00:01:19.731000,MEDIUM,40.0,10.0,0 days 01:48:26.125000,,False,1,79.731,-3.041000000000011,6506.125,13.386000000000422
ALB,41.0,0 days 00:01:19.424000,MEDIUM,41.0,10.0,0 days 01:49:45.549000,,False,1,79.424,-0.30699999999998795,6585.549,14.057999999999993
ALB,42.0,0 days 00:01:19.851000,MEDIUM,42.0,10.0,0 days 01:51:05.400000,,False,1,79.851,0.4269999999999925,6665.4,12.818999999999505
ALB,43.0,0 days 00:01:39,MEDIUM,43.0,10.0,0 days 01:52:44.400000,0 days 01:52:19.589000,True,1,99.0,19.149,6764.4,32.41599999999926
ALB,44.0,0 days 00:01:22.343000,SOFT,1.0,10.0,0 days 01:54:06.743000,,False,1,82.343,-16.656999999999996,6846.743,17.436000000000604
ALB,45.0,0 days 00:01:23.382000,SOFT,2.0,10.0,0 days 01:55:30.125000,,False,1,83.382,1.0390000000000015,6930.125,1.9920000000001892
ALB,46.0,0 days 00:01:22.221000,SOFT,3.0,10.0,0 days 01:56:52.346000,,False,1,82.221,-1.1610000000000014,7012.346,5.735999999999876
ALB,47.0,0 days 00:01:22.903000,SOFT,4.0,11.0,0 days 01:58:15.249000,,False,1,82.903,0.6820000000000022,7095.249,0.19799999999941065
ALB,48.0,0 days 00:01:19.909000,SOFT,5.0,11.0,0 days 01:59:35.158000,,False,1,79.909,-2.9939999999999998,7175.158,1.2250000000003638
ALB,49.0,0 days 00:01:19.573000,SOFT,6.0,11.0,0 days 02:00:54.731000,,False,1,79.573,-0.33600000000001273,7254.731,2.143000000000029
ALB,50.0,0 days 00:01:20.227000,SOFT,7.0,11.0,0 days 02:02:14.958000,,False,1,80.227,0.6540000000000106,7334.958,3.6239999999997963
ALB,51.0,0 days 00:01:21.678000,SOFT,8.0,11.0,0 days 02:03:36.636000,,False,1,81.678,1.4509999999999934,7416.636,6.411000000000058
ALB,52.0,0 days 00:01:19.769000,SOFT,9.0,11.0,0 days 02:04:56.405000,,False,1,79.769,-1.9089999999999918,7496.405,2.4659999999994398
ALB,53.0,0 days 00:01:22.571000,SOFT,10.0,11.0,0 days 02:06:18.976000,,False,1,82.571,2.8019999999999925,7578.976,3.144999999999527
ALB,54.0,0 days 00:01:18.157000,SOFT,11.0,11.0,0 days 02:07:37.133000,,False,1,78.157,-4.4140000000000015,7657.133,1.8559999999997672
ALB,55.0,0 days 00:01:18.900000,SOFT,12.0,11.0,0 days 02:08:56.033000,,False,1,78.9,0.7430000000000092,7736.033,0.9920000000001892
ALB,56.0,0 days 00:01:17.946000,SOFT,13.0,10.0,0 days 02:10:13.979000,,False,1,77.946,-0.9540000000000077,7813.979,5.003000000000611
ALB,57.0,0 days 00:01:18.191000,SOFT,14.0,10.0,0 days 02:11:32.170000,,False,1,78.191,0.24500000000000455,7892.17,2.199999999999818
ALB,58.0,0 days 00:01:37.607000,SOFT,15.0,10.0,0 days 02:13:09.777000,,False,124,97.607,19.415999999999997,7989.777,2.98700000000008
ALB,59.0,0 days 00:01:49.710000,SOFT,16.0,10.0,0 days 02:14:59.487000,0 days 02:14:40.583000,True,4,109.71,12.102999999999994,8099.487,1.5850000000000364
ALB,60.0,0 days 00:01:51.635000,SOFT,17.0,10.0,0 days 02:16:51.122000,,False,4,111.635,1.9250000000000114,8211.122,1.014999999999418
ALB,61.0,0 days 00:01:59.566000,SOFT,18.0,10.0,0 days 02:18:50.688000,,False,4,119.566,7.930999999999997,8330.688,0.9850000000005821
ALB,62.0,0 days 00:01:31.249000,SOFT,19.0,10.0,0 days 02:20:21.937000,,False,4,91.249,-28.317000000000007,8421.937,3.4030000000002474
ALB,63.0,0 days 00:01:23.345000,SOFT,20.0,10.0,0 days 02:21:45.282000,,False,4,83.345,-7.903999999999996,8505.282,1.6259999999983847
ALB,64.0,0 days 00:01:20.988000,SOFT,21.0,10.0,0 days 02:23:06.270000,,False,412,80.988,-2.3569999999999993,8586.27,0.4899999999997817
ALB,65.0,0 days 00:01:53.813000,SOFT,22.0,9.0,0 days 02:25:00.083000,0 days 02:24:38.352000,True,24,113.813,32.825,8700.083,1.3100000000013097
ALB,66.0,0 days 00:01:47.265000,SOFT,23.0,9.0,0 days 02:26:47.348000,,False,4,107.265,-6.548000000000002,8807.348,1.4920000000001892
ALB,67.0,,SOFT,24.0,9.0,0 days 03:02:16.640000,0 days 02:28:33.200000,True,451,,,10936.64,2.4619999999995343
ALB,68.0,0 days 00:02:25.090000,SOFT,7.0,9.0,0 days 03:04:41.730000,0 days 03:03:40.291000,True,14,145.09,,11081.73,2.029000000000451
ALB,69.0,0 days 00:01:32.833000,SOFT,7.0,9.0,0 days 03:06:14.563000,,False,4,92.833,-52.257000000000005,11174.563,2.1190000000005966
ALB,70.0,,SOFT,8.0,9.0,0 days 03:08:52.608000,,False,41,,,11332.608,0.037000000000261934
ALB,71.0,0 days 00:01:29.804000,SOFT,9.0,9.0,0 days 03:10:22.412000,,False,12,89.804,,11422.412,0.7790000000004511
ALB,72.0,0 days 00:01:21.351000,SOFT,10.0,9.0,0 days 03:11:43.763000,,False,1,81.351,-8.453000000000003,11503.763,1.4580000000005384
ALB,73.0,0 days 00:01:18.158000,SOFT,11.0,8.0,0 days 03:13:01.921000,,False,1,78.158,-3.192999999999998,11581.921,2.6200000000008004
ALB,74.0,0 days 00:01:16.776000,SOFT,12.0,8.0,0 days 03:14:18.697000,,False,1,76.776,-1.382000000000005,11658.697,2.606999999999971
ALB,75.0,0 days 00:01:16.476000,SOFT,13.0,8.0,0 days 03:15:35.173000,,False,1,76.476,-0.29999999999999716,11735.173,2.838000000001557
ALB,76.0,0 days 00:01:16.604000,SOFT,14.0,8.0,0 days 03:16:51.777000,,False,1,76.604,0.1280000000000001,11811.777,3.5339999999996508
ALB,77.0,0 days 00:01:16.406000,SOFT,15.0,8.0,0 days 03:18:08.183000,,False,1,76.406,-0.1979999999999933,11888.183,4.020000000000437
ALB,78.0,0 days 00:01:16.393000,SOFT,16.0,8.0,0 days 03:19:24.576000,,False,1,76.393,-0.01300000000000523,11964.576,4.45299999999952
ALO,1.0,0 days 00:01:37.265000,MEDIUM,1.0,17.0,0 days 00:56:57.131000,,False,12,97.265,,3417.131,0.7019999999997708
ALO,2.0,0 days 00:01:22.343000,MEDIUM,2.0,17.0,0 days 00:58:19.474000,,False,1,82.343,-14.921999999999997,3499.474,1.3820000000000618
ALO,3.0,0 days 00:01:39.049000,MEDIUM,3.0,18.0,0 days 00:59:58.523000,0 days 00:59:34.283000,True,1,99.049,16.706000000000003,3598.523,15.478000000000065
ALO,4.0,0 days 00:01:23.312000,SOFT,1.0,18.0,0 days 01:01:21.835000,,False,1,83.312,-15.737000000000009,3681.835,0.28099999999994907
ALO,5.0,0 days 00:01:20.326000,SOFT,2.0,17.0,0 days 01:02:42.161000,,False,1,80.326,-2.986000000000004,3762.161,3.0410000000001673
ALO,6.0,0 days 00:01:19.772000,SOFT,3.0,17.0,0 days 01:04:01.933000,,False,1,79.772,-0.5539999999999878,3841.933,3.2890000000002146
ALO,7.0,0 days 00:01:19.160000,SOFT,4.0,17.0,0 days 01:05:21.093000,,False,1,79.16,-0.612000000000009,3921.093,4.558999999999742
ALO,8.0,0 days 00:01:19.213000,SOFT,5.0,17.0,0 days 01:06:40.306000,,False,1,79.213,0.05299999999999727,4000.306,5.0779999999999745
ALO,9.0,0 days 00:01:19.431000,SOFT,6.0,16.0,0 days 01:07:59.737000,,False,1,79.431,0.21800000000000352,4079.737,5.505000000000109
ALO,10.0,0 days 00:01:19.993000,SOFT,7.0,16.0,0 days 01:09:19.730000,,False,1,79.993,0.5619999999999976,4159.73,3.543999999999869
ALO,11.0,0 days 00:01:19.595000,SOFT,8.0,16.0,0 days 01:10:39.325000,,False,1,79.595,-0.39799999999999613,4239.325,5.1909999999998035
ALO,12.0,0 days 00:01:19.031000,SOFT,9.0,16.0,0 days 01:11:58.356000,,False,1,79.031,-0.563999999999993,4318.356,6.960999999999331
ALO,13.0,0 days 00:01:19.032000,SOFT,10.0,16.0,0 days 01:13:17.388000,,False,1,79.032,0.000999999999990564,4397.388,8.238999999999578
ALO,14.0,0 days 00:01:19.338000,SOFT,11.0,16.0,0 days 01:14:36.726000,,False,1,79.338,0.3059999999999974,4476.726,10.11699999999928
ALO,15.0,0 days 00:01:19.415000,SOFT,12.0,16.0,0 days 01:15:56.141000,,False,1,79.415,0.07700000000001239,4556.141,11.960000000000036
ALO,16.0,0 days 00:01:20.915000,SOFT,13.0,16.0,0 days 01:17:17.056000,,False,1,80.915,1.5,4637.056,15.135999999999513
ALO,17.0,0 days 00:01:21.520000,SOFT,14.0,16.0,0 days 01:18:38.576000,,False,1,81.52,0.6049999999999898,4718.576,18.922999999999774
ALO,18.0,0 days 00:01:20.779000,SOFT,15.0,16.0,0 days 01:19:59.355000,,False,1,80.779,-0.7409999999999997,4799.355,22.032999999999447
ALO,19.0,0 days 00:01:19.936000,SOFT,16.0,16.0,0 days 01:21:19.291000,,False,1,79.936,-0.8429999999999893,4879.291,24.34900000000016
ALO,20.0,0 days 00:01:19.287000,SOFT,17.0,16.0,0 days 01:22:38.578000,,False,1,79.287,-0.6490000000000009,4958.578,25.908000000000357
ALO,21.0,0 days 00:01:19.246000,SOFT,18.0,16.0,0 days 01:23:57.824000,,False,1,79.246,-0.04100000000001103,5037.824,27.185999999999694
ALO,22.0,0 days 00:01:19.169000,SOFT,19.0,16.0,0 days 01:25:16.993000,,False,1,79.169,-0.07699999999999818,5116.993,27.98400000000038
ALO,23.0,0 days 00:01:19.157000,SOFT,20.0,16.0,0 days 01:26:36.150000,,False,1,79.157,-0.012000000000000455,5196.15,29.259000000000015
ALO,24.0,0 days 00:01:19.072000,SOFT,21.0,16.0,0 days 01:27:55.222000,,False,1,79.072,-0.08499999999999375,5275.222,30.331999999999425
ALO,25.0,0 days 00:01:19.017000,SOFT,22.0,16.0,0 days 01:29:14.239000,,False,1,79.017,-0.05500000000000682,5354.239,31.294999999999163
ALO,26.0,0 days 00:01:18.881000,SOFT,23.0,16.0,0 days 01:30:33.120000,,False,1,78.881,-0.13599999999999568,5433.12,29.493999999999687
ALO,27.0,0 days 00:01:19.287000,SOFT,24.0,16.0,0 days 01:31:52.407000,,False,1,79.287,0.4060000000000059,5512.407,30.189000000000306
ALO,28.0,0 days 00:01:19.172000,SOFT,25.0,16.0,0 days 01:33:11.579000,,False,1,79.172,-0.1150000000000091,5591.579,30.722999999999956
ALO,29.0,0 days 00:01:19.251000,SOFT,26.0,16.0,0 days 01:34:30.830000,,False,1,79.251,0.07900000000000773,5670.83,31.297999999999774
ALO,30.0,0 days 00:01:19.230000,SOFT,27.0,16.0,0 days 01:35:50.060000,,False,1,79.23,-0.021000000000000796,5750.06,31.95800000000054
ALO,31.0,0 days 00:01:19.014000,SOFT,28.0,16.0,0 days 01:37:09.074000,,False,1,79.014,-0.21600000000000819,5829.074,32.274999999999636
ALO,32.0,0 days 00:01:18.798000,SOFT,29.0,16.0,0 days 01:38:27.872000,,False,1,78.798,-0.21599999999999397,5907.872,32.113000000000284
ALO,33.0,0 days 00:01:18.696000,SOFT,30.0,16.0,0 days 01:39:46.568000,,False,1,78.696,-0.10200000000000387,5986.568,31.92200000000048
ALO,34.0,0 days 00:01:18.754000,SOFT,31.0,16.0,0 days 01:41:05.322000,,False,1,78.754,0.058000000000006935,6065.322,30.91899999999987
ALO,35.0,0 days 00:01:19.137000,SOFT,32.0,16.0,0 days 01:42:24.459000,,False,1,79.137,0.38299999999999557,6144.459,11.975999999999658
ALO,36.0,0 days 00:01:18.911000,SOFT,33.0,16.0,0 days 01:43:43.370000,,False,1,78.911,-0.2259999999999991,6223.37,9.463999999999942
ALO,37.0,0 days 00:01:19.010000,SOFT,34.0,16.0,0 days 01:45:02.380000,,False,1,79.01,0.09900000000000375,6302.38,11.056000000000495
ALO,38.0,0 days 00:01:18.898000,SOFT,35.0,16.0,0 days 01:46:21.278000,,False,1,78.898,-0.11200000000000898,6381.278,13.101999999999862
ALO,39.0,0 days 00:01:18.896000,SOFT,36.0,16.0,0 days 01:47:40.174000,,False,1,78.896,-0.001999999999995339,6460.174,11.940999999999804
ALO,40.0,0 days 00:01:19.020000,SOFT,37.0,16.0,0 days 01:48:59.194000,,False,1,79.02,0.12399999999999523,6539.194,11.871000000000095
ALO,41.0,0 days 00:01:19.215000,SOFT,38.0,16.0,0 days 01:50:18.409000,,False,1,79.215,0.1950000000000074,6618.409,10.542999999999665
ALO,42.0,0 days 00:01:19.414000,SOFT,39.0,16.0,0 days 01:51:37.823000,,False,1,79.414,0.19899999999999807,6697.823,8.11200000000008
ALO,43.0,0 days 00:01:19.699000,SOFT,40.0,16.0,0 days 01:52:57.522000,,False,1,79.699,0.2849999999999966,6777.522,6.167000000000371
ALO,44.0,0 days 00:01:19.618000,SOFT,41.0,16.0,0 days 01:54:17.140000,,False,1,79.618,-0.08100000000000307,6857.14,5.731000000000677
ALO,45.0,0 days 00:01:19.913000,SOFT,42.0,15.0,0 days 01:55:37.053000,,False,1,79.913,0.2950000000000017,6937.053,4.75
ALO,46.0,0 days 00:01:20.144000,SOFT,43.0,15.0,0 days 01:56:57.197000,,False,1,80.144,0.23100000000000875,7017.197,2.6630000000004657
ALO,47.0,0 days 00:01:21.262000,SOFT,44.0,15.0,0 days 01:58:18.459000,,False,1,81.262,1.117999999999995,7098.459,1.800000000000182
ALO,48.0,0 days 00:01:21.050000,SOFT,45.0,15.0,0 days 01:59:39.509000,,False,1,81.05,-0.2120000000000033,7179.509,1.543999999999869
ALO,49.0,0 days 00:01:21.640000,SOFT,46.0,15.0,0 days 02:01:01.149000,,False,1,81.64,0.5900000000000034,7261.149,2.654000000000451
ALO,50.0,0 days 00:01:20.924000,SOFT,47.0,15.0,0 days 02:02:22.073000,,False,1,80.924,-0.715999999999994,7342.073,2.4130000000004657
ALO,51.0,0 days 00:01:21.245000,SOFT,48.0,15.0,0 days 02:03:43.318000,,False,1,81.245,0.32099999999999795,7423.318,4.023000000000138
ALO,52.0,0 days 00:01:19.528000,SOFT,49.0,15.0,0 days 02:05:02.846000,,False,1,79.528,-1.7169999999999987,7502.846,2.5159999999996217
ALO,53.0,0 days 00:01:19.985000,SOFT,50.0,15.0,0 days 02:06:22.831000,,False,1,79.985,0.45699999999999363,7582.831,1.8410000000003492
ALO,54.0,0 days 00:01:19.720000,SOFT,51.0,15.0,0 days 02:07:42.551000,,False,1,79.72,-0.26500000000000057,7662.551,1.8830000000007203
ALO,55.0,0 days 00:01:20.968000,SOFT,52.0,15.0,0 days 02:09:03.519000,,False,1,80.968,1.2480000000000047,7743.519,3.592999999999847
ALO,56.0,0 days 00:01:22.466000,SOFT,53.0,15.0,0 days 02:10:25.985000,,False,1,82.466,1.4979999999999905,7825.985,3.5659999999998035
ALO,57.0,0 days 00:01:19.628000,SOFT,54.0,15.0,0 days 02:11:45.613000,,False,1,79.628,-2.837999999999994,7905.613,2.6710000000002765
ALO,58.0,0 days 00:01:55.284000,SOFT,55.0,15.0,0 days 02:13:40.897000,0 days 02:13:15.246000,True,124,115.284,35.656000000000006,8020.897,14.70299999999952
ALO,59.0,0 days 00:01:53.313000,SOFT,1.0,15.0,0 days 02:15:34.210000,0 days 02:15:14.967000,True,4,113.313,-1.9710000000000036,8134.21,12.610999999999876
ALO,60.0,0 days 00:01:32.376000,SOFT,2.0,15.0,0 days 02:17:06.586000,,False,4,92.376,-20.936999999999998,8226.586,11.43199999999888
ALO,61.0,0 days 00:01:50.181000,SOFT,3.0,15.0,0 days 02:18:56.767000,,False,4,110.181,17.804999999999993,8336.767,3.587999999999738
ALO,62.0,0 days 00:01:33.687000,SOFT,4.0,15.0,0 days 02:20:30.454000,,False,4,93.687,-16.494,8430.454,4.235000000000582
ALO,63.0,0 days 00:01:23.982000,SOFT,5.0,15.0,0 days 02:21:54.436000,,False,4,83.982,-9.704999999999998,8514.436,3.5090000000000146
ALO,64.0,0 days 00:01:22.122000,SOFT,6.0,15.0,0 days 02:23:16.558000,,False,412,82.122,-1.8599999999999994,8596.558,3.967000000000553
ALO,65.0,0 days 00:01:55.551000,SOFT,7.0,14.0,0 days 02:25:12.109000,0 days 02:24:48.727000,True,24,115.551,33.429,8712.109,2.5609999999996944
ALO,66.0,0 days 00:01:46.295000,SOFT,8.0,14.0,0 days 02:26:58.404000,,False,4,106.295,-9.256,8818.404,3.3000000000010914
ALO,67.0,,SOFT,9.0,14.0,0 days 03:02:28.674000,0 days 02:28:44.621000,True,451,,,10948.674,3.1930000000011205
ALO,68.0,,SOFT,9.0,14.0,0 days 03:04:58.911000,0 days 03:03:54.777000,True,14,,,11098.911,3.1959999999999127
ALO,69.0,0 days 00:01:29.317000,SOFT,9.0,14.0,0 days 03:06:28.228000,,False,4,89.317,,11188.228,2.771999999999025
ALO,70.0,0 days 00:02:25.293000,SOFT,10.0,14.0,0 days 03:08:53.521000,,False,41,145.293,55.97600000000001,11333.521,0.16200000000026193
ALO,71.0,0 days 00:01:30.552000,SOFT,11.0,13.0,0 days 03:10:24.073000,,False,12,90.552,-54.741,11424.073,0.3720000000012078
ALO,72.0,0 days 00:01:20.898000,SOFT,12.0,13.0,0 days 03:11:44.971000,,False,1,80.898,-9.65400000000001,11504.971,0.3040000000000873
ALO,73.0,0 days 00:01:20.150000,SOFT,13.0,12.0,0 days 03:13:05.121000,,False,1,80.15,-0.7479999999999905,11585.121,0.5969999999997526
ALO,74.0,0 days 00:01:18.301000,SOFT,14.0,12.0,0 days 03:14:23.422000,,False,1,78.301,-1.8490000000000038,11663.422,1.3800000000010186
ALO,75.0,0 days 00:01:18.056000,SOFT,15.0,12.0,0 days 03:15:41.478000,,False,1,78.056,-0.24500000000000455,11741.478,2.0429999999996653
ALO,76.0,0 days 00:01:17.276000,SOFT,16.0,12.0,0 days 03:16:58.754000,,False,1,77.276,-0.7800000000000011,11818.754,2.202000000001135
ALO,77.0,0 days 00:01:17.120000,SOFT,17.0,12.0,0 days 03:18:15.874000,,False,1,77.12,-0.1559999999999917,11895.874,2.4279999999998836
ALO,78.0,0 days 00:01:17.140000,SOFT,18.0,12.0,0 days 03:19:33.014000,,False,1,77.14,0.01999999999999602,11973.014,2.67699999999968
ANT,1.0,0 days 00:01:22.525000,MEDIUM,1.0,1.0,0 days 00:56:42.391000,,False,12,82.525,,3402.391,0.0
ANT,2.0,0 days 00:01:17.653000,MEDIUM,2.0,1.0,0 days 00:58:00.044000,,False,1,77.653,-4.872,3480.044,0.0
ANT,3.0,0 days 00:01:16.996000,MEDIUM,3.0,1.0,0 days 00:59:17.040000,,False,1,76.996,-0.6570000000000107,3557.04,0.0
ANT,4.0,0 days 00:01:17.048000,MEDIUM,4.0,1.0,0 days 01:00:34.088000,,False,1,77.048,0.05200000000000671,3634.088,0.0
ANT,5.0,0 days 00:01:16.661000,MEDIUM,5.0,1.0,0 days 01:01:50.749000,,False,1,76.661,-0.38700000000000045,3710.749,0.0
ANT,6.0,0 days 00:01:16.723000,MEDIUM,6.0,1.0,0 days 01:03:07.472000,,False,1,76.723,0.06199999999999761,3787.472,0.0
ANT,7.0,0 days 00:01:16.050000,MEDIUM,7.0,1.0,0 days 01:04:23.522000,,False,1,76.05,-0.6730000000000018,3863.522,0.0
ANT,8.0,0 days 00:01:16.284000,MEDIUM,8.0,1.0,0 days 01:05:39.806000,,False,1,76.284,0.23400000000000887,3939.806,0.0
ANT,9.0,0 days 00:01:16.298000,MEDIUM,9.0,1.0,0 days 01:06:56.104000,,False,1,76.298,0.013999999999995794,4016.104,0.0
ANT,10.0,0 days 00:01:17.067000,MEDIUM,10.0,1.0,0 days 01:08:13.171000,,False,1,77.067,0.7689999999999912,4093.171,0.0
ANT,11.0,0 days 00:01:18.223000,MEDIUM,11.0,1.0,0 days 01:09:31.394000,,False,1,78.223,1.156000000000006,4171.394,0.0
ANT,12.0,0 days 00:01:17.430000,MEDIUM,12.0,1.0,0 days 01:10:48.824000,,False,1,77.43,-0.7929999999999922,4248.824,0.0
ANT,13.0,0 days 00:01:17.313000,MEDIUM,13.0,1.0,0 days 01:12:06.137000,,False,1,77.313,-0.11700000000000443,4326.137,0.0
ANT,14.0,0 days 00:01:17.222000,MEDIUM,14.0,1.0,0 days 01:13:23.359000,,False,1,77.222,-0.09100000000000819,4403.359,0.0
ANT,15.0,0 days 00:01:17.193000,MEDIUM,15.0,1.0,0 days 01:14:40.552000,,False,1,77.193,-0.028999999999996362,4480.552,0.0
ANT,16.0,0 days 00:01:17.240000,MEDIUM,16.0,1.0,0 days 01:15:57.792000,,False,1,77.24,0.046999999999997044,4557.792,0.0
ANT,17.0,0 days 00:01:17.050000,MEDIUM,17.0,1.0,0 days 01:17:14.842000,,False,1,77.05,-0.18999999999999773,4634.842,0.0
ANT,18.0,0 days 00:01:16.802000,MEDIUM,18.0,1.0,0 days 01:18:31.644000,,False,1,76.802,-0.24799999999999045,4711.644,0.0
ANT,19.0,0 days 00:01:16.061000,MEDIUM,19.0,1.0,0 days 01:19:47.705000,,False,1,76.061,-0.7409999999999997,4787.705,0.0
ANT,20.0,0 days 00:01:16.468000,MEDIUM,20.0,1.0,0 days 01:21:04.173000,,False,1,76.468,0.4069999999999965,4864.173,0.0
ANT,21.0,0 days 00:01:16.650000,MEDIUM,21.0,1.0,0 days 01:22:20.823000,,False,1,76.65,0.18200000000000216,4940.823,0.0
ANT,22.0,0 days 00:01:16.369000,MEDIUM,22.0,1.0,0 days 01:23:37.192000,,False,1,76.369,-0.2810000000000059,5017.192,0.0
ANT,23.0,0 days 00:01:16.538000,MEDIUM,23.0,1.0,0 days 01:24:53.730000,,False,1,76.538,0.16899999999999693,5093.73,0.0
ANT,24.0,0 days 00:01:16.669000,MEDIUM,24.0,1.0,0 days 01:26:10.399000,,False,1,76.669,0.13100000000000023,5170.399,0.0
ANT,25.0,0 days 00:01:16.888000,MEDIUM,25.0,1.0,0 days 01:27:27.287000,,False,1,76.888,0.2190000000000083,5247.287,0.0
ANT,26.0,0 days 00:01:16.964000,MEDIUM,26.0,1.0,0 days 01:28:44.251000,,False,1,76.964,0.0759999999999934,5324.251,0.0
ANT,27.0,0 days 00:01:17.290000,MEDIUM,27.0,1.0,0 days 01:30:01.541000,,False,1,77.29,0.3260000000000076,5401.541,0.0
ANT,28.0,0 days 00:01:16.644000,MEDIUM,28.0,1.0,0 days 01:31:18.185000,,False,1,76.644,-0.6460000000000008,5478.185,0.0
ANT,29.0,0 days 00:01:16.957000,MEDIUM,29.0,1.0,0 days 01:32:35.142000,,False,1,76.957,0.3129999999999882,5555.142,0.0
ANT,30.0,0 days 00:01:16.838000,MEDIUM,30.0,1.0,0 days 01:33:51.980000,,False,1,76.838,-0.11899999999999977,5631.98,0.0
ANT,31.0,0 days 00:01:16.617000,MEDIUM,31.0,1.0,0 days 01:35:08.597000,,False,1,76.617,-0.22099999999998943,5708.597,0.0
ANT,32.0,0 days 00:01:16.788000,MEDIUM,32.0,1.0,0 days 01:36:25.385000,,False,1,76.788,0.17099999999999227,5785.385,0.0
ANT,33.0,0 days 00:01:16.862000,MEDIUM,33.0,1.0,0 days 01:37:42.247000,,False,1,76.862,0.07399999999999807,5862.247,0.0
ANT,34.0,0 days 00:01:17.201000,MEDIUM,34.0,1.0,0 days 01:38:59.448000,,False,1,77.201,0.33899999999999864,5939.448,0.0
ANT,35.0,0 days 00:01:16.191000,MEDIUM,35.0,1.0,0 days 01:40:15.639000,,False,1,76.191,-1.009999999999991,6015.639,0.0
ANT,36.0,0 days 00:01:16.356000,MEDIUM,36.0,1.0,0 days 01:41:31.995000,,False,1,76.356,0.16499999999999204,6091.995,0.0
ANT,37.0,0 days 00:01:33.595000,MEDIUM,37.0,1.0,0 days 01:43:05.590000,0 days 01:42:42.250000,True,1,93.595,17.239000000000004,6185.59,0.0
ANT,38.0,0 days 00:01:22.214000,HARD,1.0,1.0,0 days 01:44:27.804000,,False,1,82.214,-11.381,6267.804,0.0
ANT,39.0,0 days 00:01:16.806000,HARD,2.0,1.0,0 days 01:45:44.610000,,False,1,76.806,-5.408000000000001,6344.61,0.0
ANT,40.0,0 days 00:01:16.757000,HARD,3.0,1.0,0 days 01:47:01.367000,,False,1,76.757,-0.04899999999999238,6421.367,0.0
ANT,41.0,0 days 00:01:16.066000,HARD,4.0,1.0,0 days 01:48:17.433000,,False,1,76.066,-0.6910000000000025,6497.433,0.0
ANT,42.0,0 days 00:01:16.342000,HARD,5.0,1.0,0 days 01:49:33.775000,,False,1,76.342,0.27599999999999625,6573.775,0.0
ANT,43.0,0 days 00:01:17.071000,HARD,6.0,1.0,0 days 01:50:50.846000,,False,1,77.071,0.7289999999999992,6650.846,0.0
ANT,44.0,0 days 00:01:15.716000,HARD,7.0,1.0,0 days 01:52:06.562000,,False,1,75.716,-1.355000000000004,6726.562,0.0
ANT,45.0,0 days 00:01:17.103000,HARD,8.0,1.0,0 days 01:53:23.665000,,False,1,77.103,1.3870000000000005,6803.665,0.0
ANT,46.0,0 days 00:01:16.976000,HARD,9.0,1.0,0 days 01:54:40.641000,,False,1,76.976,-0.12699999999999534,6880.641,0.0
ANT,47.0,0 days 00:01:15.572000,HARD,10.0,1.0,0 days 01:55:56.213000,,False,1,75.572,-1.4039999999999964,6956.213,0.0
ANT,48.0,0 days 00:01:16.247000,HARD,11.0,1.0,0 days 01:57:12.460000,,False,1,76.247,0.6749999999999972,7032.46,0.0
ANT,49.0,0 days 00:01:16.127000,HARD,12.0,1.0,0 days 01:58:28.587000,,False,1,76.127,-0.12000000000000455,7108.587,0.0
ANT,50.0,0 days 00:01:16.858000,HARD,13.0,1.0,0 days 01:59:45.445000,,False,1,76.858,0.7310000000000088,7185.445,0.0
ANT,51.0,0 days 00:01:15.937000,HARD,14.0,1.0,0 days 02:01:01.382000,,False,1,75.937,-0.9210000000000065,7261.382,0.0
ANT,52.0,0 days 00:01:16.218000,HARD,15.0,1.0,0 days 02:02:17.600000,,False,1,76.218,0.2810000000000059,7337.6,0.0
ANT,53.0,0 days 00:01:16.737000,HARD,16.0,1.0,0 days 02:03:34.337000,,False,1,76.737,0.5189999999999912,7414.337,0.0
ANT,54.0,0 days 00:01:15.889000,HARD,17.0,1.0,0 days 02:04:50.226000,,False,1,75.889,-0.847999999999999,7490.226,0.0
ANT,55.0,0 days 00:01:14.990000,HARD,18.0,1.0,0 days 02:06:05.216000,,False,1,74.99,-0.8990000000000009,7565.216,0.0
ANT,56.0,0 days 00:01:15.302000,HARD,19.0,1.0,0 days 02:07:20.518000,,False,1,75.302,0.3120000000000118,7640.518,0.0
ANT,57.0,0 days 00:01:15.138000,HARD,20.0,1.0,0 days 02:08:35.656000,,False,1,75.138,-0.16400000000000148,7715.656,0.0
ANT,58.0,0 days 00:01:15.812000,HARD,21.0,1.0,0 days 02:09:51.468000,,False,1,75.812,0.6739999999999924,7791.468,0.0
ANT,59.0,0 days 00:01:16.057000,HARD,22.0,1.0,0 days 02:11:07.525000,,False,1,76.057,0.24500000000000455,7867.525,0.0
ANT,60.0,0 days 00:01:22.472000,HARD,23.0,1.0,0 days 02:12:29.997000,,False,124,82.472,6.414999999999992,7949.997,0.0
ANT,61.0,0 days 00:02:16.745000,HARD,24.0,1.0,0 days 02:14:46.742000,0 days 02:14:20.549000,True,4,136.745,54.27300000000001,8086.742,0.0
ANT,62.0,0 days 00:02:00.361000,SOFT,5.0,1.0,0 days 02:16:47.103000,,False,4,120.361,-16.384,8207.103,0.0
ANT,63.0,0 days 00:02:00.412000,SOFT,6.0,1.0,0 days 02:18:47.515000,,False,4,120.412,0.05100000000000193,8327.515,0.0
ANT,64.0,0 days 00:02:12.838000,SOFT,7.0,1.0,0 days 02:21:00.353000,,False,4,132.838,12.425999999999988,8460.353,0.0
ANT,65.0,0 days 00:01:59.223000,SOFT,8.0,1.0,0 days 02:22:59.576000,,False,412,119.223,-13.614999999999995,8579.576,0.0
ANT,66.0,0 days 00:01:51.182000,SOFT,9.0,1.0,0 days 02:24:50.758000,0 days 02:24:30.695000,True,24,111.182,-8.040999999999997,8690.758,0.0
ANT,67.0,0 days 00:01:45.482000,SOFT,10.0,1.0,0 days 02:26:36.240000,,False,4,105.482,-5.700000000000003,8796.24,0.0
ANT,68.0,,SOFT,11.0,1.0,0 days 03:04:19.060000,0 days 02:28:25.488000,True,451,,,11059.06,0.0
ANT,69.0,0 days 00:01:43.473000,SOFT,5.0,1.0,0 days 03:06:02.533000,,False,14,103.473,,11162.533,0.0
ANT,70.0,,SOFT,6.0,1.0,0 days 03:08:49.800000,,False,41,,,11329.8,0.0
ANT,71.0,0 days 00:01:20.271000,SOFT,7.0,1.0,0 days 03:10:10.071000,,False,12,80.271,,11410.071,0.0
ANT,72.0,0 days 00:01:15.737000,SOFT,8.0,1.0,0 days 03:11:25.808000,,False,1,75.737,-4.534000000000006,11485.808,0.0
ANT,73.0,0 days 00:01:14.585000,SOFT,9.0,1.0,0 days 03:12:40.393000,,False,1,74.585,-1.152000000000001,11560.393,0.0
ANT,74.0,0 days 00:01:13.958000,SOFT,10.0,1.0,0 days 03:13:54.351000,,False,1,73.958,-0.6269999999999953,11634.351,0.0
ANT,75.0,0 days 00:01:14.008000,SOFT,11.0,1.0,0 days 03:15:08.359000,,False,1,74.008,0.04999999999999716,11708.359,0.0
ANT,76.0,0 days 00:01:13.481000,SOFT,12.0,1.0,0 days 03:16:21.840000,,False,1,73.481,-0.527000000000001,11781.84,0.0
ANT,77.0,0 days 00:01:13.728000,SOFT,13.0,1.0,0 days 03:17:35.568000,,False,1,73.728,0.2469999999999999,11855.568,0.0
ANT,78.0,0 days 00:01:15.614000,SOFT,14.0,1.0,0 days 03:18:51.182000,,False,1,75.614,1.88600000000001,11931.182,0.0
BEA,1.0,0 days 00:02:02.780000,MEDIUM,1.0,21.0,0 days 00:57:22.646000,0 days 00:56:51.339000,True,12,122.78,,3442.646,3.9710000000000036
BEA,2.0,0 days 00:01:23.665000,HARD,1.0,21.0,0 days 00:58:46.311000,,False,1,83.665,-39.114999999999995,3526.311,2.838999999999942
BEA,3.0,0 days 00:01:19.274000,HARD,2.0,21.0,0 days 01:00:05.585000,,False,1,79.274,-4.391000000000005,3605.585,0.8460000000000036
BEA,4.0,0 days 00:01:21.021000,HARD,3.0,21.0,0 days 01:01:26.606000,,False,1,81.021,1.7469999999999999,3686.606,0.18000000000029104
BEA,5.0,0 days 00:01:21.826000,HARD,4.0,21.0,0 days 01:02:48.432000,,False,1,81.826,0.8049999999999926,3768.432,0.3259999999995671
BEA,6.0,0 days 00:01:21.510000,HARD,5.0,21.0,0 days 01:04:09.942000,,False,1,81.51,-0.3159999999999883,3849.942,0.42399999999997817
BEA,7.0,0 days 00:01:21.010000,HARD,6.0,21.0,0 days 01:05:30.952000,,False,1,81.01,-0.5,3930.952,0.32500000000027285
BEA,8.0,0 days 00:01:20.485000,HARD,7.0,21.0,0 days 01:06:51.437000,,False,1,80.485,-0.5250000000000057,4011.437,0.25500000000010914
BEA,9.0,0 days 00:01:20.809000,HARD,8.0,21.0,0 days 01:08:12.246000,,False,1,80.809,0.32399999999999807,4092.246,0.3910000000000764
BEA,10.0,0 days 00:01:24.121000,HARD,9.0,21.0,0 days 01:09:36.367000,,False,1,84.121,3.3119999999999976,4176.367,0.6100000000005821
BEA,11.0,0 days 00:01:22.612000,HARD,10.0,21.0,0 days 01:10:58.979000,,False,1,82.612,-1.5090000000000003,4258.979,0.5210000000006403
BEA,12.0,0 days 00:01:23.615000,HARD,11.0,21.0,0 days 01:12:22.594000,,False,1,83.615,1.0030000000000001,4342.594,2.6920000000000073
BEA,13.0,0 days 00:01:19.542000,HARD,12.0,21.0,0 days 01:13:42.136000,,False,1,79.542,-4.072999999999993,4422.136,0.342000000000553
BEA,14.0,0 days 00:01:20.788000,HARD,13.0,21.0,0 days 01:15:02.924000,,False,1,80.788,1.2459999999999951,4502.924,0.2510000000002037
BEA,15.0,0 days 00:01:22.435000,HARD,14.0,21.0,0 days 01:16:25.359000,,False,1,82.435,1.6470000000000056,4585.359,1.6030000000000655
BEA,16.0,0 days 00:01:22.695000,HARD,15.0,21.0,0 days 01:17:48.054000,,False,1,82.695,0.2599999999999909,4668.054,0.3540000000002692
BEA,17.0,0 days 00:01:21.656000,HARD,16.0,20.0,0 days 01:19:09.710000,,False,1,81.656,-1.0389999999999873,4749.71,3.680000000000291
BEA,18.0,0 days 00:01:18.982000,HARD,17.0,20.0,0 days 01:20:28.692000,,False,1,78.982,-2.6740000000000066,4828.692,4.469000000000051
BEA,19.0,0 days 00:01:18.589000,HARD,18.0,20.0,0 days 01:21:47.281000,,False,1,78.589,-0.3930000000000007,4907.281,5.149999999999636
BEA,20.0,0 days 00:01:18.769000,HARD,19.0,20.0,0 days 01:23:06.050000,,False,1,78.769,0.18000000000000682,4986.05,5.5900000000001455
BEA,21.0,0 days 00:01:18.540000,HARD,20.0,20.0,0 days 01:24:24.590000,,False,1,78.54,-0.2289999999999992,5064.59,5.661000000000058
BEA,22.0,0 days 00:01:18.475000,HARD,21.0,20.0,0 days 01:25:43.065000,,False,1,78.475,-0.06500000000001194,5143.065,6.058999999999287
BEA,23.0,0 days 00:01:18.665000,HARD,22.0,20.0,0 days 01:27:01.730000,,False,1,78.665,0.19000000000001194,5221.73,6.681999999999789
BEA,24.0,0 days 00:01:19.137000,HARD,23.0,20.0,0 days 01:28:20.867000,,False,1,79.137,0.4719999999999942,5300.867,7.748000000000502
BEA,25.0,0 days 00:01:18.683000,HARD,24.0,20.0,0 days 01:29:39.550000,,False,1,78.683,-0.4539999999999935,5379.55,8.007000000000517
BEA,26.0,0 days 00:01:18.791000,HARD,25.0,20.0,0 days 01:30:58.341000,,False,1,78.791,0.10799999999998988,5458.341,8.892000000000735
BEA,27.0,0 days 00:01:18.623000,HARD,26.0,20.0,0 days 01:32:16.964000,,False,1,78.623,-0.16799999999999216,5536.964,9.418999999999869
BEA,28.0,,HARD,27.0,20.0,0 days 01:33:35.421000,0 days 01:33:35.443000,True,1,,,5615.421,8.97900000000027
BOR,1.0,0 days 00:01:58.809000,SOFT,1.0,20.0,0 days 00:57:18.675000,0 days 00:56:53.542000,True,12,118.809,,3438.675,0.6660000000001673
BOR,2.0,0 days 00:01:24.797000,HARD,1.0,20.0,0 days 00:58:43.472000,,False,1,84.797,-34.012,3523.472,1.330000000000382
BOR,3.0,0 days 00:01:21.267000,HARD,2.0,20.0,0 days 01:00:04.739000,,False,1,81.267,-3.530000000000001,3604.739,0.8440000000000509
BOR,4.0,0 days 00:01:21.687000,HARD,3.0,20.0,0 days 01:01:26.426000,,False,1,81.687,0.4200000000000017,3686.426,0.9220000000000255
BOR,5.0,0 days 00:01:21.680000,HARD,4.0,20.0,0 days 01:02:48.106000,,False,1,81.68,-0.006999999999990791,3768.106,0.6900000000000546
BOR,6.0,0 days 00:01:21.412000,HARD,5.0,20.0,0 days 01:04:09.518000,,False,1,81.412,-0.2680000000000007,3849.518,0.8090000000001965
BOR,7.0,0 days 00:01:21.109000,HARD,6.0,20.0,0 days 01:05:30.627000,,False,1,81.109,-0.3030000000000115,3930.627,0.7809999999999491
BOR,8.0,0 days 00:01:20.555000,HARD,7.0,20.0,0 days 01:06:51.182000,,False,1,80.555,-0.5539999999999878,4011.182,0.8419999999996435
BOR,9.0,0 days 00:01:20.673000,HARD,8.0,20.0,0 days 01:08:11.855000,,False,1,80.673,0.117999999999995,4091.855,0.6019999999998618
BOR,10.0,0 days 00:01:23.902000,HARD,9.0,20.0,0 days 01:09:35.757000,,False,1,83.902,3.228999999999999,4175.757,1.3389999999999418
BOR,11.0,0 days 00:01:22.701000,HARD,10.0,20.0,0 days 01:10:58.458000,,False,1,82.701,-1.2010000000000076,4258.458,0.9600000000000364
BOR,12.0,0 days 00:01:21.444000,HARD,11.0,20.0,0 days 01:12:19.902000,,False,1,81.444,-1.2569999999999908,4339.902,1.699999999999818
BOR,13.0,0 days 00:01:21.892000,HARD,12.0,20.0,0 days 01:13:41.794000,,False,1,81.892,0.4479999999999933,4421.794,0.7169999999996435
BOR,14.0,0 days 00:01:20.879000,HARD,13.0,20.0,0 days 01:15:02.673000,,False,1,80.879,-1.012999999999991,4502.673,0.7240000000001601
BOR,15.0,0 days 00:01:21.083000,HARD,14.0,20.0,0 days 01:16:23.756000,,False,1,81.083,0.20399999999999352,4583.756,0.7730000000001382
BOR,16.0,0 days 00:01:23.944000,HARD,15.0,20.0,0 days 01:17:47.700000,,False,1,83.944,2.861000000000004,4667.7,7.056999999999789
BOR,17.0,0 days 00:01:18.330000,HARD,16.0,19.0,0 days 01:19:06.030000,,False,1,78.33,-5.614000000000004,4746.03,19.458999999999833
BOR,18.0,0 days 00:01:18.193000,HARD,17.0,19.0,0 days 01:20:24.223000,,False,1,78.193,-0.13700000000000045,4824.223,18.952000000000226
BOR,19.0,0 days 00:01:17.908000,HARD,18.0,19.0,0 days 01:21:42.131000,,False,1,77.908,-0.2849999999999966,4902.131,17.95300000000043
BOR,20.0,0 days 00:01:18.329000,HARD,19.0,19.0,0 days 01:23:00.460000,,False,1,78.329,0.42099999999999227,4980.46,17.35199999999986
BOR,21.0,0 days 00:01:18.469000,HARD,20.0,19.0,0 days 01:24:18.929000,,False,1,78.469,0.14000000000000057,5058.929,16.730000000000473
BOR,22.0,0 days 00:01:18.077000,HARD,21.0,19.0,0 days 01:25:37.006000,,False,1,78.077,-0.3919999999999959,5137.006,14.248000000000502
BOR,23.0,0 days 00:01:18.042000,HARD,22.0,19.0,0 days 01:26:55.048000,,False,1,78.042,-0.03499999999999659,5215.048,12.789999999999964
BOR,24.0,0 days 00:01:18.071000,HARD,23.0,19.0,0 days 01:28:13.119000,,False,1,78.071,0.028999999999996362,5293.119,11.536000000000058
BOR,25.0,0 days 00:01:18.424000,HARD,24.0,19.0,0 days 01:29:31.543000,,False,1,78.424,0.35300000000000864,5371.543,10.42199999999957
BOR,26.0,0 days 00:01:17.906000,HARD,25.0,19.0,0 days 01:30:49.449000,,False,1,77.906,-0.5180000000000007,5449.449,9.6299999999992
BOR,27.0,0 days 00:01:18.096000,HARD,26.0,19.0,0 days 01:32:07.545000,,False,1,78.096,0.18999999999999773,5527.545,8.956000000000131
BOR,28.0,0 days 00:01:18.897000,HARD,27.0,19.0,0 days 01:33:26.442000,,False,1,78.897,0.8010000000000019,5606.442,9.00500000000011
BOR,29.0,0 days 00:01:18.442000,HARD,28.0,19.0,0 days 01:34:44.884000,,False,1,78.442,-0.4550000000000125,5684.884,8.574999999999818
BOR,30.0,0 days 00:01:18.765000,HARD,29.0,19.0,0 days 01:36:03.649000,,False,1,78.765,0.3230000000000075,5763.649,8.436999999999898
BOR,31.0,0 days 00:01:18.290000,HARD,30.0,19.0,0 days 01:37:21.939000,,False,1,78.29,-0.4749999999999943,5841.939,7.389000000000124
BOR,32.0,0 days 00:01:18.092000,HARD,31.0,19.0,0 days 01:38:40.031000,,False,1,78.092,-0.1980000000000075,5920.031,5.824999999999818
BOR,33.0,0 days 00:01:18.137000,HARD,32.0,19.0,0 days 01:39:58.168000,,False,1,78.137,0.045000000000001705,5998.168,4.045000000000073
BOR,34.0,0 days 00:01:18.233000,HARD,33.0,19.0,0 days 01:41:16.401000,,False,1,78.233,0.09600000000000364,6076.401,2.2969999999995707
BOR,35.0,0 days 00:01:20.013000,HARD,34.0,19.0,0 days 01:42:36.414000,,False,1,80.013,1.7800000000000011,6156.414,0.8339999999998327
BOR,36.0,0 days 00:01:19.671000,HARD,35.0,19.0,0 days 01:43:56.085000,,False,1,79.671,-0.34199999999999875,6236.085,0.7539999999999054
BOR,37.0,0 days 00:01:19.905000,HARD,36.0,19.0,0 days 01:45:15.990000,,False,1,79.905,0.23399999999999466,6315.99,0.8599999999996726
BOR,38.0,0 days 00:01:21.936000,HARD,37.0,19.0,0 days 01:46:37.926000,,False,1,81.936,2.031000000000006,6397.926,3.4260000000003856
BOR,39.0,0 days 00:01:20.369000,HARD,38.0,19.0,0 days 01:47:58.295000,,False,1,80.369,-1.5670000000000073,6478.295,2.1080000000001746
BOR,40.0,0 days 00:01:21.026000,HARD,39.0,19.0,0 days 01:49:19.321000,,False,1,81.026,0.6569999999999965,6559.321,0.8040000000000873
BOR,41.0,0 days 00:01:20.793000,HARD,40.0,19.0,0 days 01:50:40.114000,,False,1,80.793,-0.23299999999998988,6640.114,0.7579999999998108
BOR,42.0,0 days 00:01:22.157000,HARD,41.0,19.0,0 days 01:52:02.271000,,False,1,82.157,1.36399999999999,6722.271,0.8209999999999127
BOR,43.0,0 days 00:01:38.020000,HARD,42.0,19.0,0 days 01:53:40.291000,0 days 01:53:16.308000,True,1,98.02,15.863,6820.291,17.80200000000059
BOR,44.0,0 days 00:01:21.760000,MEDIUM,1.0,19.0,0 days 01:55:02.051000,,False,1,81.76,-16.25999999999999,6902.051,18.345000000000255
BOR,45.0,0 days 00:01:17.416000,MEDIUM,2.0,18.0,0 days 01:56:19.467000,,False,1,77.416,-4.344000000000008,6979.467,16.193999999999505
BOR,46.0,0 days 00:01:16.803000,MEDIUM,3.0,18.0,0 days 01:57:36.270000,,False,1,76.803,-0.6129999999999995,7056.27,13.842000000000553
BOR,47.0,0 days 00:01:16.860000,MEDIUM,4.0,18.0,0 days 01:58:53.130000,,False,1,76.86,0.05700000000000216,7133.13,11.670000000000073
BOR,48.0,0 days 00:01:17.182000,MEDIUM,5.0,18.0,0 days 02:00:10.312000,,False,1,77.182,0.32200000000000273,7210.312,7.4650000000001455
BOR,49.0,0 days 00:01:19.353000,MEDIUM,6.0,18.0,0 days 02:01:29.665000,,False,1,79.353,2.1709999999999923,7289.665,5.90099999999984
BOR,50.0,0 days 00:01:22.900000,MEDIUM,7.0,18.0,0 days 02:02:52.565000,,False,1,82.9,3.5470000000000113,7372.565,7.210000000000036
BOR,51.0,0 days 00:01:18.396000,MEDIUM,8.0,18.0,0 days 02:04:10.961000,,False,1,78.396,-4.504000000000005,7450.961,2.6649999999999636
BOR,52.0,0 days 00:01:18.553000,MEDIUM,9.0,18.0,0 days 02:05:29.514000,,False,1,78.553,0.15699999999999648,7529.514,0.386000000000422
BOR,53.0,0 days 00:01:21.318000,MEDIUM,10.0,18.0,0 days 02:06:50.832000,,False,1,81.318,2.7650000000000006,7610.832,0.8710000000000946
BOR,54.0,0 days 00:01:19.580000,MEDIUM,11.0,18.0,0 days 02:08:10.412000,,False,1,79.58,-1.7379999999999995,7690.412,0.4000000000005457
BOR,55.0,0 days 00:01:21.885000,MEDIUM,12.0,18.0,0 days 02:09:32.297000,,False,1,81.885,2.305000000000007,7772.297,0.4219999999995707
BOR,56.0,0 days 00:01:24.868000,MEDIUM,13.0,18.0,0 days 02:10:57.165000,,False,1,84.868,2.98299999999999,7857.165,5.466000000000349
BOR,57.0,0 days 00:01:22.509000,MEDIUM,14.0,17.0,0 days 02:12:19.674000,,False,124,82.509,-2.3589999999999947,7939.674,6.920000000000073
BOR,58.0,0 days 00:01:57.271000,MEDIUM,15.0,17.0,0 days 02:14:16.945000,0 days 02:13:57.549000,True,4,117.271,34.762,8056.945,15.688999999999396
BOR,59.0,0 days 00:01:56.861000,MEDIUM,16.0,17.0,0 days 02:16:13.806000,0 days 02:15:49.895000,True,4,116.861,-0.4099999999999966,8173.806,15.358999999999469
BOR,60.0,0 days 00:01:23.815000,SOFT,1.0,17.0,0 days 02:17:37.621000,,False,4,83.815,-33.04600000000001,8257.621,3.583999999998923
BOR,61.0,0 days 00:01:23.938000,SOFT,2.0,17.0,0 days 02:19:01.559000,,False,4,83.938,0.12300000000000466,8341.559,0.8400000000001455
BOR,62.0,0 days 00:01:33.942000,SOFT,3.0,17.0,0 days 02:20:35.501000,,False,4,93.942,10.00399999999999,8435.501,3.121000000001004
BOR,63.0,0 days 00:01:21.089000,SOFT,4.0,17.0,0 days 02:21:56.590000,,False,4,81.089,-12.852999999999994,8516.59,0.6020000000007713
BOR,64.0,0 days 00:01:22.880000,SOFT,5.0,17.0,0 days 02:23:19.470000,,False,412,82.88,1.7909999999999968,8599.47,2.2269999999989523
BOR,65.0,0 days 00:01:55.078000,SOFT,6.0,16.0,0 days 02:25:14.548000,0 days 02:24:52.586000,True,24,115.078,32.19800000000001,8714.548,0.930000000000291
BOR,66.0,0 days 00:01:45.268000,SOFT,7.0,16.0,0 days 02:26:59.816000,,False,4,105.268,-9.810000000000002,8819.816,0.8880000000008295
BOR,67.0,,SOFT,8.0,16.0,0 days 03:02:36.707000,0 days 02:28:47.606000,True,451,,,10956.707,4.407999999999447
BOR,68.0,0 days 00:02:26.260000,SOFT,1.0,16.0,0 days 03:05:02.967000,0 days 03:03:59.682000,True,14,146.26,,11102.967,1.5120000000006257
BOR,69.0,0 days 00:01:27.452000,SOFT,2.0,16.0,0 days 03:06:30.419000,,False,4,87.452,-58.80799999999999,11190.419,1.1769999999996799
BOR,70.0,0 days 00:02:23.700000,SOFT,3.0,16.0,0 days 03:08:54.119000,,False,41,143.7,56.24799999999999,11334.119,0.35200000000077125
BOR,71.0,0 days 00:01:34.851000,SOFT,4.0,14.0,0 days 03:10:28.970000,,False,12,94.851,-48.84899999999999,11428.97,4.896999999999025
BOR,72.0,0 days 00:01:17.484000,SOFT,5.0,14.0,0 days 03:11:46.454000,,False,1,77.484,-17.367000000000004,11506.454,1.4830000000001746
BOR,73.0,0 days 00:01:19.306000,SOFT,6.0,13.0,0 days 03:13:05.760000,,False,1,79.306,1.8220000000000027,11585.76,0.6390000000010332
BOR,74.0,0 days 00:01:18.224000,SOFT,7.0,13.0,0 days 03:14:23.984000,,False,1,78.224,-1.0819999999999936,11663.984,0.5619999999998981
BOR,75.0,0 days 00:01:17.897000,SOFT,8.0,13.0,0 days 03:15:41.881000,,False,1,77.897,-0.3269999999999982,11741.881,0.4030000000002474
BOR,76.0,0 days 00:01:17.588000,SOFT,9.0,13.0,0 days 03:16:59.469000,,False,1,77.588,-0.3090000000000117,11819.469,0.7149999999983265
BOR,77.0,0 days 00:01:17.104000,SOFT,10.0,13.0,0 days 03:18:16.573000,,False,1,77.104,-0.48399999999999466,11896.573,0.6990000000005239
BOR,78.0,0 days 00:01:17.312000,SOFT,11.0,13.0,0 days 03:19:33.885000,,False,1,77.312,0.2079999999999984,11973.885,0.8710000000010041
BOT,1.0,0 days 00:01:58.143000,SOFT,1.0,19.0,0 days 00:57:18.009000,0 days 00:56:51.980000,True,12,118.143,,3438.009,18.945999999999913
BOT,2.0,0 days 00:01:24.133000,MEDIUM,1.0,19.0,0 days 00:58:42.142000,,False,1,84.133,-34.010000000000005,3522.142,20.996999999999844
BOT,3.0,0 days 00:01:21.753000,MEDIUM,2.0,19.0,0 days 01:00:03.895000,,False,1,81.753,-2.3799999999999955,3603.895,5.371999999999844
BOT,4.0,0 days 00:01:21.609000,MEDIUM,3.0,19.0,0 days 01:01:25.504000,,False,1,81.609,-0.14400000000000546,3685.504,3.668999999999869
BOT,5.0,0 days 00:01:21.912000,MEDIUM,4.0,19.0,0 days 01:02:47.416000,,False,1,81.912,0.3030000000000115,3767.416,1.844000000000051
BOT,6.0,0 days 00:01:21.293000,MEDIUM,5.0,19.0,0 days 01:04:08.709000,,False,1,81.293,-0.6189999999999998,3848.709,3.381999999999607
BOT,7.0,0 days 00:01:21.137000,MEDIUM,6.0,19.0,0 days 01:05:29.846000,,False,1,81.137,-0.1560000000000059,3929.846,4.916999999999916
BOT,8.0,0 days 00:01:20.494000,MEDIUM,7.0,19.0,0 days 01:06:50.340000,,False,1,80.494,-0.6430000000000007,4010.34,6.235000000000127
BOT,9.0,0 days 00:01:20.913000,MEDIUM,8.0,19.0,0 days 01:08:11.253000,,False,1,80.913,0.41899999999999693,4091.253,4.5219999999999345
BOT,10.0,0 days 00:01:23.165000,MEDIUM,9.0,19.0,0 days 01:09:34.418000,,False,1,83.165,2.2520000000000095,4174.418,5.482999999999265
BOT,11.0,0 days 00:01:23.080000,MEDIUM,10.0,19.0,0 days 01:10:57.498000,,False,1,83.08,-0.08500000000000796,4257.498,9.826999999999316
BOT,12.0,0 days 00:01:20.704000,MEDIUM,11.0,19.0,0 days 01:12:18.202000,,False,1,80.704,-2.3760000000000048,4338.202,8.882000000000517
BOT,13.0,0 days 00:01:22.875000,MEDIUM,12.0,19.0,0 days 01:13:41.077000,,False,1,82.875,2.1710000000000065,4421.077,11.53400000000056
BOT,14.0,0 days 00:01:20.872000,MEDIUM,13.0,19.0,0 days 01:15:01.949000,,False,1,80.872,-2.003,4501.949,13.89599999999973
BOT,15.0,0 days 00:01:21.034000,MEDIUM,14.0,19.0,0 days 01:16:22.983000,,False,1,81.034,0.16200000000000614,4582.983,14.119000000000597
BOT,16.0,,MEDIUM,15.0,19.0,0 days 01:17:40.643000,0 days 01:17:40.676000,True,1,,,4660.643,13.201000000000022
COL,1.0,0 days 00:01:34.728000,MEDIUM,1.0,13.0,0 days 00:56:54.594000,,False,12,94.728,,3414.594,0.9780000000000655
COL,2.0,0 days 00:01:21.158000,MEDIUM,2.0,13.0,0 days 00:58:15.752000,,False,1,81.158,-13.569999999999993,3495.752,0.9130000000000109
COL,3.0,0 days 00:01:20.483000,MEDIUM,3.0,13.0,0 days 00:59:36.235000,,False,1,80.483,-0.6749999999999972,3576.235,0.8610000000003311
COL,4.0,0 days 00:01:20.159000,MEDIUM,4.0,13.0,0 days 01:00:56.394000,,False,1,80.159,-0.32399999999999807,3656.394,1.0039999999999054
COL,5.0,0 days 00:01:20.084000,MEDIUM,5.0,13.0,0 days 01:02:16.478000,,False,1,80.084,-0.07500000000000284,3736.478,0.9090000000001055
COL,6.0,0 days 00:01:19.890000,MEDIUM,6.0,13.0,0 days 01:03:36.368000,,False,1,79.89,-0.19400000000000261,3816.368,1.0900000000001455
COL,7.0,0 days 00:01:19.427000,MEDIUM,7.0,13.0,0 days 01:04:55.795000,,False,1,79.427,-0.46299999999999386,3895.795,1.3350000000000364
COL,8.0,0 days 00:01:19.631000,MEDIUM,8.0,13.0,0 days 01:06:15.426000,,False,1,79.631,0.20399999999999352,3975.426,1.1849999999999454
COL,9.0,0 days 00:01:18.824000,MEDIUM,9.0,13.0,0 days 01:07:34.250000,,False,1,78.824,-0.8070000000000022,4054.25,0.6359999999999673
COL,10.0,0 days 00:01:20.143000,MEDIUM,10.0,13.0,0 days 01:08:54.393000,,False,1,80.143,1.3190000000000026,4134.393,1.029000000000451
COL,11.0,0 days 00:01:18.682000,MEDIUM,11.0,13.0,0 days 01:10:13.075000,,False,1,78.682,-1.4609999999999985,4213.075,0.9969999999993888
COL,12.0,0 days 00:01:18.891000,MEDIUM,12.0,12.0,0 days 01:11:31.966000,,False,1,78.891,0.20900000000000318,4291.966,3.3950000000004366
COL,13.0,0 days 00:01:18.417000,MEDIUM,13.0,12.0,0 days 01:12:50.383000,,False,1,78.417,-0.47400000000000375,4370.383,3.1589999999996508
COL,14.0,0 days 00:01:18.352000,MEDIUM,14.0,12.0,0 days 01:14:08.735000,,False,1,78.352,-0.06499999999999773,4448.735,2.290999999999258
COL,15.0,0 days 00:01:18.809000,MEDIUM,15.0,12.0,0 days 01:15:27.544000,,False,1,78.809,0.45699999999999363,4527.544,2.574999999999818
COL,16.0,0 days 00:01:18.493000,MEDIUM,16.0,12.0,0 days 01:16:46.037000,,False,1,78.493,-0.3160000000000025,4606.037,2.566000000000713
COL,17.0,0 days 00:01:18.227000,MEDIUM,17.0,12.0,0 days 01:18:04.264000,,False,1,78.227,-0.26599999999999113,4684.264,2.407000000000153
COL,18.0,0 days 00:01:18.676000,MEDIUM,18.0,12.0,0 days 01:19:22.940000,,False,1,78.676,0.44899999999999807,4762.94,2.606999999999971
COL,19.0,0 days 00:01:18.695000,MEDIUM,19.0,12.0,0 days 01:20:41.635000,,False,1,78.695,0.018999999999991246,4841.635,2.769000000000233
COL,20.0,0 days 00:01:18.760000,MEDIUM,20.0,12.0,0 days 01:22:00.395000,,False,1,78.76,0.06500000000001194,4920.395,2.8280000000004293
COL,21.0,0 days 00:01:18.708000,MEDIUM,21.0,12.0,0 days 01:23:19.103000,,False,1,78.708,-0.05200000000000671,4999.103,2.600000000000364
COL,22.0,0 days 00:01:18.784000,MEDIUM,22.0,12.0,0 days 01:24:37.887000,,False,1,78.784,0.07600000000000762,5077.887,2.2539999999999054
COL,23.0,0 days 00:01:19.127000,MEDIUM,23.0,12.0,0 days 01:25:57.014000,,False,1,79.127,0.3429999999999893,5157.014,2.020999999999731
COL,24.0,0 days 00:01:19.087000,MEDIUM,24.0,12.0,0 days 01:27:16.101000,,False,1,79.087,-0.03999999999999204,5236.101,1.8969999999999345
COL,25.0,0 days 00:01:19.138000,MEDIUM,25.0,12.0,0 days 01:28:35.239000,,False,1,79.138,0.05100000000000193,5315.239,1.6199999999998909
COL,26.0,0 days 00:01:19.121000,MEDIUM,26.0,12.0,0 days 01:29:54.360000,,False,1,79.121,-0.017000000000010118,5394.36,1.7729999999992287
COL,27.0,0 days 00:01:19.180000,MEDIUM,27.0,12.0,0 days 01:31:13.540000,,False,1,79.18,0.05900000000001171,5473.54,1.9260000000003856
COL,28.0,0 days 00:01:18.754000,MEDIUM,28.0,12.0,0 days 01:32:32.294000,,False,1,78.754,-0.42600000000000193,5552.294,1.863999999999578
COL,29.0,0 days 00:01:19.837000,MEDIUM,29.0,12.0,0 days 01:33:52.131000,,False,1,79.837,1.0829999999999984,5632.131,2.662000000000262
COL,30.0,0 days 00:01:20.130000,MEDIUM,30.0,12.0,0 days 01:35:12.261000,,False,1,80.13,0.29299999999999216,5712.261,1.8920000000007349
COL,31.0,0 days 00:01:19.382000,MEDIUM,31.0,12.0,0 days 01:36:31.643000,,False,1,79.382,-0.7479999999999905,5791.643,2.4549999999999272
COL,32.0,0 days 00:01:19.522000,MEDIUM,32.0,12.0,0 days 01:37:51.165000,,False,1,79.522,0.14000000000000057,5871.165,2.938000000000102
COL,33.0,0 days 00:01:19.742000,MEDIUM,33.0,12.0,0 days 01:39:10.907000,,False,1,79.742,0.21999999999999886,5950.907,1.0360000000000582
COL,34.0,0 days 00:01:21.727000,MEDIUM,34.0,12.0,0 days 01:40:32.634000,,False,1,81.727,1.9849999999999994,6032.634,0.8280000000004293
COL,35.0,0 days 00:01:39.849000,MEDIUM,35.0,15.0,0 days 01:42:12.483000,0 days 01:41:47.496000,True,1,99.849,18.122,6132.483,16.592000000000553
COL,36.0,0 days 00:01:21.423000,HARD,1.0,15.0,0 days 01:43:33.906000,,False,1,81.423,-18.426000000000002,6213.906,17.039999999999964
COL,37.0,0 days 00:01:17.418000,HARD,2.0,15.0,0 days 01:44:51.324000,,False,1,77.418,-4.0049999999999955,6291.324,13.286999999999352
COL,38.0,0 days 00:01:16.852000,HARD,3.0,15.0,0 days 01:46:08.176000,,False,1,76.852,-0.5660000000000025,6368.176,7.497000000000298
COL,39.0,0 days 00:01:20.057000,HARD,4.0,15.0,0 days 01:47:28.233000,,False,1,80.057,3.2049999999999983,6448.233,5.682999999999993
COL,40.0,0 days 00:01:19.090000,HARD,5.0,15.0,0 days 01:48:47.323000,,False,1,79.09,-0.9669999999999987,6527.323,1.7899999999999636
COL,41.0,0 days 00:01:20.543000,HARD,6.0,15.0,0 days 01:50:07.866000,,False,1,80.543,1.453000000000003,6607.866,0.9849999999996726
COL,42.0,0 days 00:01:21.845000,HARD,7.0,15.0,0 days 01:51:29.711000,,False,1,81.845,1.3019999999999925,6689.711,0.918999999999869
COL,43.0,0 days 00:01:21.644000,HARD,8.0,15.0,0 days 01:52:51.355000,,False,1,81.644,-0.2009999999999934,6771.355,1.0999999999994543
COL,44.0,0 days 00:01:20.054000,HARD,9.0,15.0,0 days 01:54:11.409000,,False,1,80.054,-1.5900000000000034,6851.409,0.8979999999992287
COL,45.0,0 days 00:01:20.894000,HARD,10.0,14.0,0 days 01:55:32.303000,,False,1,80.894,0.8400000000000034,6932.303,0.7529999999997017
COL,46.0,0 days 00:01:22.231000,HARD,11.0,14.0,0 days 01:56:54.534000,,False,1,82.231,1.336999999999989,7014.534,0.8599999999996726
COL,47.0,0 days 00:01:22.125000,HARD,12.0,14.0,0 days 01:58:16.659000,,False,1,82.125,-0.10599999999999454,7096.659,0.7969999999995707
COL,48.0,0 days 00:01:21.306000,HARD,13.0,14.0,0 days 01:59:37.965000,,False,1,81.306,-0.8190000000000026,7177.965,1.2860000000000582
COL,49.0,0 days 00:01:20.530000,HARD,14.0,14.0,0 days 02:00:58.495000,,False,1,80.53,-0.7759999999999962,7258.495,2.394999999999527
COL,50.0,0 days 00:01:21.165000,HARD,15.0,14.0,0 days 02:02:19.660000,,False,1,81.165,0.6350000000000051,7339.66,2.03899999999976
COL,51.0,0 days 00:01:19.635000,HARD,16.0,14.0,0 days 02:03:39.295000,,False,1,79.635,-1.5300000000000011,7419.295,1.0579999999999927
COL,52.0,0 days 00:01:21.035000,HARD,17.0,14.0,0 days 02:05:00.330000,,False,1,81.035,1.3999999999999915,7500.33,2.6710000000002765
COL,53.0,0 days 00:01:20.660000,HARD,18.0,14.0,0 days 02:06:20.990000,,False,1,80.66,-0.375,7580.99,0.5909999999994398
COL,54.0,0 days 00:01:19.678000,HARD,19.0,14.0,0 days 02:07:40.668000,,False,1,79.678,-0.9819999999999993,7660.668,0.9439999999995052
COL,55.0,0 days 00:01:19.258000,HARD,20.0,14.0,0 days 02:08:59.926000,,False,1,79.258,-0.4200000000000017,7739.926,0.98700000000008
COL,56.0,0 days 00:01:22.493000,HARD,21.0,14.0,0 days 02:10:22.419000,,False,1,82.493,3.2349999999999994,7822.419,1.6939999999995052
COL,57.0,0 days 00:01:20.523000,HARD,22.0,14.0,0 days 02:11:42.942000,,False,1,80.523,-1.9699999999999989,7902.942,0.5140000000001237
COL,58.0,0 days 00:01:43.252000,HARD,23.0,14.0,0 days 02:13:26.194000,,False,124,103.252,22.729,8006.194,1.5190000000002328
COL,59.0,0 days 00:01:55.405000,HARD,24.0,14.0,0 days 02:15:21.599000,0 days 02:15:00.360000,True,4,115.405,12.153000000000006,8121.599,3.41399999999976
COL,60.0,0 days 00:01:33.555000,HARD,25.0,14.0,0 days 02:16:55.154000,,False,4,93.555,-21.849999999999994,8215.154,1.3549999999995634
COL,61.0,0 days 00:01:58.025000,HARD,26.0,14.0,0 days 02:18:53.179000,,False,4,118.025,24.47,8333.179,0.33400000000074215
COL,62.0,0 days 00:01:33.040000,HARD,27.0,14.0,0 days 02:20:26.219000,,False,4,93.04,-24.985,8426.219,1.6109999999989668
COL,63.0,0 days 00:01:24.708000,HARD,28.0,14.0,0 days 02:21:50.927000,,False,4,84.708,-8.332000000000008,8510.927,2.2780000000002474
COL,64.0,0 days 00:01:21.664000,HARD,29.0,14.0,0 days 02:23:12.591000,,False,412,81.664,-3.043999999999997,8592.591,1.765000000001237
COL,65.0,0 days 00:01:56.957000,HARD,30.0,13.0,0 days 02:25:09.548000,0 days 02:24:46.961000,True,24,116.957,35.29299999999999,8709.548,5.382000000001426
COL,66.0,0 days 00:01:45.556000,HARD,31.0,13.0,0 days 02:26:55.104000,,False,4,105.556,-11.400999999999996,8815.104,2.811999999999898
COL,67.0,,HARD,32.0,13.0,0 days 03:02:25.481000,0 days 02:28:40.450000,True,451,,,10945.481,1.407999999999447
COL,68.0,,SOFT,1.0,13.0,0 days 03:04:55.715000,0 days 03:03:51.885000,True,14,,,11095.715,5.790999999999258
COL,69.0,0 days 00:01:29.741000,SOFT,1.0,13.0,0 days 03:06:25.456000,,False,4,89.741,,11185.456,5.558000000000902
COL,70.0,0 days 00:02:27.871000,SOFT,2.0,12.0,0 days 03:08:53.327000,,False,41,147.871,58.13000000000001,11333.327,0.15200000000004366
COL,71.0,0 days 00:01:39.346000,SOFT,3.0,15.0,0 days 03:10:32.673000,,False,12,99.346,-48.525000000000006,11432.673,3.7030000000013388
COL,72.0,0 days 00:01:19.699000,SOFT,4.0,15.0,0 days 03:11:52.372000,,False,1,79.699,-19.647000000000006,11512.372,5.917999999999665
COL,73.0,0 days 00:01:18.642000,SOFT,5.0,15.0,0 days 03:13:11.014000,,False,1,78.642,-1.0570000000000022,11591.014,4.68999999999869
COL,74.0,0 days 00:01:16.316000,SOFT,6.0,15.0,0 days 03:14:27.330000,,False,1,76.316,-2.3259999999999934,11667.33,2.8479999999999563
COL,75.0,0 days 00:01:16.531000,SOFT,7.0,15.0,0 days 03:15:43.861000,,False,1,76.531,0.2150000000000034,11743.861,1.47400000000016
COL,76.0,0 days 00:01:17.519000,SOFT,8.0,15.0,0 days 03:17:01.380000,,False,1,77.519,0.9879999999999995,11821.38,1.396999999999025
COL,77.0,0 days 00:01:17.095000,SOFT,9.0,15.0,0 days 03:18:18.475000,,False,1,77.095,-0.4240000000000066,11898.475,1.2219999999997526
COL,78.0,0 days 00:01:16.654000,SOFT,10.0,15.0,0 days 03:19:35.129000,,False,1,76.654,-0.4410000000000025,11975.129,0.6190000000005966
GAS,1.0,0 days 00:01:30.105000,MEDIUM,1.0,7.0,0 days 00:56:49.971000,,False,12,90.105,,3409.971,0.7449999999998909
GAS,2.0,0 days 00:01:20.715000,MEDIUM,2.0,7.0,0 days 00:58:10.686000,,False,1,80.715,-9.39,3490.686,1.0060000000003129
GAS,3.0,0 days 00:01:20.073000,MEDIUM,3.0,7.0,0 days 00:59:30.759000,,False,1,80.073,-0.6420000000000101,3570.759,1.3029999999998836
GAS,4.0,0 days 00:01:19.124000,MEDIUM,4.0,7.0,0 days 01:00:49.883000,,False,1,79.124,-0.9489999999999981,3649.883,1.5409999999997126
GAS,5.0,0 days 00:01:19.092000,MEDIUM,5.0,7.0,0 days 01:02:08.975000,,False,1,79.092,-0.031999999999996476,3728.975,2.5609999999996944
GAS,6.0,0 days 00:01:18.305000,MEDIUM,6.0,7.0,0 days 01:03:27.280000,,False,1,78.305,-0.7869999999999919,3807.28,2.6280000000001564
GAS,7.0,0 days 00:01:18.580000,MEDIUM,7.0,7.0,0 days 01:04:45.860000,,False,1,78.58,0.2749999999999915,3885.86,3.6350000000002183
GAS,8.0,0 days 00:01:17.946000,MEDIUM,8.0,7.0,0 days 01:06:03.806000,,False,1,77.946,-0.6340000000000003,3963.806,4.394000000000233
GAS,9.0,0 days 00:01:18.130000,MEDIUM,9.0,7.0,0 days 01:07:21.936000,,False,1,78.13,0.1839999999999975,4041.936,5.329999999999927
GAS,10.0,0 days 00:01:18.040000,MEDIUM,10.0,7.0,0 days 01:08:39.976000,,False,1,78.04,-0.0899999999999892,4119.976,6.1899999999996
GAS,11.0,0 days 00:01:18.404000,MEDIUM,11.0,7.0,0 days 01:09:58.380000,,False,1,78.404,0.3639999999999901,4198.38,6.704999999999927
GAS,12.0,0 days 00:01:18.358000,MEDIUM,12.0,7.0,0 days 01:11:16.738000,,False,1,78.358,-0.04599999999999227,4276.738,7.124000000000706
GAS,13.0,0 days 00:01:18.333000,MEDIUM,13.0,7.0,0 days 01:12:35.071000,,False,1,78.333,-0.025000000000005684,4355.071,6.988999999999578
GAS,14.0,0 days 00:01:18.204000,MEDIUM,14.0,7.0,0 days 01:13:53.275000,,False,1,78.204,-0.1290000000000049,4433.275,7.011999999999716
GAS,15.0,0 days 00:01:18.092000,MEDIUM,15.0,7.0,0 days 01:15:11.367000,,False,1,78.092,-0.11199999999999477,4511.367,6.139000000000124
GAS,16.0,0 days 00:01:19.128000,MEDIUM,16.0,7.0,0 days 01:16:30.495000,,False,1,79.128,1.0360000000000014,4590.495,5.698999999999614
GAS,17.0,0 days 00:01:18.782000,MEDIUM,17.0,7.0,0 days 01:17:49.277000,,False,1,78.782,-0.34600000000000364,4669.277,5.3419999999996435
GAS,18.0,0 days 00:01:19.055000,MEDIUM,18.0,7.0,0 days 01:19:08.332000,,False,1,79.055,0.27300000000001035,4748.332,5.8840000000000146
GAS,19.0,0 days 00:01:18.687000,MEDIUM,19.0,7.0,0 days 01:20:27.019000,,False,1,78.687,-0.3680000000000092,4827.019,6.3510000000005675
GAS,20.0,0 days 00:01:18.231000,MEDIUM,20.0,7.0,0 days 01:21:45.250000,,False,1,78.231,-0.45600000000000307,4905.25,6.5
GAS,21.0,0 days 00:01:18.386000,MEDIUM,21.0,7.0,0 days 01:23:03.636000,,False,1,78.386,0.15500000000000114,4983.636,6.688000000000102
GAS,22.0,0 days 00:01:18.475000,MEDIUM,22.0,7.0,0 days 01:24:22.111000,,False,1,78.475,0.08899999999999864,5062.111,6.932999999999993
GAS,23.0,0 days 00:01:18.461000,MEDIUM,23.0,7.0,0 days 01:25:40.572000,,False,1,78.461,-0.013999999999995794,5140.572,7.006000000000313
GAS,24.0,0 days 00:01:18.520000,MEDIUM,24.0,7.0,0 days 01:26:59.092000,,False,1,78.52,0.0589999999999975,5219.092,7.437999999999192
GAS,25.0,0 days 00:01:18.386000,MEDIUM,25.0,7.0,0 days 01:28:17.478000,,False,1,78.386,-0.13400000000000034,5297.478,7.533999999999651
GAS,26.0,0 days 00:01:18.461000,MEDIUM,26.0,7.0,0 days 01:29:35.939000,,False,1,78.461,0.07500000000000284,5375.939,7.333000000000538
GAS,27.0,0 days 00:01:18.521000,MEDIUM,27.0,7.0,0 days 01:30:54.460000,,False,1,78.521,0.060000000000002274,5454.46,7.2169999999996435
GAS,28.0,0 days 00:01:18.596000,MEDIUM,28.0,7.0,0 days 01:32:13.056000,,False,1,78.596,0.07500000000000284,5533.056,7.105999999999767
GAS,29.0,0 days 00:01:18.056000,MEDIUM,29.0,7.0,0 days 01:33:31.112000,,False,1,78.056,-0.5400000000000063,5611.112,6.682999999999993
GAS,30.0,0 days 00:01:18.178000,MEDIUM,30.0,7.0,0 days 01:34:49.290000,,False,1,78.178,0.12199999999999989,5689.29,6.253999999999905
GAS,31.0,0 days 00:01:18.360000,MEDIUM,31.0,6.0,0 days 01:36:07.650000,,False,1,78.36,0.18200000000000216,5767.65,5.9539999999997235
GAS,32.0,0 days 00:01:18.029000,MEDIUM,32.0,5.0,0 days 01:37:25.679000,,False,1,78.029,-0.33100000000000307,5845.679,5.806000000000495
GAS,33.0,0 days 00:01:18.807000,MEDIUM,33.0,5.0,0 days 01:38:44.486000,,False,1,78.807,0.7780000000000058,5924.486,6.501000000000204
GAS,34.0,0 days 00:01:18.659000,MEDIUM,34.0,5.0,0 days 01:40:03.145000,,False,1,78.659,-0.14799999999999613,6003.145,6.75
GAS,35.0,0 days 00:01:18.332000,MEDIUM,35.0,5.0,0 days 01:41:21.477000,,False,1,78.332,-0.3270000000000124,6081.477,6.5219999999999345
GAS,36.0,0 days 00:01:18.178000,MEDIUM,36.0,5.0,0 days 01:42:39.655000,,False,1,78.178,-0.15399999999999636,6159.655,6.375999999999294
GAS,37.0,0 days 00:01:18.949000,MEDIUM,37.0,5.0,0 days 01:43:58.604000,,False,1,78.949,0.7710000000000008,6238.604,7.407000000000153
GAS,38.0,0 days 00:01:19.068000,MEDIUM,38.0,5.0,0 days 01:45:17.672000,,False,1,79.068,0.11899999999999977,6317.672,8.187999999999192
GAS,39.0,0 days 00:01:19.227000,MEDIUM,39.0,5.0,0 days 01:46:36.899000,,False,1,79.227,0.15900000000000603,6396.899,9.244000000000597
GAS,40.0,0 days 00:01:19.024000,MEDIUM,40.0,5.0,0 days 01:47:55.923000,,False,1,79.024,-0.20300000000000296,6475.923,8.918999999999869
GAS,41.0,0 days 00:01:18.934000,MEDIUM,41.0,5.0,0 days 01:49:14.857000,,False,1,78.934,-0.09000000000000341,6554.857,9.296000000000276
GAS,42.0,0 days 00:01:18.656000,MEDIUM,42.0,5.0,0 days 01:50:33.513000,,False,1,78.656,-0.2779999999999916,6633.513,9.265999999999622
GAS,43.0,0 days 00:01:18.909000,MEDIUM,43.0,5.0,0 days 01:51:52.422000,,False,1,78.909,0.2530000000000001,6712.422,9.081999999999425
GAS,44.0,0 days 00:01:18.777000,MEDIUM,44.0,5.0,0 days 01:53:11.199000,,False,1,78.777,-0.132000000000005,6791.199,8.579999999999927
GAS,45.0,0 days 00:01:37.189000,MEDIUM,45.0,7.0,0 days 01:54:48.388000,0 days 01:54:23.524000,True,1,97.189,18.411999999999992,6888.388,12.297999999999774
GAS,46.0,0 days 00:01:23.643000,HARD,1.0,7.0,0 days 01:56:12.031000,,False,1,83.643,-13.545999999999992,6972.031,18.583999999999833
GAS,47.0,0 days 00:01:18.675000,HARD,2.0,7.0,0 days 01:57:30.706000,,False,1,78.675,-4.9680000000000035,7050.706,19.922999999999774
GAS,48.0,0 days 00:01:18.218000,HARD,3.0,7.0,0 days 01:58:48.924000,,False,1,78.218,-0.45699999999999363,7128.924,10.979999999999563
GAS,49.0,0 days 00:01:20.722000,HARD,4.0,7.0,0 days 02:00:09.646000,,False,1,80.722,2.5039999999999907,7209.646,8.055999999999585
GAS,50.0,0 days 00:01:18.925000,HARD,5.0,7.0,0 days 02:01:28.571000,,False,1,78.925,-1.796999999999997,7288.571,8.791999999999462
GAS,51.0,0 days 00:01:19.348000,HARD,6.0,7.0,0 days 02:02:47.919000,,False,1,79.348,0.4230000000000018,7367.919,10.716999999999643
GAS,52.0,0 days 00:01:17.950000,HARD,7.0,7.0,0 days 02:04:05.869000,,False,1,77.95,-1.3979999999999961,7445.869,11.804000000000087
GAS,53.0,0 days 00:01:17.055000,HARD,8.0,7.0,0 days 02:05:22.924000,,False,1,77.055,-0.894999999999996,7522.924,12.162999999999556
GAS,54.0,0 days 00:01:17.287000,HARD,9.0,7.0,0 days 02:06:40.211000,,False,1,77.287,0.23199999999999932,7600.211,12.19800000000032
GAS,55.0,0 days 00:01:17.126000,HARD,10.0,7.0,0 days 02:07:57.337000,,False,1,77.126,-0.16100000000000136,7677.337,12.497000000000298
GAS,56.0,0 days 00:01:17.509000,HARD,11.0,7.0,0 days 02:09:14.846000,,False,1,77.509,0.38299999999999557,7754.846,13.405999999999949
GAS,57.0,0 days 00:01:17.963000,HARD,12.0,7.0,0 days 02:10:32.809000,,False,1,77.963,0.4539999999999935,7832.809,14.265000000000327
GAS,58.0,0 days 00:01:17.612000,HARD,13.0,7.0,0 days 02:11:50.421000,,False,1,77.612,-0.3509999999999991,7910.421,15.33600000000024
GAS,59.0,0 days 00:01:39.182000,HARD,14.0,6.0,0 days 02:13:29.603000,,False,124,99.182,21.570000000000007,8009.603,29.26800000000003
GAS,60.0,0 days 00:01:53.136000,HARD,15.0,6.0,0 days 02:15:22.739000,0 days 02:15:03.876000,True,4,113.136,13.953999999999994,8122.739,25.71099999999933
GAS,61.0,0 days 00:01:33.183000,HARD,16.0,6.0,0 days 02:16:55.922000,,False,4,93.183,-19.95299999999999,8215.922,7.088999999999942
GAS,62.0,0 days 00:01:58.441000,HARD,17.0,6.0,0 days 02:18:54.363000,,False,4,118.441,25.257999999999996,8334.363,5.1119999999991705
GAS,63.0,0 days 00:01:32.959000,HARD,18.0,6.0,0 days 02:20:27.322000,,False,4,92.959,-25.482,8427.322,6.9950000000008
GAS,64.0,0 days 00:01:24.677000,HARD,19.0,6.0,0 days 02:21:51.999000,,False,4,84.677,-8.281999999999996,8511.999,11.792999999999665
GAS,65.0,0 days 00:01:21.810000,HARD,20.0,5.0,0 days 02:23:13.809000,,False,412,81.81,-2.8670000000000044,8593.809,11.80999999999949
GAS,66.0,0 days 00:01:54.401000,HARD,21.0,5.0,0 days 02:25:08.210000,0 days 02:24:45.664000,True,24,114.401,32.590999999999994,8708.21,11.149999999999636
GAS,67.0,0 days 00:01:46.410000,HARD,22.0,5.0,0 days 02:26:54.620000,,False,4,106.41,-7.991,8814.62,11.335000000000946
GAS,68.0,,HARD,23.0,5.0,0 days 03:04:30.224000,0 days 02:28:39.387000,True,451,,,11070.224,2.536000000000058
GAS,69.0,0 days 00:01:36.522000,SOFT,5.0,5.0,0 days 03:06:06.746000,,False,14,96.522,,11166.746,0.7459999999991851
GAS,70.0,,SOFT,6.0,5.0,0 days 03:08:51.610000,,False,41,,,11331.61,0.2820000000010623
GAS,71.0,0 days 00:01:26.190000,SOFT,7.0,4.0,0 days 03:10:17.800000,,False,12,86.19,,11417.8,1.6159999999999854
GAS,72.0,0 days 00:01:17.461000,SOFT,8.0,3.0,0 days 03:11:35.261000,,False,1,77.461,-8.729,11495.261,8.299000000000888
GAS,73.0,0 days 00:01:16.054000,SOFT,9.0,3.0,0 days 03:12:51.315000,,False,1,76.054,-1.4069999999999965,11571.315,9.384000000000015
GAS,74.0,0 days 00:01:16.599000,SOFT,10.0,3.0,0 days 03:14:07.914000,,False,1,76.599,0.5450000000000017,11647.914,11.340000000000146
GAS,75.0,0 days 00:01:16.296000,SOFT,11.0,3.0,0 days 03:15:24.210000,,False,1,76.296,-0.30299999999999727,11724.21,12.909999999999854
GAS,76.0,0 days 00:01:15.899000,SOFT,12.0,3.0,0 days 03:16:40.109000,,False,1,75.899,-0.39700000000000557,11800.109,13.760000000000218
GAS,77.0,0 days 00:01:15.497000,SOFT,13.0,3.0,0 days 03:17:55.606000,,False,1,75.497,-0.402000000000001,11875.606,13.92699999999968
GAS,78.0,0 days 00:01:15.881000,SOFT,14.0,3.0,0 days 03:19:11.487000,,False,1,75.881,0.38400000000000034,11951.487,14.016999999999825
HAD,1.0,0 days 00:01:26.741000,MEDIUM,1.0,4.0,0 days 00:56:46.607000,,False,12,86.741,,3406.607,1.2269999999998618
HAD,2.0,0 days 00:01:19.178000,MEDIUM,2.0,4.0,0 days 00:58:05.785000,,False,1,79.178,-7.563000000000002,3485.785,1.8519999999998618
HAD,3.0,0 days 00:01:18.140000,MEDIUM,3.0,4.0,0 days 00:59:23.925000,,False,1,78.14,-1.0379999999999967,3563.925,2.199000000000069
HAD,4.0,0 days 00:01:17.551000,MEDIUM,4.0,4.0,0 days 01:00:41.476000,,False,1,77.551,-0.5889999999999986,3641.476,2.2800000000002
HAD,5.0,0 days 00:01:17.402000,MEDIUM,5.0,4.0,0 days 01:01:58.878000,,False,1,77.402,-0.1490000000000009,3718.878,2.0270000000000437
HAD,6.0,0 days 00:01:17.606000,MEDIUM,6.0,4.0,0 days 01:03:16.484000,,False,1,77.606,0.20399999999999352,3796.484,1.893000000000029
HAD,7.0,0 days 00:01:17.428000,MEDIUM,7.0,4.0,0 days 01:04:33.912000,,False,1,77.428,-0.17799999999999727,3873.912,1.9829999999997199
HAD,8.0,0 days 00:01:17.689000,MEDIUM,8.0,4.0,0 days 01:05:51.601000,,False,1,77.689,0.2609999999999957,3951.601,2.76299999999992
HAD,9.0,0 days 00:01:17.316000,MEDIUM,9.0,4.0,0 days 01:07:08.917000,,False,1,77.316,-0.37299999999999045,4028.917,2.8910000000000764
HAD,10.0,0 days 00:01:17.138000,MEDIUM,10.0,4.0,0 days 01:08:26.055000,,False,1,77.138,-0.17799999999999727,4106.055,3.1890000000003056
HAD,11.0,0 days 00:01:17.530000,MEDIUM,11.0,4.0,0 days 01:09:43.585000,,False,1,77.53,0.3919999999999959,4183.585,3.706000000000131
HAD,12.0,0 days 00:01:17.711000,MEDIUM,12.0,4.0,0 days 01:11:01.296000,,False,1,77.711,0.18099999999999739,4261.296,3.856999999999971
HAD,13.0,0 days 00:01:18.540000,MEDIUM,13.0,4.0,0 days 01:12:19.836000,,False,1,78.54,0.8290000000000077,4339.836,5.3159999999998035
HAD,14.0,0 days 00:01:18.492000,MEDIUM,14.0,4.0,0 days 01:13:38.328000,,False,1,78.492,-0.04800000000000182,4418.328,6.652000000000044
HAD,15.0,0 days 00:01:18.277000,MEDIUM,15.0,4.0,0 days 01:14:56.605000,,False,1,78.277,-0.2150000000000034,4496.605,7.6159999999999854
HAD,16.0,0 days 00:01:18.239000,MEDIUM,16.0,4.0,0 days 01:16:14.844000,,False,1,78.239,-0.0379999999999967,4574.844,8.840000000000146
HAD,17.0,0 days 00:01:18.304000,MEDIUM,17.0,4.0,0 days 01:17:33.148000,,False,1,78.304,0.06499999999999773,4653.148,9.456000000000131
HAD,18.0,0 days 00:01:18.822000,MEDIUM,18.0,4.0,0 days 01:18:51.970000,,False,1,78.822,0.5180000000000007,4731.97,10.914999999999964
HAD,19.0,0 days 00:01:19.347000,MEDIUM,19.0,4.0,0 days 01:20:11.317000,,False,1,79.347,0.5249999999999915,4811.317,12.564000000000306
HAD,20.0,0 days 00:01:18.850000,MEDIUM,20.0,4.0,0 days 01:21:30.167000,,False,1,78.85,-0.4969999999999999,4890.167,14.195000000000618
HAD,21.0,0 days 00:01:19.089000,MEDIUM,21.0,4.0,0 days 01:22:49.256000,,False,1,79.089,0.23900000000000432,4969.256,16.403000000000247
HAD,22.0,0 days 00:01:19.421000,MEDIUM,22.0,4.0,0 days 01:24:08.677000,,False,1,79.421,0.33200000000000784,5048.677,18.853000000000065
HAD,23.0,0 days 00:01:19.187000,MEDIUM,23.0,4.0,0 days 01:25:27.864000,,False,1,79.187,-0.23400000000000887,5127.864,20.15599999999995
HAD,24.0,0 days 00:01:18.906000,MEDIUM,24.0,4.0,0 days 01:26:46.770000,,False,1,78.906,-0.2809999999999917,5206.77,22.10700000000088
HAD,25.0,0 days 00:01:19.418000,MEDIUM,25.0,4.0,0 days 01:28:06.188000,,False,1,79.418,0.5120000000000005,5286.188,24.54200000000037
HAD,26.0,0 days 00:01:18.860000,MEDIUM,26.0,4.0,0 days 01:29:25.048000,,False,1,78.86,-0.5580000000000069,5365.048,26.380999999999403
HAD,27.0,0 days 00:01:19.074000,MEDIUM,27.0,4.0,0 days 01:30:44.122000,,False,1,79.074,0.21399999999999864,5444.122,28.287000000000262
HAD,28.0,0 days 00:01:18.695000,MEDIUM,28.0,4.0,0 days 01:32:02.817000,,False,1,78.695,-0.3790000000000049,5522.817,15.703999999999724
HAD,29.0,0 days 00:01:18.818000,MEDIUM,29.0,4.0,0 days 01:33:21.635000,,False,1,78.818,0.12300000000000466,5601.635,13.693000000000211
HAD,30.0,0 days 00:01:18.818000,MEDIUM,30.0,4.0,0 days 01:34:40.453000,,False,1,78.818,0.0,5680.453,14.819000000000415
HAD,31.0,0 days 00:01:18.715000,MEDIUM,31.0,4.0,0 days 01:35:59.168000,,False,1,78.715,-0.10299999999999443,5759.168,17.014999999999418
HAD,32.0,0 days 00:01:36.191000,MEDIUM,32.0,7.0,0 days 01:37:35.359000,0 days 01:37:11.255000,True,1,96.191,17.476,5855.359,8.9950000000008
HAD,33.0,0 days 00:01:25.121000,HARD,1.0,8.0,0 days 01:39:00.480000,,False,1,85.121,-11.070000000000007,5940.48,5.972999999999956
HAD,34.0,0 days 00:01:18.995000,HARD,2.0,8.0,0 days 01:40:19.475000,,False,1,78.995,-6.125999999999991,6019.475,8.337000000000444
HAD,35.0,0 days 00:01:17.785000,HARD,3.0,8.0,0 days 01:41:37.260000,,False,1,77.785,-1.210000000000008,6097.26,9.673999999999978
HAD,36.0,0 days 00:01:17.706000,HARD,4.0,8.0,0 days 01:42:54.966000,,False,1,77.706,-0.07899999999999352,6174.966,11.137000000000626
HAD,37.0,0 days 00:01:17.911000,HARD,5.0,8.0,0 days 01:44:12.877000,,False,1,77.911,0.2049999999999983,6252.877,12.022000000000844
HAD,38.0,0 days 00:01:17.778000,HARD,6.0,8.0,0 days 01:45:30.655000,,False,1,77.778,-0.13299999999999557,6330.655,11.97899999999936
HAD,39.0,0 days 00:01:17.329000,HARD,7.0,8.0,0 days 01:46:47.984000,,False,1,77.329,-0.4490000000000123,6407.984,10.219000000000051
HAD,40.0,0 days 00:01:17.384000,HARD,8.0,8.0,0 days 01:48:05.368000,,False,1,77.384,0.05500000000000682,6485.368,8.533000000000357
HAD,41.0,0 days 00:01:17.391000,HARD,9.0,8.0,0 days 01:49:22.759000,,False,1,77.391,0.007000000000005002,6562.759,5.320999999999913
HAD,42.0,0 days 00:01:18.160000,HARD,10.0,8.0,0 days 01:50:40.919000,,False,1,78.16,0.7689999999999912,6640.919,3.0720000000001164
HAD,43.0,0 days 00:01:18.779000,HARD,11.0,8.0,0 days 01:51:59.698000,,False,1,78.779,0.6189999999999998,6719.698,2.4340000000001965
HAD,44.0,0 days 00:01:18.777000,HARD,12.0,8.0,0 days 01:53:18.475000,,False,1,78.777,-0.001999999999995339,6798.475,2.588999999999942
HAD,45.0,0 days 00:01:17.615000,HARD,13.0,6.0,0 days 01:54:36.090000,,False,1,77.615,-1.1620000000000061,6876.09,3.0330000000003565
HAD,46.0,0 days 00:01:17.357000,HARD,14.0,6.0,0 days 01:55:53.447000,,False,1,77.357,-0.25799999999999557,6953.447,3.94800000000032
HAD,47.0,0 days 00:01:17.336000,HARD,15.0,6.0,0 days 01:57:10.783000,,False,1,77.336,-0.021000000000000796,7030.783,4.8070000000006985
HAD,48.0,0 days 00:01:19.354000,HARD,16.0,5.0,0 days 01:58:30.137000,,False,1,79.354,2.0180000000000007,7110.137,5.868999999999687
HAD,49.0,0 days 00:01:17.890000,HARD,17.0,5.0,0 days 01:59:48.027000,,False,1,77.89,-1.4639999999999986,7188.027,6.984999999999673
HAD,50.0,0 days 00:01:17.504000,HARD,18.0,5.0,0 days 02:01:05.531000,,False,1,77.504,-0.3859999999999957,7265.531,7.086999999999534
HAD,51.0,0 days 00:01:17.774000,HARD,19.0,5.0,0 days 02:02:23.305000,,False,1,77.774,0.269999999999996,7343.305,7.552999999999884
HAD,52.0,0 days 00:01:17.916000,HARD,20.0,5.0,0 days 02:03:41.221000,,False,1,77.916,0.1419999999999959,7421.221,8.497999999999593
HAD,53.0,0 days 00:01:17.728000,HARD,21.0,5.0,0 days 02:04:58.949000,,False,1,77.728,-0.1880000000000024,7498.949,10.195999999999913
HAD,54.0,0 days 00:01:18.794000,HARD,22.0,5.0,0 days 02:06:17.743000,,False,1,78.794,1.0660000000000025,7577.743,9.812000000000808
HAD,55.0,0 days 00:01:17.673000,HARD,23.0,5.0,0 days 02:07:35.416000,,False,1,77.673,-1.1209999999999951,7655.416,10.997000000000298
HAD,56.0,0 days 00:01:17.351000,HARD,24.0,5.0,0 days 02:08:52.767000,,False,1,77.351,-0.32200000000000273,7732.767,12.574999999999818
HAD,57.0,0 days 00:01:17.594000,HARD,25.0,5.0,0 days 02:10:10.361000,,False,1,77.594,0.242999999999995,7810.361,14.341999999999643
HAD,58.0,0 days 00:01:17.279000,HARD,26.0,5.0,0 days 02:11:27.640000,,False,1,77.279,-0.3149999999999977,7887.64,15.795000000000073
HAD,59.0,0 days 00:01:32.695000,HARD,27.0,5.0,0 days 02:13:00.335000,,False,124,92.695,15.415999999999997,7980.335,20.993000000000393
HAD,60.0,0 days 00:01:52.670000,HARD,28.0,4.0,0 days 02:14:53.005000,0 days 02:14:34.368000,True,4,112.67,19.97500000000001,8093.005,71.55799999999999
HAD,61.0,0 days 00:01:54.918000,HARD,29.0,4.0,0 days 02:16:47.923000,,False,4,114.918,2.2480000000000047,8207.923,71.17100000000028
HAD,62.0,0 days 00:02:00.560000,HARD,30.0,4.0,0 days 02:18:48.483000,,False,4,120.56,5.641999999999996,8328.483,97.0609999999997
HAD,63.0,0 days 00:01:27.097000,HARD,31.0,4.0,0 days 02:20:15.580000,,False,4,87.097,-33.46300000000001,8415.58,77.30799999999908
HAD,64.0,0 days 00:01:19.974000,HARD,32.0,4.0,0 days 02:21:35.554000,,False,4,79.974,-7.1229999999999905,8495.554,32.83899999999994
HAD,65.0,0 days 00:01:26.254000,HARD,33.0,3.0,0 days 02:23:01.808000,,False,412,86.254,6.280000000000001,8581.808,1.8520000000007713
HAD,66.0,0 days 00:01:53.138000,HARD,34.0,3.0,0 days 02:24:54.946000,0 days 02:24:33.867000,True,24,113.138,26.884,8694.946,1.7180000000007567
HAD,67.0,0 days 00:01:45.533000,HARD,35.0,3.0,0 days 02:26:40.479000,,False,4,105.533,-7.605000000000004,8800.479,2.9539999999997235
HAD,68.0,,HARD,36.0,3.0,0 days 03:04:24.871000,0 days 02:28:29.174000,True,451,,,11064.871,2.713999999999942
HAD,69.0,0 days 00:01:40.520000,SOFT,5.0,3.0,0 days 03:06:05.391000,,False,14,100.52,,11165.391,1.0409999999992579
HAD,70.0,,SOFT,6.0,3.0,0 days 03:08:51.196000,,False,41,,,11331.196,0.7119999999995343
HAD,71.0,0 days 00:01:28.042000,SOFT,7.0,5.0,0 days 03:10:19.238000,,False,12,88.042,,11419.238,1.4380000000001019
HAD,72.0,0 days 00:01:18.497000,SOFT,8.0,4.0,0 days 03:11:37.735000,,False,1,78.497,-9.545000000000002,11497.735,2.47400000000016
HAD,73.0,0 days 00:01:16.813000,SOFT,9.0,4.0,0 days 03:12:54.548000,,False,1,76.813,-1.6839999999999975,11574.548,3.2330000000001746
HAD,74.0,0 days 00:01:16.628000,SOFT,10.0,4.0,0 days 03:14:11.176000,,False,1,76.628,-0.18500000000000227,11651.176,3.2619999999988067
HAD,75.0,0 days 00:01:16.088000,SOFT,11.0,4.0,0 days 03:15:27.264000,,False,1,76.088,-0.5400000000000063,11727.264,3.0540000000000873
HAD,76.0,0 days 00:01:15.898000,SOFT,12.0,4.0,0 days 03:16:43.162000,,False,1,75.898,-0.18999999999999773,11803.162,3.0529999999998836
HAD,77.0,0 days 00:01:15.669000,SOFT,13.0,4.0,0 days 03:17:58.831000,,False,1,75.669,-0.2289999999999992,11878.831,3.225000000000364
HAD,78.0,0 days 00:01:15.773000,SOFT,14.0,4.0,0 days 03:19:14.604000,,False,1,75.773,0.1039999999999992,11954.604,3.117000000000189
HAM,1.0,0 days 00:01:24.337000,MEDIUM,1.0,2.0,0 days 00:56:44.203000,,False,12,84.337,,3404.203,1.8119999999998981
HAM,2.0,0 days 00:01:18.745000,MEDIUM,2.0,2.0,0 days 00:58:02.948000,,False,1,78.745,-5.591999999999999,3482.948,2.9039999999999964
HAM,3.0,0 days 00:01:17.678000,MEDIUM,3.0,2.0,0 days 00:59:20.626000,,False,1,77.678,-1.0670000000000073,3560.626,3.58600000000024
HAM,4.0,0 days 00:01:17.078000,MEDIUM,4.0,2.0,0 days 01:00:37.704000,,False,1,77.078,-0.5999999999999943,3637.704,3.6159999999999854
HAM,5.0,0 days 00:01:17.058000,MEDIUM,5.0,2.0,0 days 01:01:54.762000,,False,1,77.058,-0.01999999999999602,3714.762,4.013000000000375
HAM,6.0,0 days 00:01:16.700000,MEDIUM,6.0,2.0,0 days 01:03:11.462000,,False,1,76.7,-0.3580000000000041,3791.462,3.9899999999997817
HAM,7.0,0 days 00:01:16.587000,MEDIUM,7.0,2.0,0 days 01:04:28.049000,,False,1,76.587,-0.11299999999999955,3868.049,4.527000000000044
HAM,8.0,0 days 00:01:17.005000,MEDIUM,8.0,2.0,0 days 01:05:45.054000,,False,1,77.005,0.41799999999999216,3945.054,5.248000000000047
HAM,9.0,0 days 00:01:16.641000,MEDIUM,9.0,2.0,0 days 01:07:01.695000,,False,1,76.641,-0.3639999999999901,4021.695,5.591000000000349
HAM,10.0,0 days 00:01:16.841000,MEDIUM,10.0,2.0,0 days 01:08:18.536000,,False,1,76.841,0.19999999999998863,4098.536,5.3650000000002365
HAM,11.0,0 days 00:01:17.136000,MEDIUM,11.0,2.0,0 days 01:09:35.672000,,False,1,77.136,0.2950000000000017,4175.672,4.277999999999338
HAM,12.0,0 days 00:01:17.234000,MEDIUM,12.0,2.0,0 days 01:10:52.906000,,False,1,77.234,0.09799999999999898,4252.906,4.082000000000335
HAM,13.0,0 days 00:01:17.028000,MEDIUM,13.0,2.0,0 days 01:12:09.934000,,False,1,77.028,-0.20599999999998886,4329.934,3.79700000000048
HAM,14.0,0 days 00:01:16.990000,MEDIUM,14.0,2.0,0 days 01:13:26.924000,,False,1,76.99,-0.038000000000010914,4406.924,3.5649999999996
HAM,15.0,0 days 00:01:16.912000,MEDIUM,15.0,2.0,0 days 01:14:43.836000,,False,1,76.912,-0.07799999999998875,4483.836,3.2840000000005602
HAM,16.0,0 days 00:01:17.014000,MEDIUM,16.0,2.0,0 days 01:16:00.850000,,False,1,77.014,0.10199999999998965,4560.85,3.0579999999999927
HAM,17.0,0 days 00:01:17.239000,MEDIUM,17.0,2.0,0 days 01:17:18.089000,,False,1,77.239,0.22500000000000853,4638.089,3.2470000000002983
HAM,18.0,0 days 00:01:17.029000,MEDIUM,18.0,2.0,0 days 01:18:35.118000,,False,1,77.029,-0.21000000000000796,4715.118,3.47400000000016
HAM,19.0,0 days 00:01:17.271000,MEDIUM,19.0,2.0,0 days 01:19:52.389000,,False,1,77.271,0.24200000000000443,4792.389,4.6840000000001965
HAM,20.0,0 days 00:01:17.119000,MEDIUM,20.0,2.0,0 days 01:21:09.508000,,False,1,77.119,-0.15200000000000102,4869.508,5.335000000000036
HAM,21.0,0 days 00:01:17.076000,MEDIUM,21.0,2.0,0 days 01:22:26.584000,,False,1,77.076,-0.043000000000006366,4946.584,5.7609999999995125
HAM,22.0,0 days 00:01:17.249000,MEDIUM,22.0,2.0,0 days 01:23:43.833000,,False,1,77.249,0.17300000000000182,5023.833,6.640999999999622
HAM,23.0,0 days 00:01:17.380000,MEDIUM,23.0,2.0,0 days 01:25:01.213000,,False,1,77.38,0.13100000000000023,5101.213,7.483000000000175
HAM,24.0,0 days 00:01:17.783000,MEDIUM,24.0,2.0,0 days 01:26:18.996000,,False,1,77.783,0.4030000000000058,5178.996,8.596999999999753
HAM,25.0,0 days 00:01:17.734000,MEDIUM,25.0,2.0,0 days 01:27:36.730000,,False,1,77.734,-0.049000000000006594,5256.73,9.442999999999302
HAM,26.0,0 days 00:01:17.988000,MEDIUM,26.0,2.0,0 days 01:28:54.718000,,False,1,77.988,0.2540000000000049,5334.718,10.466999999999643
HAM,27.0,0 days 00:01:18.225000,MEDIUM,27.0,2.0,0 days 01:30:12.943000,,False,1,78.225,0.23699999999999477,5412.943,11.402000000000044
HAM,28.0,0 days 00:01:34.170000,MEDIUM,28.0,3.0,0 days 01:31:47.113000,0 days 01:31:23.708000,True,1,94.17,15.945000000000007,5507.113,13.706000000000131
HAM,29.0,0 days 00:01:20.829000,HARD,1.0,3.0,0 days 01:33:07.942000,,False,1,80.829,-13.341000000000008,5587.942,17.346999999999753
HAM,30.0,0 days 00:01:17.692000,HARD,2.0,3.0,0 days 01:34:25.634000,,False,1,77.692,-3.1370000000000005,5665.634,17.96900000000005
HAM,31.0,0 days 00:01:16.519000,HARD,3.0,3.0,0 days 01:35:42.153000,,False,1,76.519,-1.1729999999999876,5742.153,16.90900000000056
HAM,32.0,0 days 00:01:16.552000,HARD,4.0,3.0,0 days 01:36:58.705000,,False,1,76.552,0.03300000000000125,5818.705,15.542000000000371
HAM,33.0,0 days 00:01:16.660000,HARD,5.0,3.0,0 days 01:38:15.365000,,False,1,76.66,0.10799999999998988,5895.365,14.536000000000058
HAM,34.0,0 days 00:01:16.800000,HARD,6.0,3.0,0 days 01:39:32.165000,,False,1,76.8,0.14000000000000057,5972.165,13.429000000000087
HAM,35.0,0 days 00:01:16.758000,HARD,7.0,2.0,0 days 01:40:48.923000,,False,1,76.758,-0.04200000000000159,6048.923,33.28399999999965
HAM,36.0,0 days 00:01:16.566000,HARD,8.0,2.0,0 days 01:42:05.489000,,False,1,76.566,-0.19199999999999307,6125.489,33.49399999999969
HAM,37.0,0 days 00:01:17.434000,HARD,9.0,2.0,0 days 01:43:22.923000,,False,1,77.434,0.867999999999995,6202.923,17.33299999999963
HAM,38.0,0 days 00:01:17.376000,HARD,10.0,2.0,0 days 01:44:40.299000,,False,1,77.376,-0.057999999999992724,6280.299,12.49499999999989
HAM,39.0,0 days 00:01:18.471000,HARD,11.0,2.0,0 days 01:45:58.770000,,False,1,78.471,1.0949999999999989,6358.77,14.160000000000764
HAM,40.0,0 days 00:01:17.683000,HARD,12.0,2.0,0 days 01:47:16.453000,,False,1,77.683,-0.7879999999999967,6436.453,15.08600000000024
HAM,41.0,0 days 00:01:17.389000,HARD,13.0,2.0,0 days 01:48:33.842000,,False,1,77.389,-0.29400000000001114,6513.842,16.40899999999965
HAM,42.0,0 days 00:01:17.112000,HARD,14.0,2.0,0 days 01:49:50.954000,,False,1,77.112,-0.277000000000001,6590.954,17.179000000000087
HAM,43.0,0 days 00:01:17.260000,HARD,15.0,2.0,0 days 01:51:08.214000,,False,1,77.26,0.14800000000001035,6668.214,17.368000000000393
HAM,44.0,0 days 00:01:17.128000,HARD,16.0,2.0,0 days 01:52:25.342000,,False,1,77.128,-0.132000000000005,6745.342,18.779999999999745
HAM,45.0,0 days 00:01:16.793000,HARD,17.0,2.0,0 days 01:53:42.135000,,False,1,76.793,-0.33499999999999375,6822.135,18.470000000000255
HAM,46.0,0 days 00:01:16.657000,HARD,18.0,2.0,0 days 01:54:58.792000,,False,1,76.657,-0.1360000000000099,6898.792,18.15100000000075
HAM,47.0,0 days 00:01:16.849000,HARD,19.0,2.0,0 days 01:56:15.641000,,False,1,76.849,0.19200000000000728,6975.641,19.427999999999884
HAM,48.0,0 days 00:01:17.189000,HARD,20.0,2.0,0 days 01:57:32.830000,,False,1,77.189,0.3399999999999892,7052.83,20.36999999999989
HAM,49.0,0 days 00:01:17.188000,HARD,21.0,2.0,0 days 01:58:50.018000,,False,1,77.188,-0.000999999999990564,7130.018,21.430999999999585
HAM,50.0,0 days 00:01:17.052000,HARD,22.0,2.0,0 days 02:00:07.070000,,False,1,77.052,-0.13599999999999568,7207.07,21.625
HAM,51.0,0 days 00:01:16.695000,HARD,23.0,2.0,0 days 02:01:23.765000,,False,1,76.695,-0.35700000000001353,7283.765,22.38300000000072
HAM,52.0,0 days 00:01:16.661000,HARD,24.0,2.0,0 days 02:02:40.426000,,False,1,76.661,-0.033999999999991815,7360.426,22.826000000000022
HAM,53.0,0 days 00:01:16.677000,HARD,25.0,2.0,0 days 02:03:57.103000,,False,1,76.677,0.016000000000005343,7437.103,22.76599999999962
HAM,54.0,0 days 00:01:16.689000,HARD,26.0,2.0,0 days 02:05:13.792000,,False,1,76.689,0.011999999999986244,7513.792,23.566000000000713
HAM,55.0,0 days 00:01:16.767000,HARD,27.0,2.0,0 days 02:06:30.559000,,False,1,76.767,0.07800000000000296,7590.559,25.342999999999847
HAM,56.0,0 days 00:01:16.507000,HARD,28.0,2.0,0 days 02:07:47.066000,,False,1,76.507,-0.2599999999999909,7667.066,26.547999999999774
HAM,57.0,0 days 00:01:16.656000,HARD,29.0,2.0,0 days 02:09:03.722000,,False,1,76.656,0.1490000000000009,7743.722,28.065999999999804
HAM,58.0,0 days 00:01:16.877000,HARD,30.0,2.0,0 days 02:10:20.599000,,False,1,76.877,0.22099999999998943,7820.599,29.131000000000313
HAM,59.0,0 days 00:01:16.278000,HARD,31.0,2.0,0 days 02:11:36.877000,,False,1,76.278,-0.5989999999999895,7896.877,29.35200000000077
HAM,60.0,0 days 00:01:56.118000,HARD,32.0,2.0,0 days 02:13:32.995000,0 days 02:13:02.646000,True,124,116.118,39.83999999999999,8012.995,62.99799999999959
HAM,61.0,0 days 00:02:00.346000,SOFT,5.0,2.0,0 days 02:15:33.341000,0 days 02:15:10.279000,True,4,120.346,4.228000000000009,8133.341,46.59900000000016
HAM,62.0,0 days 00:01:32.261000,SOFT,6.0,2.0,0 days 02:17:05.602000,,False,4,92.261,-28.085000000000008,8225.602,18.499000000001615
HAM,63.0,0 days 00:01:50.782000,SOFT,7.0,2.0,0 days 02:18:56.384000,,False,4,110.782,18.521,8336.384,8.869000000000597
HAM,64.0,0 days 00:02:05.394000,SOFT,8.0,2.0,0 days 02:21:01.778000,,False,4,125.394,14.612000000000009,8461.778,1.4250000000010914
HAM,65.0,0 days 00:01:58.178000,SOFT,9.0,2.0,0 days 02:22:59.956000,,False,412,118.178,-7.216000000000008,8579.956,0.38000000000101863
HAM,66.0,0 days 00:01:53.272000,SOFT,10.0,2.0,0 days 02:24:53.228000,0 days 02:24:32.367000,True,24,113.272,-4.905999999999992,8693.228,2.469999999999345
HAM,67.0,0 days 00:01:44.297000,SOFT,11.0,2.0,0 days 02:26:37.525000,,False,4,104.297,-8.975000000000009,8797.525,1.2849999999998545
HAM,68.0,,SOFT,12.0,2.0,0 days 03:04:22.157000,0 days 02:28:26.762000,True,451,,,11062.157,3.0969999999997526
HAM,69.0,0 days 00:01:42.193000,SOFT,5.0,2.0,0 days 03:06:04.350000,,False,14,102.193,,11164.35,1.8170000000009168
HAM,70.0,,SOFT,6.0,2.0,0 days 03:08:50.484000,,False,41,,,11330.484,0.684000000001106
HAM,71.0,0 days 00:01:21.009000,SOFT,7.0,2.0,0 days 03:10:11.493000,,False,12,81.009,,11411.493,1.4220000000004802
HAM,72.0,0 days 00:01:15.469000,SOFT,8.0,2.0,0 days 03:11:26.962000,,False,1,75.469,-5.540000000000006,11486.962,1.1539999999986321
HAM,73.0,0 days 00:01:14.969000,SOFT,9.0,2.0,0 days 03:12:41.931000,,False,1,74.969,-0.5,11561.931,1.5380000000004657
HAM,74.0,0 days 00:01:14.643000,SOFT,10.0,2.0,0 days 03:13:56.574000,,False,1,74.643,-0.3259999999999934,11636.574,2.2229999999999563
HAM,75.0,0 days 00:01:14.726000,SOFT,11.0,2.0,0 days 03:15:11.300000,,False,1,74.726,0.08299999999999841,11711.3,2.940999999998894
HAM,76.0,0 days 00:01:15.049000,SOFT,12.0,2.0,0 days 03:16:26.349000,,False,1,75.049,0.3230000000000075,11786.349,4.5090000000000146
HAM,77.0,0 days 00:01:15.330000,SOFT,13.0,2.0,0 days 03:17:41.679000,,False,1,75.33,0.2809999999999917,11861.679,6.111000000000786
HAM,78.0,0 days 00:01:15.791000,SOFT,14.0,2.0,0 days 03:18:57.470000,,False,1,75.791,0.4609999999999985,11937.47,6.287999999998647
HUL,1.0,0 days 00:01:33.750000,MEDIUM,1.0,12.0,0 days 00:56:53.616000,,False,12,93.75,,3413.616,0.44099999999980355
HUL,2.0,0 days 00:01:21.223000,MEDIUM,2.0,12.0,0 days 00:58:14.839000,,False,1,81.223,-12.527000000000001,3494.839,0.5259999999998399
HUL,3.0,0 days 00:01:20.535000,MEDIUM,3.0,12.0,0 days 00:59:35.374000,,False,1,80.535,-0.6880000000000024,3575.374,0.5479999999997744
HUL,4.0,0 days 00:01:20.016000,MEDIUM,4.0,12.0,0 days 01:00:55.390000,,False,1,80.016,-0.5189999999999912,3655.39,0.4110000000000582
HUL,5.0,0 days 00:01:20.179000,MEDIUM,5.0,12.0,0 days 01:02:15.569000,,False,1,80.179,0.1629999999999967,3735.569,0.69399999999996
HUL,6.0,0 days 00:01:19.709000,MEDIUM,6.0,12.0,0 days 01:03:35.278000,,False,1,79.709,-0.46999999999999886,3815.278,0.7039999999997235
HUL,7.0,0 days 00:01:19.182000,MEDIUM,7.0,12.0,0 days 01:04:54.460000,,False,1,79.182,-0.527000000000001,3894.46,0.5219999999999345
HUL,8.0,0 days 00:01:19.781000,MEDIUM,8.0,12.0,0 days 01:06:14.241000,,False,1,79.781,0.5990000000000038,3974.241,1.18100000000004
HUL,9.0,0 days 00:01:19.373000,MEDIUM,9.0,12.0,0 days 01:07:33.614000,,False,1,79.373,-0.40800000000000125,4053.614,1.4859999999998763
HUL,10.0,0 days 00:01:19.750000,MEDIUM,10.0,12.0,0 days 01:08:53.364000,,False,1,79.75,0.37699999999999534,4133.364,2.5109999999995125
HUL,11.0,0 days 00:01:18.714000,MEDIUM,11.0,12.0,0 days 01:10:12.078000,,False,1,78.714,-1.0360000000000014,4212.078,2.365000000000691
HUL,12.0,0 days 00:01:34.679000,MEDIUM,12.0,14.0,0 days 01:11:46.757000,0 days 01:11:22.723000,True,1,94.679,15.965000000000003,4306.757,13.591999999999643
HUL,13.0,0 days 00:01:20.349000,HARD,1.0,14.0,0 days 01:13:07.106000,,False,1,80.349,-14.329999999999998,4387.106,14.942000000000007
HUL,14.0,0 days 00:01:16.498000,HARD,2.0,14.0,0 days 01:14:23.604000,,False,1,76.498,-3.850999999999999,4463.604,13.097999999999956
HUL,15.0,0 days 00:01:16.332000,HARD,3.0,14.0,0 days 01:15:39.936000,,False,1,76.332,-0.16600000000001103,4539.936,11.018999999999323
HUL,16.0,0 days 00:01:16.369000,HARD,4.0,14.0,0 days 01:16:56.305000,,False,1,76.369,0.03700000000000614,4616.305,8.83600000000024
HUL,17.0,0 days 00:01:16.733000,HARD,5.0,14.0,0 days 01:18:13.038000,,False,1,76.733,0.3640000000000043,4693.038,6.162999999999556
HUL,18.0,0 days 00:01:17.167000,HARD,6.0,14.0,0 days 01:19:30.205000,,False,1,77.167,0.4339999999999975,4770.205,4.80199999999968
HUL,19.0,0 days 00:01:16.824000,HARD,7.0,14.0,0 days 01:20:47.029000,,False,1,76.824,-0.3430000000000035,4847.029,3.186000000000604
HUL,20.0,0 days 00:01:18.053000,HARD,8.0,14.0,0 days 01:22:05.082000,,False,1,78.053,1.2289999999999992,4925.082,2.7539999999999054
HUL,21.0,0 days 00:01:18.043000,HARD,9.0,14.0,0 days 01:23:23.125000,,False,1,78.043,-0.009999999999990905,5003.125,2.338999999999942
HUL,22.0,0 days 00:01:18.124000,HARD,10.0,14.0,0 days 01:24:41.249000,,False,1,78.124,0.08099999999998886,5081.249,1.7799999999997453
HUL,23.0,0 days 00:01:18.399000,HARD,11.0,14.0,0 days 01:25:59.648000,,False,1,78.399,0.2750000000000057,5159.648,1.4380000000001019
HUL,24.0,0 days 00:01:18.826000,HARD,12.0,14.0,0 days 01:27:18.474000,,False,1,78.826,0.4269999999999925,5238.474,1.2520000000004075
HUL,25.0,0 days 00:01:19.190000,HARD,13.0,14.0,0 days 01:28:37.664000,,False,1,79.19,0.3640000000000043,5317.664,1.2899999999999636
HUL,26.0,0 days 00:01:18.543000,HARD,14.0,14.0,0 days 01:29:56.207000,,False,1,78.543,-0.6469999999999914,5396.207,0.6990000000005239
HUL,27.0,0 days 00:01:19.256000,HARD,15.0,14.0,0 days 01:31:15.463000,,False,1,79.256,0.7129999999999939,5475.463,0.6679999999996653
HUL,28.0,0 days 00:01:19.789000,HARD,16.0,14.0,0 days 01:32:35.252000,,False,1,79.789,0.5330000000000013,5555.252,1.4390000000003056
HUL,29.0,0 days 00:01:19.870000,HARD,17.0,14.0,0 days 01:33:55.122000,,False,1,79.87,0.08100000000000307,5635.122,0.793999999999869
HUL,30.0,0 days 00:01:18.774000,HARD,18.0,14.0,0 days 01:35:13.896000,,False,1,78.774,-1.0960000000000036,5713.896,0.5209999999997308
HUL,31.0,0 days 00:01:21.040000,HARD,19.0,14.0,0 days 01:36:34.936000,,False,1,81.04,2.2660000000000053,5794.936,2.2479999999995925
HUL,32.0,0 days 00:01:19.339000,HARD,20.0,14.0,0 days 01:37:54.275000,,False,1,79.339,-1.7010000000000076,5874.275,2.3840000000000146
HUL,33.0,0 days 00:01:19.006000,HARD,21.0,14.0,0 days 01:39:13.281000,,False,1,79.006,-0.3329999999999984,5953.281,1.3159999999998035
HUL,34.0,0 days 00:01:20.295000,HARD,22.0,14.0,0 days 01:40:33.576000,,False,1,80.295,1.2890000000000015,6033.576,0.6419999999998254
HUL,35.0,0 days 00:01:21.584000,HARD,23.0,13.0,0 days 01:41:55.160000,,False,1,81.584,1.2890000000000015,6115.16,0.4679999999998472
HUL,36.0,0 days 00:01:20.936000,HARD,24.0,13.0,0 days 01:43:16.096000,,False,1,80.936,-0.6479999999999961,6196.096,0.32999999999992724
HUL,37.0,0 days 00:01:21.164000,HARD,25.0,13.0,0 days 01:44:37.260000,,False,1,81.164,0.22799999999999443,6277.26,0.3720000000002983
HUL,38.0,0 days 00:01:22.702000,HARD,26.0,13.0,0 days 01:45:59.962000,,False,1,82.702,1.5379999999999967,6359.962,1.331000000000131
HUL,39.0,0 days 00:01:21.961000,HARD,27.0,13.0,0 days 01:47:21.923000,,False,1,81.961,-0.7409999999999997,6441.923,0.44099999999980355
HUL,40.0,0 days 00:01:22.432000,HARD,28.0,13.0,0 days 01:48:44.355000,,False,1,82.432,0.47100000000000364,6524.355,1.0599999999994907
HUL,41.0,0 days 00:01:21.902000,HARD,29.0,13.0,0 days 01:50:06.257000,,False,1,81.902,-0.5300000000000011,6606.257,0.3429999999998472
HUL,42.0,0 days 00:01:21.921000,HARD,30.0,13.0,0 days 01:51:28.178000,,False,1,81.921,0.019000000000005457,6688.178,0.3580000000001746
HUL,43.0,0 days 00:01:21.492000,HARD,31.0,13.0,0 days 01:52:49.670000,,False,1,81.492,-0.42900000000000205,6769.67,0.39500000000043656
HUL,44.0,0 days 00:01:20.026000,HARD,32.0,13.0,0 days 01:54:09.696000,,False,1,80.026,-1.4660000000000082,6849.696,0.5140000000001237
HUL,45.0,0 days 00:01:21.175000,HARD,33.0,12.0,0 days 01:55:30.871000,,False,1,81.175,1.149000000000001,6930.871,0.36300000000028376
HUL,46.0,0 days 00:01:22.241000,HARD,34.0,12.0,0 days 01:56:53.112000,,False,1,82.241,1.0660000000000025,7013.112,0.30900000000019645
HUL,47.0,0 days 00:01:22.282000,HARD,35.0,12.0,0 days 01:58:15.394000,,False,1,82.282,0.04099999999999682,7095.394,0.14500000000043656
HUL,48.0,0 days 00:01:20.325000,HARD,36.0,12.0,0 days 01:59:35.719000,,False,1,80.325,-1.9569999999999936,7175.719,0.5609999999996944
HUL,49.0,0 days 00:01:19.608000,HARD,37.0,12.0,0 days 02:00:55.327000,,False,1,79.608,-0.7169999999999987,7255.327,0.5960000000004584
HUL,50.0,0 days 00:01:20.552000,HARD,38.0,12.0,0 days 02:02:15.879000,,False,1,80.552,0.9440000000000026,7335.879,0.9210000000002765
HUL,51.0,0 days 00:01:21.379000,HARD,39.0,12.0,0 days 02:03:37.258000,,False,1,81.379,0.8269999999999982,7417.258,0.6219999999993888
HUL,52.0,0 days 00:01:19.399000,HARD,40.0,12.0,0 days 02:04:56.657000,,False,1,79.399,-1.980000000000004,7496.657,0.25200000000040745
HUL,53.0,0 days 00:01:23.001000,HARD,41.0,12.0,0 days 02:06:19.658000,,False,1,83.001,3.602000000000004,7579.658,0.6820000000006985
HUL,54.0,0 days 00:01:18.069000,HARD,42.0,12.0,0 days 02:07:37.727000,,False,1,78.069,-4.932000000000002,7657.727,0.5940000000000509
HUL,55.0,0 days 00:01:18.879000,HARD,43.0,12.0,0 days 02:08:56.606000,,False,1,78.879,0.8100000000000023,7736.606,0.5729999999994106
HUL,56.0,0 days 00:01:18.959000,HARD,44.0,12.0,0 days 02:10:15.565000,,False,1,78.959,0.0799999999999983,7815.565,0.5559999999995853
HUL,57.0,0 days 00:01:19.124000,HARD,45.0,12.0,0 days 02:11:34.689000,,False,1,79.124,0.16499999999999204,7894.689,1.5850000000000364
HUL,58.0,0 days 00:01:49.494000,HARD,46.0,12.0,0 days 02:13:24.183000,0 days 02:13:04.474000,True,124,109.494,30.370000000000005,8004.183,12.966999999999643
HUL,59.0,0 days 00:01:54.002000,HARD,47.0,13.0,0 days 02:15:18.185000,0 days 02:14:58.958000,True,4,114.002,4.507999999999996,8118.185,1.9990000000007058
HUL,60.0,0 days 00:01:35.614000,HARD,48.0,13.0,0 days 02:16:53.799000,,False,4,95.614,-18.38799999999999,8213.799,0.9020000000000437
HUL,61.0,0 days 00:01:59.046000,HARD,49.0,13.0,0 days 02:18:52.845000,,False,4,119.046,23.432000000000002,8332.845,0.6239999999997963
HUL,62.0,0 days 00:01:31.763000,HARD,50.0,13.0,0 days 02:20:24.608000,,False,4,91.763,-27.283,8424.608,0.6280000000006112
HUL,63.0,0 days 00:01:24.041000,HARD,51.0,13.0,0 days 02:21:48.649000,,False,4,84.041,-7.722000000000008,8508.649,0.5769999999993161
HUL,64.0,0 days 00:01:22.177000,HARD,52.0,13.0,0 days 02:23:10.826000,,False,412,82.177,-1.86399999999999,8590.826,0.8449999999993452
HUL,65.0,0 days 00:01:53.340000,HARD,53.0,12.0,0 days 02:25:04.166000,0 days 02:24:42.555000,True,24,113.34,31.162999999999997,8704.166,1.7509999999983847
HUL,66.0,0 days 00:01:48.126000,HARD,54.0,12.0,0 days 02:26:52.292000,,False,4,108.126,-5.213999999999999,8812.292,1.9030000000002474
HUL,67.0,,HARD,55.0,12.0,0 days 03:02:24.073000,0 days 02:28:37.840000,True,451,,,10944.073,2.504000000000815
HUL,68.0,0 days 00:02:25.851000,SOFT,1.0,12.0,0 days 03:04:49.924000,0 days 03:03:48.697000,True,14,145.851,,11089.924,3.0690000000013242
HUL,69.0,0 days 00:01:29.974000,SOFT,2.0,12.0,0 days 03:06:19.898000,,False,4,89.974,-55.876999999999995,11179.898,1.5239999999994325
HUL,70.0,,SOFT,3.0,13.0,0 days 03:08:53.359000,,False,41,,,11333.359,0.03200000000106229
HUL,71.0,0 days 00:01:29.192000,SOFT,4.0,10.0,0 days 03:10:22.551000,,False,12,89.192,,11422.551,0.1389999999992142
HUL,72.0,0 days 00:01:19.754000,SOFT,5.0,8.0,0 days 03:11:42.305000,,False,1,79.754,-9.437999999999988,11502.305,1.397000000000844
HUL,73.0,0 days 00:01:20.075000,SOFT,6.0,9.0,0 days 03:13:02.380000,,False,1,80.075,0.32099999999999795,11582.38,0.45899999999892316
HUL,74.0,0 days 00:01:16.748000,SOFT,7.0,9.0,0 days 03:14:19.128000,,False,1,76.748,-3.326999999999998,11659.128,0.43100000000049477
HUL,75.0,0 days 00:01:16.353000,SOFT,8.0,9.0,0 days 03:15:35.481000,,False,1,76.353,-0.39500000000001023,11735.481,0.30799999999908323
HUL,76.0,0 days 00:01:16.734000,SOFT,9.0,9.0,0 days 03:16:52.215000,,False,1,76.734,0.3810000000000002,11812.215,0.43800000000010186
HUL,77.0,0 days 00:01:16.490000,SOFT,10.0,9.0,0 days 03:18:08.705000,,False,1,76.49,-0.24399999999999977,11888.705,0.521999999999025
HUL,78.0,0 days 00:01:16.511000,SOFT,11.0,9.0,0 days 03:19:25.216000,,False,1,76.511,0.021000000000000796,11965.216,0.6400000000012369
LAW,1.0,0 days 00:01:31.318000,MEDIUM,1.0,9.0,0 days 00:56:51.184000,,False,12,91.318,,3411.184,0.6890000000003056
LAW,2.0,0 days 00:01:20.669000,MEDIUM,2.0,9.0,0 days 00:58:11.853000,,False,1,80.669,-10.649000000000001,3491.853,0.6739999999999782
LAW,3.0,0 days 00:01:20.394000,MEDIUM,3.0,9.0,0 days 00:59:32.247000,,False,1,80.394,-0.2749999999999915,3572.247,0.8730000000000473
LAW,4.0,0 days 00:01:19.683000,MEDIUM,4.0,9.0,0 days 01:00:51.930000,,False,1,79.683,-0.7109999999999985,3651.93,1.0650000000000546
LAW,5.0,0 days 00:01:19.307000,MEDIUM,5.0,9.0,0 days 01:02:11.237000,,False,1,79.307,-0.3760000000000048,3731.237,1.3840000000000146
LAW,6.0,0 days 00:01:19.546000,MEDIUM,6.0,9.0,0 days 01:03:30.783000,,False,1,79.546,0.23900000000000432,3810.783,2.6970000000001164
LAW,7.0,0 days 00:01:19.053000,MEDIUM,7.0,9.0,0 days 01:04:49.836000,,False,1,79.053,-0.4930000000000092,3889.836,3.506999999999607
LAW,8.0,0 days 00:01:18.861000,MEDIUM,8.0,9.0,0 days 01:06:08.697000,,False,1,78.861,-0.19199999999999307,3968.697,4.289000000000215
LAW,9.0,0 days 00:01:18.481000,MEDIUM,9.0,9.0,0 days 01:07:27.178000,,False,1,78.481,-0.38000000000000966,4047.178,4.710999999999785
LAW,10.0,0 days 00:01:18.474000,MEDIUM,10.0,9.0,0 days 01:08:45.652000,,False,1,78.474,-0.006999999999990791,4125.652,4.556999999999789
LAW,11.0,0 days 00:01:18.543000,MEDIUM,11.0,9.0,0 days 01:10:04.195000,,False,1,78.543,0.06900000000000261,4204.195,4.686999999999898
LAW,12.0,0 days 00:01:18.483000,MEDIUM,12.0,9.0,0 days 01:11:22.678000,,False,1,78.483,-0.060000000000002274,4282.678,5.44800000000032
LAW,13.0,0 days 00:01:18.515000,MEDIUM,13.0,9.0,0 days 01:12:41.193000,,False,1,78.515,0.031999999999996476,4361.193,5.572000000000116
LAW,14.0,0 days 00:01:18.624000,MEDIUM,14.0,9.0,0 days 01:13:59.817000,,False,1,78.624,0.10899999999999466,4439.817,6.02599999999984
LAW,15.0,0 days 00:01:18.529000,MEDIUM,15.0,9.0,0 days 01:15:18.346000,,False,1,78.529,-0.09499999999999886,4518.346,5.931999999999789
LAW,16.0,0 days 00:01:18.720000,MEDIUM,16.0,9.0,0 days 01:16:37.066000,,False,1,78.72,0.1910000000000025,4597.066,6.014000000000124
LAW,17.0,0 days 00:01:18.793000,MEDIUM,17.0,9.0,0 days 01:17:55.859000,,False,1,78.793,0.0730000000000075,4675.859,6.065000000000509
LAW,18.0,0 days 00:01:18.958000,MEDIUM,18.0,9.0,0 days 01:19:14.817000,,False,1,78.958,0.16499999999999204,4754.817,6.029000000000451
LAW,19.0,0 days 00:01:18.941000,MEDIUM,19.0,9.0,0 days 01:20:33.758000,,False,1,78.941,-0.016999999999995907,4833.758,6.264000000000124
LAW,20.0,0 days 00:01:18.858000,MEDIUM,20.0,9.0,0 days 01:21:52.616000,,False,1,78.858,-0.08299999999999841,4912.616,6.8100000000004
LAW,21.0,0 days 00:01:18.962000,MEDIUM,21.0,9.0,0 days 01:23:11.578000,,False,1,78.962,0.1039999999999992,4991.578,6.706000000000131
LAW,22.0,0 days 00:01:19.047000,MEDIUM,22.0,9.0,0 days 01:24:30.625000,,False,1,79.047,0.08499999999999375,5070.625,7.828000000000429
LAW,23.0,0 days 00:01:19.026000,MEDIUM,23.0,9.0,0 days 01:25:49.651000,,False,1,79.026,-0.021000000000000796,5149.651,8.604999999999563
LAW,24.0,0 days 00:01:18.926000,MEDIUM,24.0,9.0,0 days 01:27:08.577000,,False,1,78.926,-0.09999999999999432,5228.577,8.855000000000473
LAW,25.0,0 days 00:01:18.880000,MEDIUM,25.0,9.0,0 days 01:28:27.457000,,False,1,78.88,-0.04600000000000648,5307.457,9.419000000000779
LAW,26.0,0 days 00:01:19.062000,MEDIUM,26.0,9.0,0 days 01:29:46.519000,,False,1,79.062,0.18200000000000216,5386.519,10.003000000000611
LAW,27.0,0 days 00:01:19.058000,MEDIUM,27.0,9.0,0 days 01:31:05.577000,,False,1,79.058,-0.003999999999990678,5465.577,10.6850000000004
LAW,28.0,0 days 00:01:18.744000,MEDIUM,28.0,9.0,0 days 01:32:24.321000,,False,1,78.744,-0.31400000000000716,5544.321,10.965000000000146
LAW,29.0,0 days 00:01:18.998000,MEDIUM,29.0,9.0,0 days 01:33:43.319000,,False,1,78.998,0.2540000000000049,5623.319,11.765000000000327
LAW,30.0,0 days 00:01:18.493000,MEDIUM,30.0,9.0,0 days 01:35:01.812000,,False,1,78.493,-0.5050000000000097,5701.812,11.936999999999898
LAW,31.0,0 days 00:01:18.700000,MEDIUM,31.0,9.0,0 days 01:36:20.512000,,False,1,78.7,0.20700000000000784,5780.512,4.234999999999673
LAW,32.0,0 days 00:01:19.291000,MEDIUM,32.0,9.0,0 days 01:37:39.803000,,False,1,79.291,0.590999999999994,5859.803,2.7510000000002037
LAW,33.0,0 days 00:01:21.305000,MEDIUM,33.0,9.0,0 days 01:39:01.108000,,False,1,81.305,2.01400000000001,5941.108,0.6280000000006112
LAW,34.0,0 days 00:01:19.949000,MEDIUM,34.0,9.0,0 days 01:40:21.057000,,False,1,79.949,-1.3560000000000088,6021.057,1.5819999999994252
LAW,35.0,0 days 00:01:18.970000,MEDIUM,35.0,9.0,0 days 01:41:40.027000,,False,1,78.97,-0.9789999999999992,6100.027,2.7669999999998254
LAW,36.0,0 days 00:01:18.634000,MEDIUM,36.0,9.0,0 days 01:42:58.661000,,False,1,78.634,-0.3359999999999985,6178.661,3.694999999999709
LAW,37.0,0 days 00:01:18.602000,MEDIUM,37.0,9.0,0 days 01:44:17.263000,,False,1,78.602,-0.031999999999996476,6257.263,4.3859999999995125
LAW,38.0,0 days 00:01:18.451000,MEDIUM,38.0,9.0,0 days 01:45:35.714000,,False,1,78.451,-0.15100000000001046,6335.714,5.0590000000001965
LAW,39.0,0 days 00:01:18.449000,MEDIUM,39.0,9.0,0 days 01:46:54.163000,,False,1,78.449,-0.001999999999995339,6414.163,6.178999999999178
LAW,40.0,0 days 00:01:18.576000,MEDIUM,40.0,9.0,0 days 01:48:12.739000,,False,1,78.576,0.12699999999999534,6492.739,7.370999999999185
LAW,41.0,0 days 00:01:18.752000,MEDIUM,41.0,9.0,0 days 01:49:31.491000,,False,1,78.752,0.17600000000000193,6571.491,8.731999999999971
LAW,42.0,0 days 00:01:21.090000,MEDIUM,42.0,9.0,0 days 01:50:52.581000,,False,1,81.09,2.338000000000008,6652.581,11.662000000000262
LAW,43.0,0 days 00:01:19.403000,MEDIUM,43.0,9.0,0 days 01:52:11.984000,,False,1,79.403,-1.6869999999999976,6731.984,12.286000000000058
LAW,44.0,0 days 00:01:37.323000,MEDIUM,44.0,9.0,0 days 01:53:49.307000,0 days 01:53:24.402000,True,1,97.323,17.919999999999987,6829.307,30.831999999999425
LAW,45.0,0 days 00:01:24.980000,SOFT,5.0,8.0,0 days 01:55:14.287000,,False,1,84.98,-12.34299999999999,6914.287,25.899000000000342
LAW,46.0,0 days 00:01:18.880000,SOFT,6.0,8.0,0 days 01:56:33.167000,,False,1,78.88,-6.1000000000000085,6993.167,21.136000000000422
LAW,47.0,0 days 00:01:17.982000,SOFT,7.0,8.0,0 days 01:57:51.149000,,False,1,77.982,-0.8979999999999961,7071.149,20.44300000000021
LAW,48.0,0 days 00:01:17.937000,SOFT,8.0,8.0,0 days 01:59:09.086000,,False,1,77.937,-0.045000000000001705,7149.086,20.162000000000262
LAW,49.0,0 days 00:01:17.784000,SOFT,9.0,8.0,0 days 02:00:26.870000,,False,1,77.784,-0.1529999999999916,7226.87,17.22400000000016
LAW,50.0,0 days 00:01:17.257000,SOFT,10.0,8.0,0 days 02:01:44.127000,,False,1,77.257,-0.527000000000001,7304.127,15.556000000000495
LAW,51.0,0 days 00:01:17.506000,SOFT,11.0,8.0,0 days 02:03:01.633000,,False,1,77.506,0.24899999999999523,7381.633,13.713999999999942
LAW,52.0,0 days 00:01:17.705000,SOFT,12.0,8.0,0 days 02:04:19.338000,,False,1,77.705,0.19899999999999807,7459.338,13.469000000000051
LAW,53.0,0 days 00:01:17.812000,SOFT,13.0,8.0,0 days 02:05:37.150000,,False,1,77.812,0.10699999999999932,7537.15,14.225999999999658
LAW,54.0,0 days 00:01:17.528000,SOFT,14.0,8.0,0 days 02:06:54.678000,,False,1,77.528,-0.2839999999999918,7614.678,14.466999999999643
LAW,55.0,0 days 00:01:17.644000,SOFT,15.0,8.0,0 days 02:08:12.322000,,False,1,77.644,0.11599999999999966,7692.322,14.984999999999673
LAW,56.0,0 days 00:01:18.018000,SOFT,16.0,8.0,0 days 02:09:30.340000,,False,1,78.018,0.3739999999999952,7770.34,15.494000000000597
LAW,57.0,0 days 00:01:17.570000,SOFT,17.0,8.0,0 days 02:10:47.910000,,False,1,77.57,-0.4480000000000075,7847.91,15.100999999999658
LAW,58.0,0 days 00:01:18.581000,SOFT,18.0,8.0,0 days 02:12:06.491000,,False,12,78.581,1.01100000000001,7926.491,16.06999999999971
LAW,59.0,0 days 00:01:47.233000,SOFT,19.0,8.0,0 days 02:13:53.724000,,False,24,107.233,28.652,8033.724,21.286000000000058
LAW,60.0,0 days 00:01:54.186000,SOFT,20.0,8.0,0 days 02:15:47.910000,0 days 02:15:28.830000,True,4,114.186,6.953000000000003,8147.91,20.57799999999952
LAW,61.0,0 days 00:01:27.188000,SOFT,21.0,8.0,0 days 02:17:15.098000,,False,4,87.188,-26.998000000000005,8235.098,17.299999999999272
LAW,62.0,0 days 00:01:44.492000,SOFT,22.0,8.0,0 days 02:18:59.590000,,False,4,104.492,17.304000000000002,8339.59,4.031000000000859
LAW,63.0,0 days 00:01:43.665000,SOFT,23.0,8.0,0 days 02:20:43.255000,,False,4,103.665,-0.8269999999999982,8443.255,13.816999999999098
LAW,64.0,0 days 00:01:19.559000,SOFT,24.0,8.0,0 days 02:22:02.814000,,False,4,79.559,-24.10600000000001,8522.814,9.217000000000553
LAW,65.0,0 days 00:01:20.385000,SOFT,25.0,7.0,0 days 02:23:23.199000,,False,412,80.385,0.8260000000000076,8603.199,7.130000000001019
LAW,66.0,0 days 00:01:55.503000,SOFT,26.0,7.0,0 days 02:25:18.702000,0 days 02:24:59.171000,True,24,115.503,35.117999999999995,8718.702,7.897999999999229
LAW,67.0,0 days 00:01:43.746000,SOFT,7.0,7.0,0 days 02:27:02.448000,,False,4,103.746,-11.757000000000005,8822.448,4.917999999999665
LAW,68.0,,SOFT,8.0,7.0,0 days 03:04:36.100000,0 days 02:28:50.794000,True,451,,,11076.1,2.5900000000001455
LAW,69.0,0 days 00:01:35.103000,SOFT,7.0,7.0,0 days 03:06:11.203000,,False,4,95.103,,11171.203,1.782999999999447
LAW,70.0,,SOFT,8.0,7.0,0 days 03:08:52.214000,,False,41,,,11332.214,0.20600000000013097
LAW,71.0,0 days 00:01:28.680000,SOFT,9.0,7.0,0 days 03:10:20.894000,,False,12,88.68,,11420.894,0.9200000000000728
LAW,72.0,0 days 00:01:19.113000,SOFT,10.0,6.0,0 days 03:11:40.007000,,False,1,79.113,-9.567000000000007,11500.007,1.2739999999994325
LAW,73.0,0 days 00:01:17.645000,SOFT,11.0,6.0,0 days 03:12:57.652000,,False,1,77.645,-1.4680000000000035,11577.652,2.230999999999767
LAW,74.0,0 days 00:01:16.396000,SOFT,12.0,6.0,0 days 03:14:14.048000,,False,1,76.396,-1.2489999999999952,11654.048,2.4400000000005093
LAW,75.0,0 days 00:01:16.047000,SOFT,13.0,6.0,0 days 03:15:30.095000,,False,1,76.047,-0.34900000000000375,11730.095,2.2289999999993597
LAW,76.0,0 days 00:01:15.754000,SOFT,14.0,6.0,0 days 03:16:45.849000,,False,1,75.754,-0.29299999999999216,11805.849,2.1669999999994616
LAW,77.0,0 days 00:01:15.893000,SOFT,15.0,6.0,0 days 03:18:01.742000,,False,1,75.893,0.1389999999999958,11881.742,2.213999999999942
LAW,78.0,0 days 00:01:15.963000,SOFT,16.0,6.0,0 days 03:19:17.705000,,False,1,75.963,0.06999999999999318,11957.705,2.3150000000005093
LEC,1.0,0 days 00:01:25.514000,MEDIUM,1.0,3.0,0 days 00:56:45.380000,,False,12,85.514,,3405.38,1.1770000000001346
LEC,2.0,0 days 00:01:18.553000,MEDIUM,2.0,3.0,0 days 00:58:03.933000,,False,1,78.553,-6.9609999999999985,3483.933,0.9850000000001273
LEC,3.0,0 days 00:01:17.793000,MEDIUM,3.0,3.0,0 days 00:59:21.726000,,False,1,77.793,-0.7599999999999909,3561.726,1.099999999999909
LEC,4.0,0 days 00:01:17.470000,MEDIUM,4.0,3.0,0 days 01:00:39.196000,,False,1,77.47,-0.3230000000000075,3639.196,1.4919999999997344
LEC,5.0,0 days 00:01:17.655000,MEDIUM,5.0,3.0,0 days 01:01:56.851000,,False,1,77.655,0.18500000000000227,3716.851,2.088999999999942
LEC,6.0,0 days 00:01:17.740000,MEDIUM,6.0,3.0,0 days 01:03:14.591000,,False,1,77.74,0.08499999999999375,3794.591,3.1289999999999054
LEC,7.0,0 days 00:01:17.338000,MEDIUM,7.0,3.0,0 days 01:04:31.929000,,False,1,77.338,-0.402000000000001,3871.929,3.880000000000109
LEC,8.0,0 days 00:01:16.909000,MEDIUM,8.0,3.0,0 days 01:05:48.838000,,False,1,76.909,-0.42899999999998784,3948.838,3.7840000000001055
LEC,9.0,0 days 00:01:17.188000,MEDIUM,9.0,3.0,0 days 01:07:06.026000,,False,1,77.188,0.27899999999999636,4026.026,4.330999999999676
LEC,10.0,0 days 00:01:16.840000,MEDIUM,10.0,3.0,0 days 01:08:22.866000,,False,1,76.84,-0.347999999999999,4102.866,4.329999999999927
LEC,11.0,0 days 00:01:17.013000,MEDIUM,11.0,3.0,0 days 01:09:39.879000,,False,1,77.013,0.17300000000000182,4179.879,4.207000000000335
LEC,12.0,0 days 00:01:17.560000,MEDIUM,12.0,3.0,0 days 01:10:57.439000,,False,1,77.56,0.546999999999997,4257.439,4.5330000000003565
LEC,13.0,0 days 00:01:17.081000,MEDIUM,13.0,3.0,0 days 01:12:14.520000,,False,1,77.081,-0.4789999999999992,4334.52,4.58600000000024
LEC,14.0,0 days 00:01:17.156000,MEDIUM,14.0,3.0,0 days 01:13:31.676000,,False,1,77.156,0.07500000000000284,4411.676,4.7520000000004075
LEC,15.0,0 days 00:01:17.313000,MEDIUM,15.0,3.0,0 days 01:14:48.989000,,False,1,77.313,0.15699999999999648,4488.989,5.152999999999338
LEC,16.0,0 days 00:01:17.015000,MEDIUM,16.0,3.0,0 days 01:16:06.004000,,False,1,77.015,-0.2980000000000018,4566.004,5.153999999999542
LEC,17.0,0 days 00:01:17.688000,MEDIUM,17.0,3.0,0 days 01:17:23.692000,,False,1,77.688,0.6730000000000018,4643.692,5.6030000000000655
LEC,18.0,0 days 00:01:17.363000,MEDIUM,18.0,3.0,0 days 01:18:41.055000,,False,1,77.363,-0.32500000000000284,4721.055,5.936999999999898
LEC,19.0,0 days 00:01:17.698000,MEDIUM,19.0,3.0,0 days 01:19:58.753000,,False,1,77.698,0.33499999999999375,4798.753,6.363999999999578
LEC,20.0,0 days 00:01:17.219000,MEDIUM,20.0,3.0,0 days 01:21:15.972000,,False,1,77.219,-0.4789999999999992,4875.972,6.463999999999942
LEC,21.0,0 days 00:01:16.881000,MEDIUM,21.0,3.0,0 days 01:22:32.853000,,False,1,76.881,-0.33799999999999386,4952.853,6.269000000000233
LEC,22.0,0 days 00:01:16.971000,MEDIUM,22.0,3.0,0 days 01:23:49.824000,,False,1,76.971,0.09000000000000341,5029.824,5.9909999999999854
LEC,23.0,0 days 00:01:17.884000,MEDIUM,23.0,3.0,0 days 01:25:07.708000,,False,1,77.884,0.9129999999999967,5107.708,6.494999999999891
LEC,24.0,0 days 00:01:16.955000,MEDIUM,24.0,3.0,0 days 01:26:24.663000,,False,1,76.955,-0.929000000000002,5184.663,5.666999999999462
LEC,25.0,0 days 00:01:16.983000,MEDIUM,25.0,3.0,0 days 01:27:41.646000,,False,1,76.983,0.028000000000005798,5261.646,4.916000000000167
LEC,26.0,0 days 00:01:17.021000,MEDIUM,26.0,3.0,0 days 01:28:58.667000,,False,1,77.021,0.0379999999999967,5338.667,3.949000000000524
LEC,27.0,0 days 00:01:17.168000,MEDIUM,27.0,3.0,0 days 01:30:15.835000,,False,1,77.168,0.14700000000000557,5415.835,2.8919999999998254
LEC,28.0,0 days 00:01:17.572000,MEDIUM,28.0,2.0,0 days 01:31:33.407000,,False,1,77.572,0.40399999999999636,5493.407,15.221999999999753
LEC,29.0,0 days 00:01:17.188000,MEDIUM,29.0,2.0,0 days 01:32:50.595000,,False,1,77.188,-0.38400000000000034,5570.595,15.45300000000043
LEC,30.0,0 days 00:01:17.070000,MEDIUM,30.0,2.0,0 days 01:34:07.665000,,False,1,77.07,-0.11800000000000921,5647.665,15.6850000000004
LEC,31.0,0 days 00:01:17.579000,MEDIUM,31.0,2.0,0 days 01:35:25.244000,,False,1,77.579,0.5090000000000003,5725.244,16.646999999999935
LEC,32.0,0 days 00:01:17.919000,MEDIUM,32.0,2.0,0 days 01:36:43.163000,,False,1,77.919,0.3400000000000034,5803.163,17.777999999999338
LEC,33.0,0 days 00:01:17.666000,MEDIUM,33.0,2.0,0 days 01:38:00.829000,,False,1,77.666,-0.2530000000000001,5880.829,18.581999999999425
LEC,34.0,0 days 00:01:17.907000,MEDIUM,34.0,2.0,0 days 01:39:18.736000,,False,1,77.907,0.24099999999999966,5958.736,19.287999999999556
LEC,35.0,0 days 00:01:36.500000,MEDIUM,35.0,3.0,0 days 01:40:55.236000,0 days 01:40:30.549000,True,1,96.5,18.593000000000004,6055.236,6.313000000000102
LEC,36.0,0 days 00:01:23.426000,HARD,1.0,3.0,0 days 01:42:18.662000,,False,1,83.426,-13.073999999999998,6138.662,13.173000000000684
LEC,37.0,0 days 00:01:17.652000,HARD,2.0,3.0,0 days 01:43:36.314000,,False,1,77.652,-5.774000000000001,6216.314,13.391000000000531
LEC,38.0,0 days 00:01:16.872000,HARD,3.0,3.0,0 days 01:44:53.186000,,False,1,76.872,-0.7800000000000011,6293.186,12.886999999999716
LEC,39.0,0 days 00:01:16.569000,HARD,4.0,3.0,0 days 01:46:09.755000,,False,1,76.569,-0.30299999999999727,6369.755,10.984999999999673
LEC,40.0,0 days 00:01:16.564000,HARD,5.0,3.0,0 days 01:47:26.319000,,False,1,76.564,-0.005000000000009663,6446.319,9.865999999999985
LEC,41.0,0 days 00:01:17.872000,HARD,6.0,3.0,0 days 01:48:44.191000,,False,1,77.872,1.308000000000007,6524.191,10.34900000000016
LEC,42.0,0 days 00:01:17.536000,HARD,7.0,3.0,0 days 01:50:01.727000,,False,1,77.536,-0.3359999999999985,6601.727,10.773000000000138
LEC,43.0,0 days 00:01:16.574000,HARD,8.0,3.0,0 days 01:51:18.301000,,False,1,76.574,-0.9620000000000033,6678.301,10.087000000000444
LEC,44.0,0 days 00:01:16.345000,HARD,9.0,3.0,0 days 01:52:34.646000,,False,1,76.345,-0.2289999999999992,6754.646,9.304000000000087
LEC,45.0,0 days 00:01:16.538000,HARD,10.0,3.0,0 days 01:53:51.184000,,False,1,76.538,0.19299999999999784,6831.184,9.048999999999978
LEC,46.0,0 days 00:01:16.271000,HARD,11.0,3.0,0 days 01:55:07.455000,,False,1,76.271,-0.2669999999999959,6907.455,8.662999999999556
LEC,47.0,0 days 00:01:16.037000,HARD,12.0,3.0,0 days 01:56:23.492000,,False,1,76.037,-0.23399999999999466,6983.492,7.8510000000005675
LEC,48.0,0 days 00:01:16.217000,HARD,13.0,3.0,0 days 01:57:39.709000,,False,1,76.217,0.1799999999999926,7059.709,6.878999999999905
LEC,49.0,0 days 00:01:16.195000,HARD,14.0,3.0,0 days 01:58:55.904000,,False,1,76.195,-0.02200000000000557,7135.904,5.886000000000422
LEC,50.0,0 days 00:01:16.211000,HARD,15.0,3.0,0 days 02:00:12.115000,,False,1,76.211,0.016000000000005343,7212.115,5.045000000000073
LEC,51.0,0 days 00:01:16.474000,HARD,16.0,3.0,0 days 02:01:28.589000,,False,1,76.474,0.26300000000000523,7288.589,4.823999999999614
LEC,52.0,0 days 00:01:16.696000,HARD,17.0,3.0,0 days 02:02:45.285000,,False,1,76.696,0.2219999999999942,7365.285,4.858999999999469
LEC,53.0,0 days 00:01:15.964000,HARD,18.0,3.0,0 days 02:04:01.249000,,False,1,75.964,-0.7319999999999993,7441.249,4.145999999999731
LEC,54.0,0 days 00:01:16.150000,HARD,19.0,3.0,0 days 02:05:17.399000,,False,1,76.15,0.18600000000000705,7517.399,3.606999999999971
LEC,55.0,0 days 00:01:16.056000,HARD,20.0,3.0,0 days 02:06:33.455000,,False,1,76.056,-0.0940000000000083,7593.455,2.895999999999731
LEC,56.0,0 days 00:01:17.088000,HARD,21.0,3.0,0 days 02:07:50.543000,,False,1,77.088,1.0319999999999965,7670.543,3.4769999999998618
LEC,57.0,0 days 00:01:16.393000,HARD,22.0,3.0,0 days 02:09:06.936000,,False,1,76.393,-0.6949999999999932,7746.936,3.213999999999942
LEC,58.0,0 days 00:01:16.378000,HARD,23.0,3.0,0 days 02:10:23.314000,,False,1,76.378,-0.015000000000000568,7823.314,2.7150000000001455
LEC,59.0,0 days 00:01:16.476000,HARD,24.0,3.0,0 days 02:11:39.790000,,False,1,76.476,0.09799999999999898,7899.79,2.912999999999556
LEC,60.0,0 days 00:02:01.657000,HARD,25.0,3.0,0 days 02:13:41.447000,0 days 02:13:07.296000,True,124,121.657,45.181,8021.447,8.452000000000226
LEC,61.0,0 days 00:01:55.305000,SOFT,5.0,3.0,0 days 02:15:36.752000,0 days 02:15:17.658000,True,4,115.305,-6.35199999999999,8136.752,3.411000000000058
LEC,62.0,0 days 00:01:34.670000,SOFT,6.0,3.0,0 days 02:17:11.422000,,False,4,94.67,-20.635000000000005,8231.422,5.819999999999709
LEC,63.0,0 days 00:01:46.850000,SOFT,7.0,3.0,0 days 02:18:58.272000,,False,4,106.85,12.179999999999993,8338.272,1.8880000000008295
LEC,64.0,0 days 00:02:04.443000,SOFT,8.0,3.0,0 days 02:21:02.715000,,False,4,124.443,17.593000000000004,8462.715,0.9369999999998981
LEC,65.0,,SOFT,9.0,,0 days 02:27:14.713000,,False,412,,,8834.713,120.16499999999905
LIN,1.0,0 days 00:01:35.957000,MEDIUM,1.0,15.0,0 days 00:56:55.823000,,False,12,95.957,,3415.823,0.7839999999996508
LIN,2.0,0 days 00:01:21.402000,MEDIUM,2.0,15.0,0 days 00:58:17.225000,,False,1,81.402,-14.554999999999993,3497.225,0.681999999999789
LIN,3.0,0 days 00:01:20.628000,MEDIUM,3.0,15.0,0 days 00:59:37.853000,,False,1,80.628,-0.7740000000000009,3577.853,0.831000000000131
LIN,4.0,0 days 00:01:20.116000,MEDIUM,4.0,14.0,0 days 01:00:57.969000,,False,1,80.116,-0.5120000000000005,3657.969,1.5750000000002728
LIN,5.0,0 days 00:01:19.419000,MEDIUM,5.0,14.0,0 days 01:02:17.388000,,False,1,79.419,-0.6970000000000027,3737.388,0.9099999999998545
LIN,6.0,0 days 00:01:19.714000,MEDIUM,6.0,14.0,0 days 01:03:37.102000,,False,1,79.714,0.2950000000000017,3817.102,0.7339999999999236
LIN,7.0,0 days 00:01:19.709000,MEDIUM,7.0,14.0,0 days 01:04:56.811000,,False,1,79.709,-0.0049999999999954525,3896.811,1.0160000000000764
LIN,8.0,0 days 00:01:19.197000,MEDIUM,8.0,14.0,0 days 01:06:16.008000,,False,1,79.197,-0.5120000000000005,3976.008,0.58199999999988
LIN,9.0,0 days 00:01:19.162000,MEDIUM,9.0,14.0,0 days 01:07:35.170000,,False,1,79.162,-0.03499999999999659,4055.17,0.9200000000000728
LIN,10.0,0 days 00:01:19.815000,MEDIUM,10.0,14.0,0 days 01:08:54.985000,,False,1,79.815,0.6529999999999916,4134.985,0.5919999999996435
LIN,11.0,0 days 00:01:18.989000,MEDIUM,11.0,14.0,0 days 01:10:13.974000,,False,1,78.989,-0.8259999999999934,4213.974,0.899000000000342
LIN,12.0,0 days 00:01:19.191000,MEDIUM,12.0,13.0,0 days 01:11:33.165000,,False,1,79.191,0.20199999999999818,4293.165,1.1989999999996144
LIN,13.0,0 days 00:01:18.999000,MEDIUM,13.0,13.0,0 days 01:12:52.164000,,False,1,78.999,-0.19200000000000728,4372.164,1.780999999999949
LIN,14.0,0 days 00:01:18.342000,MEDIUM,14.0,13.0,0 days 01:14:10.506000,,False,1,78.342,-0.6569999999999965,4450.506,1.7710000000006403
LIN,15.0,0 days 00:01:18.411000,MEDIUM,15.0,13.0,0 days 01:15:28.917000,,False,1,78.411,0.06900000000000261,4528.917,1.373000000000502
LIN,16.0,0 days 00:01:18.552000,MEDIUM,16.0,13.0,0 days 01:16:47.469000,,False,1,78.552,0.14100000000000534,4607.469,1.431999999999789
LIN,17.0,0 days 00:01:19.406000,MEDIUM,17.0,13.0,0 days 01:18:06.875000,,False,1,79.406,0.8539999999999992,4686.875,2.6109999999998763
LIN,18.0,0 days 00:01:18.528000,MEDIUM,18.0,13.0,0 days 01:19:25.403000,,False,1,78.528,-0.8780000000000001,4765.403,2.4630000000006476
LIN,19.0,0 days 00:01:18.440000,MEDIUM,19.0,13.0,0 days 01:20:43.843000,,False,1,78.44,-0.08800000000000807,4843.843,2.207999999999629
LIN,20.0,0 days 00:01:18.485000,MEDIUM,20.0,13.0,0 days 01:22:02.328000,,False,1,78.485,0.045000000000001705,4922.328,1.9329999999999927
LIN,21.0,0 days 00:01:18.458000,MEDIUM,21.0,13.0,0 days 01:23:20.786000,,False,1,78.458,-0.027000000000001023,5000.786,1.6829999999999927
LIN,22.0,0 days 00:01:18.683000,MEDIUM,22.0,13.0,0 days 01:24:39.469000,,False,1,78.683,0.22500000000000853,5079.469,1.5820000000003347
LIN,23.0,0 days 00:01:18.741000,MEDIUM,23.0,13.0,0 days 01:25:58.210000,,False,1,78.741,0.057999999999992724,5158.21,1.1959999999999127
LIN,24.0,0 days 00:01:19.012000,MEDIUM,24.0,13.0,0 days 01:27:17.222000,,False,1,79.012,0.2710000000000008,5237.222,1.1210000000000946
LIN,25.0,0 days 00:01:19.152000,MEDIUM,25.0,13.0,0 days 01:28:36.374000,,False,1,79.152,0.14000000000000057,5316.374,1.1350000000002183
LIN,26.0,0 days 00:01:19.134000,MEDIUM,26.0,13.0,0 days 01:29:55.508000,,False,1,79.134,-0.018000000000000682,5395.508,1.1480000000001382
LIN,27.0,0 days 00:01:19.287000,MEDIUM,27.0,13.0,0 days 01:31:14.795000,,False,1,79.287,0.1530000000000058,5474.795,1.2550000000001091
LIN,28.0,0 days 00:01:19.018000,MEDIUM,28.0,13.0,0 days 01:32:33.813000,,False,1,79.018,-0.26900000000000546,5553.813,1.5190000000002328
LIN,29.0,0 days 00:01:20.515000,MEDIUM,29.0,13.0,0 days 01:33:54.328000,,False,1,80.515,1.4969999999999999,5634.328,2.1970000000001164
LIN,30.0,0 days 00:01:19.047000,MEDIUM,30.0,13.0,0 days 01:35:13.375000,,False,1,79.047,-1.4680000000000035,5713.375,1.113999999999578
LIN,31.0,0 days 00:01:19.313000,MEDIUM,31.0,13.0,0 days 01:36:32.688000,,False,1,79.313,0.26600000000000534,5792.688,1.0450000000000728
LIN,32.0,0 days 00:01:19.203000,MEDIUM,32.0,13.0,0 days 01:37:51.891000,,False,1,79.203,-0.10999999999999943,5871.891,0.725999999999658
LIN,33.0,0 days 00:01:20.074000,MEDIUM,33.0,13.0,0 days 01:39:11.965000,,False,1,80.074,0.8709999999999951,5951.965,1.0579999999999927
LIN,34.0,0 days 00:01:20.969000,MEDIUM,34.0,13.0,0 days 01:40:32.934000,,False,1,80.969,0.894999999999996,6032.934,0.3000000000001819
LIN,35.0,0 days 00:01:21.758000,MEDIUM,35.0,12.0,0 days 01:41:54.692000,,False,1,81.758,0.7890000000000015,6114.692,0.9859999999998763
LIN,36.0,0 days 00:01:21.074000,MEDIUM,36.0,12.0,0 days 01:43:15.766000,,False,1,81.074,-0.6839999999999975,6195.766,0.4600000000000364
LIN,37.0,0 days 00:01:21.122000,MEDIUM,37.0,12.0,0 days 01:44:36.888000,,False,1,81.122,0.04800000000000182,6276.888,0.3569999999999709
LIN,38.0,0 days 00:01:21.743000,MEDIUM,38.0,12.0,0 days 01:45:58.631000,,False,1,81.743,0.6209999999999951,6358.631,0.6480000000001382
LIN,39.0,0 days 00:01:22.851000,MEDIUM,39.0,12.0,0 days 01:47:21.482000,,False,1,82.851,1.108000000000004,6441.482,0.4170000000003711
LIN,40.0,0 days 00:01:21.813000,MEDIUM,40.0,12.0,0 days 01:48:43.295000,,False,1,81.813,-1.0379999999999967,6523.295,0.4030000000002474
LIN,41.0,0 days 00:01:22.619000,MEDIUM,41.0,12.0,0 days 01:50:05.914000,,False,1,82.619,0.8059999999999974,6605.914,0.4290000000000873
LIN,42.0,0 days 00:01:21.906000,MEDIUM,42.0,12.0,0 days 01:51:27.820000,,False,1,81.906,-0.7129999999999939,6687.82,0.42000000000007276
LIN,43.0,0 days 00:01:21.455000,MEDIUM,43.0,12.0,0 days 01:52:49.275000,,False,1,81.455,-0.4510000000000076,6769.275,0.8299999999999272
LIN,44.0,0 days 00:01:19.907000,MEDIUM,44.0,12.0,0 days 01:54:09.182000,,False,1,79.907,-1.5480000000000018,6849.182,0.8469999999997526
LIN,45.0,0 days 00:01:21.326000,MEDIUM,45.0,11.0,0 days 01:55:30.508000,,False,1,81.326,1.418999999999997,6930.508,0.3829999999998108
LIN,46.0,0 days 00:01:22.295000,MEDIUM,46.0,11.0,0 days 01:56:52.803000,,False,1,82.295,0.9690000000000083,7012.803,0.4570000000003347
LIN,47.0,0 days 00:01:22.248000,MEDIUM,47.0,10.0,0 days 01:58:15.051000,,False,1,82.248,-0.046999999999997044,7095.051,10.072000000000116
LIN,48.0,0 days 00:01:18.882000,MEDIUM,48.0,10.0,0 days 01:59:33.933000,,False,1,78.882,-3.3659999999999997,7173.933,10.854999999999563
LIN,49.0,0 days 00:01:18.655000,MEDIUM,49.0,10.0,0 days 02:00:52.588000,,False,1,78.655,-0.22700000000000387,7252.588,11.318999999999505
LIN,50.0,0 days 00:01:18.746000,MEDIUM,50.0,10.0,0 days 02:02:11.334000,,False,1,78.746,0.09099999999999397,7331.334,11.992999999999483
LIN,51.0,0 days 00:01:18.891000,MEDIUM,51.0,10.0,0 days 02:03:30.225000,,False,1,78.891,0.14500000000001023,7410.225,12.86200000000008
LIN,52.0,0 days 00:01:21.909000,MEDIUM,52.0,9.0,0 days 02:04:52.134000,,False,1,81.909,3.0180000000000007,7492.134,32.79600000000028
LIN,53.0,0 days 00:01:19.248000,MEDIUM,53.0,9.0,0 days 02:06:11.382000,,False,1,79.248,-2.6610000000000014,7571.382,34.23199999999997
LIN,54.0,0 days 00:01:18.942000,MEDIUM,54.0,9.0,0 days 02:07:30.324000,,False,1,78.942,-0.3060000000000116,7650.324,35.64599999999973
LIN,55.0,0 days 00:01:19,MEDIUM,55.0,9.0,0 days 02:08:49.324000,,False,1,79.0,0.058000000000006935,7729.324,37.0019999999995
LIN,56.0,0 days 00:01:19.652000,MEDIUM,56.0,9.0,0 days 02:10:08.976000,,False,1,79.652,0.652000000000001,7808.976,38.63599999999951
LIN,57.0,0 days 00:01:20.994000,MEDIUM,57.0,9.0,0 days 02:11:29.970000,,False,1,80.994,1.3419999999999987,7889.97,42.0600000000004
LIN,58.0,0 days 00:01:36.820000,MEDIUM,58.0,9.0,0 days 02:13:06.790000,,False,124,96.82,15.825999999999993,7986.79,60.29899999999998
LIN,59.0,0 days 00:01:51.112000,MEDIUM,59.0,9.0,0 days 02:14:57.902000,0 days 02:14:38.704000,True,4,111.112,14.292000000000002,8097.902,64.17799999999988
LIN,60.0,0 days 00:01:52.205000,MEDIUM,60.0,9.0,0 days 02:16:50.107000,,False,4,112.205,1.0930000000000035,8210.107,62.197000000000116
LIN,61.0,0 days 00:01:59.596000,MEDIUM,61.0,9.0,0 days 02:18:49.703000,,False,4,119.596,7.391000000000005,8329.703,94.60499999999956
LIN,62.0,0 days 00:01:28.831000,MEDIUM,62.0,9.0,0 days 02:20:18.534000,,False,4,88.831,-30.765,8418.534,78.9439999999995
LIN,63.0,0 days 00:01:25.122000,MEDIUM,63.0,9.0,0 days 02:21:43.656000,,False,4,85.122,-3.709000000000003,8503.656,60.40100000000166
LIN,64.0,0 days 00:01:22.124000,MEDIUM,64.0,9.0,0 days 02:23:05.780000,,False,412,82.124,-2.9980000000000047,8585.78,62.96600000000035
LIN,65.0,0 days 00:01:52.993000,MEDIUM,65.0,8.0,0 days 02:24:58.773000,0 days 02:24:36.992000,True,24,112.993,30.869,8698.773,95.5739999999987
LIN,66.0,0 days 00:01:47.083000,MEDIUM,66.0,8.0,0 days 02:26:45.856000,,False,4,107.083,-5.909999999999997,8805.856,87.15400000000045
LIN,67.0,,MEDIUM,67.0,8.0,0 days 03:02:14.178000,0 days 02:28:32.059000,True,451,,,10934.178,2111.7299999999996
LIN,68.0,0 days 00:02:25.523000,SOFT,1.0,8.0,0 days 03:04:39.701000,0 days 03:03:37.713000,True,14,145.523,,11079.701,3.6009999999987485
LIN,69.0,0 days 00:01:32.743000,SOFT,1.0,8.0,0 days 03:06:12.444000,,False,4,92.743,-52.78,11172.444,1.2409999999999854
LIN,70.0,,SOFT,2.0,8.0,0 days 03:08:52.571000,,False,41,,,11332.571,0.3569999999999709
LIN,71.0,0 days 00:01:29.062000,SOFT,3.0,8.0,0 days 03:10:21.633000,,False,12,89.062,,11421.633,0.738999999999578
LIN,72.0,0 days 00:01:19.275000,SOFT,4.0,7.0,0 days 03:11:40.908000,,False,1,79.275,-9.786999999999992,11500.908,0.9009999999998399
LIN,73.0,0 days 00:01:18.393000,SOFT,5.0,7.0,0 days 03:12:59.301000,,False,1,78.393,-0.882000000000005,11579.301,1.6489999999994325
LIN,74.0,0 days 00:01:16.789000,SOFT,6.0,7.0,0 days 03:14:16.090000,,False,1,76.789,-1.6039999999999992,11656.09,2.0419999999994616
LIN,75.0,0 days 00:01:16.245000,SOFT,7.0,7.0,0 days 03:15:32.335000,,False,1,76.245,-0.5439999999999969,11732.335,2.2399999999997817
LIN,76.0,0 days 00:01:15.908000,SOFT,8.0,7.0,0 days 03:16:48.243000,,False,1,75.908,-0.3370000000000033,11808.243,2.394000000000233
LIN,77.0,0 days 00:01:15.920000,SOFT,9.0,7.0,0 days 03:18:04.163000,,False,1,75.92,0.012000000000000455,11884.163,2.4210000000002765
LIN,78.0,0 days 00:01:15.960000,SOFT,10.0,7.0,0 days 03:19:20.123000,,False,1,75.96,0.03999999999999204,11960.123,2.4179999999996653
NOR,1.0,0 days 00:01:30.629000,MEDIUM,1.0,8.0,0 days 00:56:50.495000,,False,12,90.629,,3410.495,0.5239999999998872
NOR,2.0,0 days 00:01:20.684000,MEDIUM,2.0,8.0,0 days 00:58:11.179000,,False,1,80.684,-9.945000000000007,3491.179,0.49299999999993815
NOR,3.0,0 days 00:01:20.195000,MEDIUM,3.0,8.0,0 days 00:59:31.374000,,False,1,80.195,-0.4890000000000043,3571.374,0.6149999999997817
NOR,4.0,0 days 00:01:19.491000,MEDIUM,4.0,8.0,0 days 01:00:50.865000,,False,1,79.491,-0.7039999999999935,3650.865,0.9819999999999709
NOR,5.0,0 days 00:01:18.988000,MEDIUM,5.0,8.0,0 days 01:02:09.853000,,False,1,78.988,-0.5030000000000001,3729.853,0.8780000000001564
NOR,6.0,0 days 00:01:18.233000,MEDIUM,6.0,8.0,0 days 01:03:28.086000,,False,1,78.233,-0.7549999999999955,3808.086,0.8059999999995853
NOR,7.0,0 days 00:01:18.243000,MEDIUM,7.0,8.0,0 days 01:04:46.329000,,False,1,78.243,0.009999999999990905,3886.329,0.46900000000005093
NOR,8.0,0 days 00:01:18.079000,MEDIUM,8.0,8.0,0 days 01:06:04.408000,,False,1,78.079,-0.16400000000000148,3964.408,0.6019999999998618
NOR,9.0,0 days 00:01:18.059000,MEDIUM,9.0,8.0,0 days 01:07:22.467000,,False,1,78.059,-0.01999999999999602,4042.467,0.5309999999999491
NOR,10.0,0 days 00:01:18.628000,MEDIUM,10.0,8.0,0 days 01:08:41.095000,,False,1,78.628,0.5690000000000026,4121.095,1.1190000000005966
NOR,11.0,0 days 00:01:18.413000,MEDIUM,11.0,8.0,0 days 01:09:59.508000,,False,1,78.413,-0.2150000000000034,4199.508,1.1279999999997017
NOR,12.0,0 days 00:01:17.722000,MEDIUM,12.0,8.0,0 days 01:11:17.230000,,False,1,77.722,-0.6910000000000025,4277.23,0.4919999999992797
NOR,13.0,0 days 00:01:18.391000,MEDIUM,13.0,8.0,0 days 01:12:35.621000,,False,1,78.391,0.6690000000000111,4355.621,0.5500000000001819
NOR,14.0,0 days 00:01:18.170000,MEDIUM,14.0,8.0,0 days 01:13:53.791000,,False,1,78.17,-0.22100000000000364,4433.791,0.5160000000005311
NOR,15.0,0 days 00:01:18.623000,MEDIUM,15.0,8.0,0 days 01:15:12.414000,,False,1,78.623,0.45300000000000296,4512.414,1.0469999999995707
NOR,16.0,0 days 00:01:18.638000,MEDIUM,16.0,8.0,0 days 01:16:31.052000,,False,1,78.638,0.015000000000000568,4591.052,0.556999999999789
NOR,17.0,0 days 00:01:18.742000,MEDIUM,17.0,8.0,0 days 01:17:49.794000,,False,1,78.742,0.1039999999999992,4669.794,0.5169999999998254
NOR,18.0,0 days 00:01:18.994000,MEDIUM,18.0,8.0,0 days 01:19:08.788000,,False,1,78.994,0.25199999999999534,4748.788,0.4559999999992215
NOR,19.0,0 days 00:01:18.706000,MEDIUM,19.0,8.0,0 days 01:20:27.494000,,False,1,78.706,-0.2879999999999967,4827.494,0.4749999999994543
NOR,20.0,0 days 00:01:18.312000,MEDIUM,20.0,8.0,0 days 01:21:45.806000,,False,1,78.312,-0.39400000000000546,4905.806,0.5559999999995853
NOR,21.0,0 days 00:01:19.066000,MEDIUM,21.0,8.0,0 days 01:23:04.872000,,False,1,79.066,0.7540000000000049,4984.872,1.2359999999998763
NOR,22.0,0 days 00:01:17.925000,MEDIUM,22.0,8.0,0 days 01:24:22.797000,,False,1,77.925,-1.1410000000000053,5062.797,0.6859999999996944
NOR,23.0,0 days 00:01:18.249000,MEDIUM,23.0,8.0,0 days 01:25:41.046000,,False,1,78.249,0.32399999999999807,5141.046,0.47400000000016007
NOR,24.0,0 days 00:01:18.676000,MEDIUM,24.0,8.0,0 days 01:26:59.722000,,False,1,78.676,0.4270000000000067,5219.722,0.6300000000001091
NOR,25.0,0 days 00:01:18.316000,MEDIUM,25.0,8.0,0 days 01:28:18.038000,,False,1,78.316,-0.35999999999999943,5298.038,0.5599999999994907
NOR,26.0,0 days 00:01:18.478000,MEDIUM,26.0,8.0,0 days 01:29:36.516000,,False,1,78.478,0.16199999999999193,5376.516,0.5769999999993161
NOR,27.0,0 days 00:01:18.376000,MEDIUM,27.0,8.0,0 days 01:30:54.892000,,False,1,78.376,-0.10199999999998965,5454.892,0.431999999999789
NOR,28.0,0 days 00:01:18.464000,MEDIUM,28.0,8.0,0 days 01:32:13.356000,,False,1,78.464,0.08799999999999386,5533.356,0.3000000000001819
NOR,29.0,0 days 00:01:18.198000,MEDIUM,29.0,8.0,0 days 01:33:31.554000,,False,1,78.198,-0.26600000000000534,5611.554,0.4420000000000073
NOR,30.0,0 days 00:01:18.321000,MEDIUM,30.0,8.0,0 days 01:34:49.875000,,False,1,78.321,0.12300000000000466,5689.875,0.5850000000000364
NOR,31.0,0 days 00:01:18.300000,MEDIUM,31.0,7.0,0 days 01:36:08.175000,,False,1,78.3,-0.021000000000000796,5768.175,0.5250000000005457
NOR,32.0,0 days 00:01:18.189000,MEDIUM,32.0,6.0,0 days 01:37:26.364000,,False,1,78.189,-0.1110000000000042,5846.364,0.6849999999994907
NOR,33.0,0 days 00:01:20.230000,MEDIUM,33.0,6.0,0 days 01:38:46.594000,,False,1,80.23,2.041000000000011,5926.594,2.1080000000001746
NOR,34.0,0 days 00:01:17.670000,MEDIUM,34.0,6.0,0 days 01:40:04.264000,,False,1,77.67,-2.5600000000000023,6004.264,1.1189999999996871
NOR,35.0,0 days 00:01:17.833000,MEDIUM,35.0,6.0,0 days 01:41:22.097000,,False,1,77.833,0.1629999999999967,6082.097,0.6199999999998909
NOR,36.0,0 days 00:01:18.224000,MEDIUM,36.0,6.0,0 days 01:42:40.321000,,False,1,78.224,0.39100000000000534,6160.321,0.6660000000001673
NOR,37.0,0 days 00:01:18.739000,MEDIUM,37.0,6.0,0 days 01:43:59.060000,,False,1,78.739,0.5150000000000006,6239.06,0.45600000000013097
NOR,38.0,0 days 00:01:19.008000,MEDIUM,38.0,6.0,0 days 01:45:18.068000,,False,1,79.008,0.26899999999999125,6318.068,0.3960000000006403
NOR,39.0,0 days 00:01:19.311000,MEDIUM,39.0,6.0,0 days 01:46:37.379000,,False,1,79.311,0.3030000000000115,6397.379,0.47999999999956344
NOR,40.0,0 days 00:01:18.948000,MEDIUM,40.0,6.0,0 days 01:47:56.327000,,False,1,78.948,-0.36300000000001376,6476.327,0.4040000000004511
NOR,41.0,0 days 00:01:20.881000,MEDIUM,41.0,6.0,0 days 01:49:17.208000,,False,1,80.881,1.933000000000007,6557.208,2.350999999999658
NOR,42.0,0 days 00:01:20.144000,MEDIUM,42.0,6.0,0 days 01:50:37.352000,,False,1,80.144,-0.7369999999999948,6637.352,3.838999999999942
NOR,43.0,0 days 00:01:19.223000,MEDIUM,43.0,6.0,0 days 01:51:56.575000,,False,1,79.223,-0.9210000000000065,6716.575,4.153000000000247
NOR,44.0,,MEDIUM,44.0,6.0,0 days 01:53:14.519000,0 days 01:53:14.542000,True,1,,,6794.519,3.3200000000006185
OCO,1.0,0 days 00:01:36.563000,MEDIUM,1.0,16.0,0 days 00:56:56.429000,,False,12,96.563,,3416.429,0.6060000000002219
OCO,2.0,0 days 00:01:21.663000,MEDIUM,2.0,16.0,0 days 00:58:18.092000,,False,1,81.663,-14.900000000000006,3498.092,0.8670000000001892
OCO,3.0,0 days 00:01:20.587000,MEDIUM,3.0,16.0,0 days 00:59:38.679000,,False,1,80.587,-1.0759999999999934,3578.679,0.8260000000000218
OCO,4.0,0 days 00:01:20.237000,MEDIUM,4.0,15.0,0 days 01:00:58.916000,,False,1,80.237,-0.3500000000000085,3658.916,0.9470000000001164
OCO,5.0,0 days 00:01:19.445000,MEDIUM,5.0,15.0,0 days 01:02:18.361000,,False,1,79.445,-0.7920000000000016,3738.361,0.9729999999999563
OCO,6.0,0 days 00:01:19.582000,MEDIUM,6.0,15.0,0 days 01:03:37.943000,,False,1,79.582,0.13700000000000045,3817.943,0.8410000000003492
OCO,7.0,0 days 00:01:19.707000,MEDIUM,7.0,15.0,0 days 01:04:57.650000,,False,1,79.707,0.125,3897.65,0.8389999999999418
OCO,8.0,0 days 00:01:19.322000,MEDIUM,8.0,15.0,0 days 01:06:16.972000,,False,1,79.322,-0.3849999999999909,3976.972,0.9640000000003965
OCO,9.0,0 days 00:01:37.260000,MEDIUM,9.0,15.0,0 days 01:07:54.232000,0 days 01:07:29.577000,True,1,97.26,17.938000000000002,4074.232,19.061999999999898
OCO,10.0,0 days 00:01:21.954000,HARD,1.0,15.0,0 days 01:09:16.186000,,False,1,81.954,-15.306000000000012,4156.186,21.201000000000022
OCO,11.0,0 days 00:01:17.948000,HARD,2.0,15.0,0 days 01:10:34.134000,,False,1,77.948,-4.006,4234.134,20.159999999999854
OCO,12.0,0 days 00:01:17.261000,HARD,3.0,15.0,0 days 01:11:51.395000,,False,1,77.261,-0.6869999999999976,4311.395,4.6380000000008295
OCO,13.0,0 days 00:01:17.754000,HARD,4.0,15.0,0 days 01:13:09.149000,,False,1,77.754,0.4930000000000092,4389.149,2.043000000000575
OCO,14.0,0 days 00:01:17.460000,HARD,5.0,15.0,0 days 01:14:26.609000,,False,1,77.46,-0.29400000000001114,4466.609,3.005000000000109
OCO,15.0,0 days 00:01:17.572000,HARD,6.0,15.0,0 days 01:15:44.181000,,False,1,77.572,0.11200000000000898,4544.181,4.244999999999891
OCO,16.0,0 days 00:01:17.739000,HARD,7.0,15.0,0 days 01:17:01.920000,,False,1,77.739,0.1670000000000016,4621.92,5.614999999999782
OCO,17.0,0 days 00:01:17.733000,HARD,8.0,15.0,0 days 01:18:19.653000,,False,1,77.733,-0.006000000000000227,4699.653,6.615000000000691
OCO,18.0,0 days 00:01:17.669000,HARD,9.0,15.0,0 days 01:19:37.322000,,False,1,77.669,-0.06400000000000716,4777.322,7.117000000000189
OCO,19.0,0 days 00:01:17.620000,HARD,10.0,15.0,0 days 01:20:54.942000,,False,1,77.62,-0.04899999999999238,4854.942,7.912999999999556
OCO,20.0,0 days 00:01:17.728000,HARD,11.0,15.0,0 days 01:22:12.670000,,False,1,77.728,0.10799999999998988,4932.67,7.587999999999738
OCO,21.0,0 days 00:01:17.968000,HARD,12.0,15.0,0 days 01:23:30.638000,,False,1,77.968,0.2400000000000091,5010.638,7.51299999999992
OCO,22.0,0 days 00:01:18.371000,HARD,13.0,15.0,0 days 01:24:49.009000,,False,1,78.371,0.4029999999999916,5089.009,7.760000000000218
OCO,23.0,0 days 00:01:17.882000,HARD,14.0,15.0,0 days 01:26:06.891000,,False,1,77.882,-0.4889999999999901,5166.891,7.242999999999483
OCO,24.0,0 days 00:01:17.999000,HARD,15.0,15.0,0 days 01:27:24.890000,,False,1,77.999,0.11699999999999022,5244.89,6.416000000000167
OCO,25.0,0 days 00:01:18.054000,HARD,16.0,15.0,0 days 01:28:42.944000,,False,1,78.054,0.05500000000000682,5322.944,5.280000000000655
OCO,26.0,0 days 00:01:20.682000,HARD,17.0,15.0,0 days 01:30:03.626000,,False,1,80.682,2.628,5403.626,7.418999999999869
OCO,27.0,0 days 00:01:18.592000,HARD,18.0,15.0,0 days 01:31:22.218000,,False,1,78.592,-2.0900000000000034,5482.218,6.755000000000109
OCO,28.0,0 days 00:01:18.638000,HARD,19.0,15.0,0 days 01:32:40.856000,,False,1,78.638,0.04600000000000648,5560.856,5.60399999999936
OCO,29.0,0 days 00:01:18.676000,HARD,20.0,15.0,0 days 01:33:59.532000,,False,1,78.676,0.0379999999999967,5639.532,4.4099999999998545
OCO,30.0,0 days 00:01:18.570000,HARD,21.0,15.0,0 days 01:35:18.102000,,False,1,78.57,-0.10600000000000875,5718.102,4.206000000000131
OCO,31.0,0 days 00:01:18.697000,HARD,22.0,15.0,0 days 01:36:36.799000,,False,1,78.697,0.12700000000000955,5796.799,1.8630000000002838
OCO,32.0,0 days 00:01:18.960000,HARD,23.0,15.0,0 days 01:37:55.759000,,False,1,78.96,0.262999999999991,5875.759,1.4840000000003783
OCO,33.0,0 days 00:01:18.887000,HARD,24.0,15.0,0 days 01:39:14.646000,,False,1,78.887,-0.07299999999999329,5954.646,1.3649999999997817
OCO,34.0,0 days 00:01:19.757000,HARD,25.0,15.0,0 days 01:40:34.403000,,False,1,79.757,0.8700000000000045,6034.403,0.8270000000002256
OCO,35.0,0 days 00:01:21.488000,HARD,26.0,14.0,0 days 01:41:55.891000,,False,1,81.488,1.7309999999999945,6115.891,0.7309999999997672
OCO,36.0,0 days 00:01:20.975000,HARD,27.0,14.0,0 days 01:43:16.866000,,False,1,80.975,-0.5130000000000052,6196.866,0.7700000000004366
OCO,37.0,0 days 00:01:21.171000,HARD,28.0,14.0,0 days 01:44:38.037000,,False,1,81.171,0.19600000000001216,6278.037,0.7770000000000437
OCO,38.0,0 days 00:01:22.642000,HARD,29.0,14.0,0 days 01:46:00.679000,,False,1,82.642,1.4709999999999894,6360.679,0.7169999999996435
OCO,39.0,0 days 00:01:21.871000,HARD,30.0,14.0,0 days 01:47:22.550000,,False,1,81.871,-0.7710000000000008,6442.55,0.6270000000004075
OCO,40.0,0 days 00:01:22.983000,HARD,31.0,14.0,0 days 01:48:45.533000,,False,1,82.983,1.112000000000009,6525.533,1.178000000000793
OCO,41.0,0 days 00:01:21.348000,HARD,32.0,14.0,0 days 01:50:06.881000,,False,1,81.348,-1.6350000000000051,6606.881,0.6240000000007058
OCO,42.0,0 days 00:01:21.911000,HARD,33.0,14.0,0 days 01:51:28.792000,,False,1,81.911,0.5630000000000024,6688.792,0.6140000000004875
OCO,43.0,0 days 00:01:21.463000,HARD,34.0,14.0,0 days 01:52:50.255000,,False,1,81.463,-0.4480000000000075,6770.255,0.5850000000000364
OCO,44.0,0 days 00:01:20.256000,HARD,35.0,14.0,0 days 01:54:10.511000,,False,1,80.256,-1.2069999999999936,6850.511,0.8150000000005093
OCO,45.0,0 days 00:01:21.039000,HARD,36.0,13.0,0 days 01:55:31.550000,,False,1,81.039,0.7830000000000013,6931.55,0.6790000000000873
OCO,46.0,0 days 00:01:22.124000,HARD,37.0,13.0,0 days 01:56:53.674000,,False,1,82.124,1.0849999999999937,7013.674,0.5619999999998981
OCO,47.0,0 days 00:01:22.188000,HARD,38.0,13.0,0 days 01:58:15.862000,,False,1,82.188,0.06400000000000716,7095.862,0.4679999999998472
OCO,48.0,0 days 00:01:20.817000,HARD,39.0,13.0,0 days 01:59:36.679000,,False,1,80.817,-1.3710000000000093,7176.679,0.9600000000000364
OCO,49.0,0 days 00:01:19.421000,HARD,40.0,13.0,0 days 02:00:56.100000,,False,1,79.421,-1.3959999999999866,7256.1,0.7730000000001382
OCO,50.0,0 days 00:01:21.521000,HARD,41.0,13.0,0 days 02:02:17.621000,,False,1,81.521,2.0999999999999943,7337.621,1.7420000000001892
OCO,51.0,0 days 00:01:20.616000,HARD,42.0,13.0,0 days 02:03:38.237000,,False,1,80.616,-0.9050000000000011,7418.237,0.9790000000002692
OCO,52.0,0 days 00:01:19.422000,HARD,43.0,13.0,0 days 02:04:57.659000,,False,1,79.422,-1.1940000000000026,7497.659,1.001999999999498
OCO,53.0,0 days 00:01:22.740000,HARD,44.0,13.0,0 days 02:06:20.399000,,False,1,82.74,3.317999999999998,7580.399,0.7409999999999854
OCO,54.0,0 days 00:01:19.325000,HARD,45.0,13.0,0 days 02:07:39.724000,,False,1,79.325,-3.414999999999992,7659.724,1.9970000000002983
OCO,55.0,0 days 00:01:19.215000,HARD,46.0,13.0,0 days 02:08:58.939000,,False,1,79.215,-0.10999999999999943,7738.939,2.3330000000005384
OCO,56.0,0 days 00:01:21.786000,HARD,47.0,13.0,0 days 02:10:20.725000,,False,1,81.786,2.570999999999998,7820.725,5.160000000000764
OCO,57.0,0 days 00:01:21.703000,HARD,48.0,13.0,0 days 02:11:42.428000,,False,1,81.703,-0.08299999999999841,7902.428,7.738999999999578
OCO,58.0,0 days 00:01:42.247000,HARD,49.0,13.0,0 days 02:13:24.675000,,False,124,102.247,20.543999999999997,8004.675,0.4920000000001892
OCO,59.0,0 days 00:01:51.511000,HARD,50.0,12.0,0 days 02:15:16.186000,0 days 02:14:57.004000,True,4,111.511,9.263999999999996,8116.186,15.194999999999709
OCO,60.0,0 days 00:01:36.711000,HARD,51.0,12.0,0 days 02:16:52.897000,,False,4,96.711,-14.799999999999997,8212.897,0.8100000000013097
OCO,61.0,0 days 00:01:59.324000,HARD,52.0,12.0,0 days 02:18:52.221000,,False,4,119.324,22.613,8332.221,0.5370000000002619
OCO,62.0,0 days 00:01:31.759000,HARD,53.0,12.0,0 days 02:20:23.980000,,False,4,91.759,-27.564999999999998,8423.98,0.7089999999989232
OCO,63.0,0 days 00:01:24.092000,HARD,54.0,12.0,0 days 02:21:48.072000,,False,4,84.092,-7.667000000000002,8508.072,0.7190000000009604
OCO,64.0,0 days 00:01:21.909000,HARD,55.0,12.0,0 days 02:23:09.981000,,False,412,81.909,-2.1829999999999927,8589.981,1.5349999999998545
OCO,65.0,0 days 00:01:52.434000,HARD,56.0,11.0,0 days 02:25:02.415000,0 days 02:24:41.836000,True,24,112.434,30.52499999999999,8702.415,1.408000000001266
OCO,66.0,0 days 00:01:47.974000,HARD,57.0,11.0,0 days 02:26:50.389000,,False,4,107.974,-4.459999999999994,8810.389,1.9859999999989668
OCO,67.0,,HARD,58.0,11.0,0 days 03:02:21.569000,0 days 02:28:36.246000,True,451,,,10941.569,1.9030000000002474
OCO,68.0,0 days 00:02:25.286000,SOFT,1.0,11.0,0 days 03:04:46.855000,0 days 03:03:44.979000,True,14,145.286,,11086.855,2.1859999999996944
OCO,69.0,0 days 00:01:31.519000,SOFT,2.0,11.0,0 days 03:06:18.374000,,False,4,91.519,-53.766999999999996,11178.374,0.8729999999995925
OCO,70.0,,SOFT,3.0,11.0,0 days 03:08:53.175000,,False,41,,,11333.175,0.3539999999993597
OCO,71.0,0 days 00:01:29.856000,SOFT,4.0,11.0,0 days 03:10:23.031000,,False,12,89.856,,11423.031,0.48000000000138243
OCO,72.0,0 days 00:01:21.025000,SOFT,5.0,10.0,0 days 03:11:44.056000,,False,1,81.025,-8.830999999999989,11504.056,0.2929999999996653
OCO,73.0,0 days 00:01:19.121000,SOFT,6.0,10.0,0 days 03:13:03.177000,,False,1,79.121,-1.9040000000000106,11583.177,0.7970000000004802
OCO,74.0,0 days 00:01:17.222000,SOFT,7.0,10.0,0 days 03:14:20.399000,,False,1,77.222,-1.899000000000001,11660.399,1.2709999999988213
OCO,75.0,0 days 00:01:16.952000,SOFT,8.0,10.0,0 days 03:15:37.351000,,False,1,76.952,-0.269999999999996,11737.351,1.8700000000008004
OCO,76.0,0 days 00:01:16.992000,SOFT,9.0,10.0,0 days 03:16:54.343000,,False,1,76.992,0.04000000000000625,11814.343,2.128000000000611
OCO,77.0,0 days 00:01:16.914000,SOFT,10.0,10.0,0 days 03:18:11.257000,,False,1,76.914,-0.07800000000000296,11891.257,2.55199999999968
OCO,78.0,0 days 00:01:17.057000,SOFT,11.0,10.0,0 days 03:19:28.314000,,False,1,77.057,0.14300000000000068,11968.314,3.0979999999999563
PER,1.0,0 days 00:01:35.173000,SOFT,1.0,14.0,0 days 00:56:55.039000,,False,12,95.173,,3415.039,0.4450000000001637
PER,2.0,0 days 00:01:21.504000,SOFT,2.0,14.0,0 days 00:58:16.543000,,False,1,81.504,-13.668999999999997,3496.543,0.7910000000001673
PER,3.0,0 days 00:01:20.479000,SOFT,3.0,14.0,0 days 00:59:37.022000,,False,1,80.479,-1.0250000000000057,3577.022,0.7869999999998072
PER,4.0,0 days 00:01:40.066000,SOFT,4.0,16.0,0 days 01:01:17.088000,0 days 01:00:50.721000,True,1,100.066,19.587000000000003,3677.088,18.172000000000025
PER,5.0,0 days 00:01:22.032000,MEDIUM,1.0,16.0,0 days 01:02:39.120000,,False,1,82.032,-18.034000000000006,3759.12,20.759000000000015
PER,6.0,0 days 00:01:19.524000,MEDIUM,2.0,16.0,0 days 01:03:58.644000,,False,1,79.524,-2.5079999999999956,3838.644,20.700999999999567
PER,7.0,0 days 00:01:17.890000,MEDIUM,3.0,16.0,0 days 01:05:16.534000,,False,1,77.89,-1.6340000000000003,3916.534,18.884000000000015
PER,8.0,0 days 00:01:18.694000,MEDIUM,4.0,16.0,0 days 01:06:35.228000,,False,1,78.694,0.804000000000002,3995.228,18.255999999999858
PER,9.0,0 days 00:01:31.503000,MEDIUM,5.0,18.0,0 days 01:08:06.731000,0 days 01:07:47.749000,True,1,91.503,12.808999999999997,4086.731,3.4820000000004256
PER,10.0,0 days 00:01:22.204000,MEDIUM,6.0,18.0,0 days 01:09:28.935000,,False,1,82.204,-9.299000000000007,4168.935,6.372000000000298
PER,11.0,0 days 00:01:18.736000,MEDIUM,7.0,18.0,0 days 01:10:47.671000,,False,1,78.736,-3.4679999999999893,4247.671,5.565000000000509
PER,12.0,0 days 00:01:21.649000,MEDIUM,8.0,18.0,0 days 01:12:09.320000,,False,1,81.649,2.9129999999999967,4329.32,7.77599999999984
PER,13.0,0 days 00:01:20.223000,MEDIUM,9.0,18.0,0 days 01:13:29.543000,,False,1,80.223,-1.426000000000002,4409.543,8.858999999999469
PER,14.0,0 days 00:01:18.510000,MEDIUM,10.0,18.0,0 days 01:14:48.053000,,False,1,78.51,-1.7129999999999939,4488.053,6.469000000000051
PER,15.0,0 days 00:01:20.811000,MEDIUM,11.0,18.0,0 days 01:16:08.864000,,False,1,80.811,2.301000000000002,4568.864,5.658999999999651
PER,16.0,0 days 00:01:18.578000,MEDIUM,12.0,18.0,0 days 01:17:27.442000,,False,1,78.578,-2.233000000000004,4647.442,2.7960000000002765
PER,17.0,0 days 00:01:19.129000,MEDIUM,13.0,18.0,0 days 01:18:46.571000,,False,1,79.129,0.5510000000000019,4726.571,2.3140000000003056
PER,18.0,0 days 00:01:18.700000,MEDIUM,14.0,18.0,0 days 01:20:05.271000,,False,1,78.7,-0.42900000000000205,4805.271,1.6829999999999927
PER,19.0,0 days 00:01:18.907000,MEDIUM,15.0,18.0,0 days 01:21:24.178000,,False,1,78.907,0.20699999999999363,4884.178,1.344000000000051
PER,20.0,0 days 00:01:18.930000,MEDIUM,16.0,18.0,0 days 01:22:43.108000,,False,1,78.93,0.023000000000010346,4963.108,1.1270000000004075
PER,21.0,0 days 00:01:19.091000,MEDIUM,17.0,18.0,0 days 01:24:02.199000,,False,1,79.091,0.16099999999998715,5042.199,0.8849999999993088
PER,22.0,0 days 00:01:20.559000,MEDIUM,18.0,18.0,0 days 01:25:22.758000,,False,1,80.559,1.4680000000000035,5122.758,2.0479999999997744
PER,23.0,0 days 00:01:19.500000,MEDIUM,19.0,18.0,0 days 01:26:42.258000,,False,1,79.5,-1.0589999999999975,5202.258,2.0770000000002256
PER,24.0,0 days 00:01:19.325000,MEDIUM,20.0,18.0,0 days 01:28:01.583000,,False,1,79.325,-0.17499999999999716,5281.583,2.355999999999767
PER,25.0,0 days 00:01:19.538000,MEDIUM,21.0,18.0,0 days 01:29:21.121000,,False,1,79.538,0.21299999999999386,5361.121,3.020999999999731
PER,26.0,0 days 00:01:18.698000,MEDIUM,22.0,18.0,0 days 01:30:39.819000,,False,1,78.698,-0.8400000000000034,5439.819,2.4760000000005675
PER,27.0,0 days 00:01:18.770000,MEDIUM,23.0,18.0,0 days 01:31:58.589000,,False,1,78.77,0.07200000000000273,5518.589,2.036000000000058
PER,28.0,0 days 00:01:18.848000,MEDIUM,24.0,18.0,0 days 01:33:17.437000,,False,1,78.848,0.07800000000000296,5597.437,1.706000000000131
PER,29.0,0 days 00:01:18.872000,MEDIUM,25.0,18.0,0 days 01:34:36.309000,,False,1,78.872,0.02400000000000091,5676.309,1.610000000000582
PER,30.0,0 days 00:01:18.903000,MEDIUM,26.0,18.0,0 days 01:35:55.212000,,False,1,78.903,0.03100000000000591,5755.212,1.4680000000007567
PER,31.0,0 days 00:01:19.338000,MEDIUM,27.0,18.0,0 days 01:37:14.550000,,False,1,79.338,0.43499999999998806,5834.55,1.8400000000001455
PER,32.0,0 days 00:01:19.656000,MEDIUM,28.0,18.0,0 days 01:38:34.206000,,False,1,79.656,0.31800000000001205,5914.206,2.4440000000004147
PER,33.0,0 days 00:01:19.917000,MEDIUM,29.0,18.0,0 days 01:39:54.123000,,False,1,79.917,0.2609999999999957,5994.123,3.1419999999998254
PER,34.0,0 days 00:01:19.981000,MEDIUM,30.0,18.0,0 days 01:41:14.104000,,False,1,79.981,0.06399999999999295,6074.104,4.173000000000684
PER,35.0,0 days 00:01:21.476000,MEDIUM,31.0,18.0,0 days 01:42:35.580000,,False,1,81.476,1.4950000000000045,6155.58,6.550000000000182
PER,36.0,0 days 00:01:19.751000,MEDIUM,32.0,18.0,0 days 01:43:55.331000,,False,1,79.751,-1.7249999999999943,6235.331,7.456000000000131
PER,37.0,0 days 00:01:19.799000,MEDIUM,33.0,18.0,0 days 01:45:15.130000,,False,1,79.799,0.04800000000000182,6315.13,8.247000000000298
PER,38.0,0 days 00:01:19.370000,MEDIUM,34.0,18.0,0 days 01:46:34.500000,,False,1,79.37,-0.42900000000000205,6394.5,8.425000000000182
PER,39.0,0 days 00:01:21.687000,MEDIUM,35.0,18.0,0 days 01:47:56.187000,,False,1,81.687,2.316999999999993,6476.187,10.876000000000204
PER,40.0,0 days 00:01:22.330000,MEDIUM,36.0,18.0,0 days 01:49:18.517000,,False,1,82.33,0.6430000000000007,6558.517,10.390999999999622
PER,41.0,0 days 00:01:20.839000,MEDIUM,37.0,18.0,0 days 01:50:39.356000,,False,1,80.839,-1.4909999999999997,6639.356,11.86999999999989
PER,42.0,0 days 00:01:22.094000,MEDIUM,38.0,18.0,0 days 01:52:01.450000,,False,1,82.094,1.2549999999999955,6721.45,14.969000000000051
PER,43.0,0 days 00:01:21.039000,MEDIUM,39.0,18.0,0 days 01:53:22.489000,,False,1,81.039,-1.0549999999999926,6802.489,16.703999999999724
PER,44.0,0 days 00:01:21.217000,MEDIUM,40.0,18.0,0 days 01:54:43.706000,,False,1,81.217,0.17799999999999727,6883.706,18.493000000000393
PER,45.0,0 days 00:01:19.567000,MEDIUM,41.0,17.0,0 days 01:56:03.273000,,False,1,79.567,-1.6500000000000057,6963.273,18.82300000000032
PER,46.0,0 days 00:01:19.155000,MEDIUM,42.0,17.0,0 days 01:57:22.428000,,False,1,79.155,-0.41199999999999193,7042.428,18.39599999999973
PER,47.0,0 days 00:01:19.032000,MEDIUM,43.0,17.0,0 days 01:58:41.460000,,False,1,79.032,-0.12300000000000466,7121.46,15.278000000000247
PER,48.0,0 days 00:01:21.387000,MEDIUM,44.0,17.0,0 days 02:00:02.847000,,False,1,81.387,2.355000000000004,7202.847,12.963999999999942
PER,49.0,0 days 00:01:20.917000,MEDIUM,45.0,17.0,0 days 02:01:23.764000,,False,1,80.917,-0.46999999999999886,7283.764,13.931000000000495
PER,50.0,0 days 00:01:21.591000,MEDIUM,46.0,17.0,0 days 02:02:45.355000,,False,1,81.591,0.6739999999999924,7365.355,16.16099999999915
PER,51.0,0 days 00:01:22.941000,MEDIUM,47.0,17.0,0 days 02:04:08.296000,,False,1,82.941,1.3500000000000085,7448.296,19.286000000000058
PER,52.0,0 days 00:01:20.832000,MEDIUM,48.0,17.0,0 days 02:05:29.128000,,False,1,80.832,-2.109000000000009,7529.128,20.82799999999952
PER,53.0,0 days 00:01:20.833000,MEDIUM,49.0,17.0,0 days 02:06:49.961000,,False,1,80.833,0.0010000000000047748,7609.961,20.335000000000036
PER,54.0,0 days 00:01:20.051000,MEDIUM,50.0,17.0,0 days 02:08:10.012000,,False,1,80.051,-0.7819999999999965,7690.012,17.277999999999338
PER,55.0,0 days 00:01:21.863000,MEDIUM,51.0,17.0,0 days 02:09:31.875000,,False,1,81.863,1.8119999999999976,7771.875,19.58100000000013
PER,56.0,0 days 00:01:19.824000,MEDIUM,52.0,17.0,0 days 02:10:51.699000,,False,1,79.824,-2.0390000000000015,7851.699,20.071999999999207
PER,57.0,0 days 00:01:21.055000,MEDIUM,53.0,16.0,0 days 02:12:12.754000,,False,124,81.055,1.2310000000000088,7932.754,27.14099999999962
PER,58.0,0 days 00:01:48.502000,MEDIUM,54.0,16.0,0 days 02:14:01.256000,,False,4,108.502,27.44699999999999,8041.256,20.35900000000038
PER,59.0,0 days 00:01:57.191000,MEDIUM,55.0,16.0,0 days 02:15:58.447000,0 days 02:15:33.220000,True,4,117.191,8.689000000000007,8158.447,24.23700000000008
PER,60.0,0 days 00:01:35.590000,SOFT,1.0,16.0,0 days 02:17:34.037000,,False,4,95.59,-21.601,8254.037,27.45100000000093
PER,61.0,0 days 00:01:26.682000,SOFT,2.0,16.0,0 days 02:19:00.719000,,False,4,86.682,-8.908000000000001,8340.719,3.951999999999316
PER,62.0,0 days 00:01:31.661000,SOFT,3.0,16.0,0 days 02:20:32.380000,,False,4,91.661,4.978999999999999,8432.38,1.9259999999994761
PER,63.0,0 days 00:01:23.608000,SOFT,4.0,16.0,0 days 02:21:55.988000,,False,4,83.608,-8.052999999999997,8515.988,1.5519999999996799
PER,64.0,0 days 00:01:21.255000,SOFT,5.0,16.0,0 days 02:23:17.243000,,False,412,81.255,-2.3530000000000086,8597.243,0.6849999999994907
PER,65.0,0 days 00:01:56.375000,SOFT,6.0,15.0,0 days 02:25:13.618000,0 days 02:24:50.586000,True,24,116.375,35.120000000000005,8713.618,1.5090000000000146
PER,66.0,0 days 00:01:45.310000,SOFT,7.0,15.0,0 days 02:26:58.928000,,False,4,105.31,-11.064999999999998,8818.928,0.5239999999994325
PER,67.0,,SOFT,8.0,15.0,0 days 03:02:32.299000,0 days 02:28:46.028000,True,451,,,10952.299,3.625
PER,68.0,0 days 00:02:29.156000,SOFT,7.0,15.0,0 days 03:05:01.455000,0 days 03:03:56.288000,True,14,149.156,,11101.455,2.543999999999869
PER,69.0,0 days 00:01:27.787000,SOFT,1.0,15.0,0 days 03:06:29.242000,,False,4,87.787,-61.369,11189.242,1.0140000000010332
PER,70.0,0 days 00:02:24.525000,SOFT,2.0,15.0,0 days 03:08:53.767000,,False,41,144.525,56.738,11333.767,0.2459999999991851
PER,71.0,0 days 00:01:29.934000,SOFT,3.0,12.0,0 days 03:10:23.701000,,False,12,89.934,-54.59100000000001,11423.701,0.6699999999982538
PER,72.0,0 days 00:01:20.966000,SOFT,4.0,12.0,0 days 03:11:44.667000,,False,1,80.966,-8.968000000000004,11504.667,0.227999999999156
PER,73.0,0 days 00:01:19.857000,SOFT,5.0,11.0,0 days 03:13:04.524000,,False,1,79.857,-1.1089999999999947,11584.524,1.3469999999997526
PER,74.0,0 days 00:01:17.518000,SOFT,6.0,11.0,0 days 03:14:22.042000,,False,1,77.518,-2.3389999999999986,11662.042,1.643000000000029
PER,75.0,0 days 00:01:17.393000,SOFT,7.0,11.0,0 days 03:15:39.435000,,False,1,77.393,-0.125,11739.435,2.083999999998923
PER,76.0,0 days 00:01:17.117000,SOFT,8.0,11.0,0 days 03:16:56.552000,,False,1,77.117,-0.27599999999999625,11816.552,2.208999999998923
PER,77.0,0 days 00:01:16.894000,SOFT,9.0,11.0,0 days 03:18:13.446000,,False,1,76.894,-0.22299999999999898,11893.446,2.1890000000003056
PER,78.0,0 days 00:01:16.891000,SOFT,10.0,11.0,0 days 03:19:30.337000,,False,1,76.891,-0.0030000000000001137,11970.337,2.0229999999992287
PIA,1.0,0 days 00:01:29.360000,MEDIUM,1.0,6.0,0 days 00:56:49.226000,,False,12,89.36,,3409.226,1.6840000000001965
PIA,2.0,0 days 00:01:20.454000,MEDIUM,2.0,6.0,0 days 00:58:09.680000,,False,1,80.454,-8.906000000000006,3489.68,2.1119999999996253
PIA,3.0,0 days 00:01:19.776000,MEDIUM,3.0,6.0,0 days 00:59:29.456000,,False,1,79.776,-0.6779999999999973,3569.456,3.4770000000003165
PIA,4.0,0 days 00:01:18.886000,MEDIUM,4.0,6.0,0 days 01:00:48.342000,,False,1,78.886,-0.8900000000000006,3648.342,4.266000000000076
PIA,5.0,0 days 00:01:18.072000,MEDIUM,5.0,6.0,0 days 01:02:06.414000,,False,1,78.072,-0.813999999999993,3726.414,4.7400000000002365
PIA,6.0,0 days 00:01:18.238000,MEDIUM,6.0,6.0,0 days 01:03:24.652000,,False,1,78.238,0.16599999999999682,3804.652,5.721000000000004
PIA,7.0,0 days 00:01:17.573000,MEDIUM,7.0,6.0,0 days 01:04:42.225000,,False,1,77.573,-0.6650000000000063,3882.225,6.139000000000124
PIA,8.0,0 days 00:01:17.187000,MEDIUM,8.0,6.0,0 days 01:05:59.412000,,False,1,77.187,-0.3859999999999957,3959.412,6.13799999999992
PIA,9.0,0 days 00:01:17.194000,MEDIUM,9.0,6.0,0 days 01:07:16.606000,,False,1,77.194,0.007000000000005002,4036.606,5.980000000000018
PIA,10.0,0 days 00:01:17.180000,MEDIUM,10.0,6.0,0 days 01:08:33.786000,,False,1,77.18,-0.013999999999995794,4113.786,5.938000000000102
PIA,11.0,0 days 00:01:17.889000,MEDIUM,11.0,6.0,0 days 01:09:51.675000,,False,1,77.889,0.708999999999989,4191.675,6.462999999999738
PIA,12.0,0 days 00:01:17.939000,MEDIUM,12.0,6.0,0 days 01:11:09.614000,,False,1,77.939,0.04999999999999716,4269.614,6.805999999999585
PIA,13.0,0 days 00:01:18.468000,MEDIUM,13.0,6.0,0 days 01:12:28.082000,,False,1,78.468,0.5290000000000106,4348.082,7.38300000000072
PIA,14.0,0 days 00:01:18.181000,MEDIUM,14.0,6.0,0 days 01:13:46.263000,,False,1,78.181,-0.28700000000000614,4426.263,6.984999999999673
PIA,15.0,0 days 00:01:18.965000,MEDIUM,15.0,6.0,0 days 01:15:05.228000,,False,1,78.965,0.784000000000006,4505.228,7.945999999999913
PIA,16.0,0 days 00:01:19.568000,MEDIUM,16.0,6.0,0 days 01:16:24.796000,,False,1,79.568,0.6029999999999944,4584.796,9.046000000000276
PIA,17.0,0 days 00:01:19.139000,MEDIUM,17.0,6.0,0 days 01:17:43.935000,,False,1,79.139,-0.42900000000000205,4663.935,9.774000000000342
PIA,18.0,0 days 00:01:18.513000,MEDIUM,18.0,6.0,0 days 01:19:02.448000,,False,1,78.513,-0.6259999999999906,4742.448,9.813000000000102
PIA,19.0,0 days 00:01:18.220000,MEDIUM,19.0,6.0,0 days 01:20:20.668000,,False,1,78.22,-0.29300000000000637,4820.668,8.810999999999694
PIA,20.0,0 days 00:01:18.082000,MEDIUM,20.0,6.0,0 days 01:21:38.750000,,False,1,78.082,-0.13800000000000523,4898.75,8.069999999999709
PIA,21.0,0 days 00:01:18.198000,MEDIUM,21.0,6.0,0 days 01:22:56.948000,,False,1,78.198,0.11599999999999966,4976.948,7.039000000000669
PIA,22.0,0 days 00:01:18.230000,MEDIUM,22.0,6.0,0 days 01:24:15.178000,,False,1,78.23,0.03200000000001069,5055.178,5.908999999999651
PIA,23.0,0 days 00:01:18.388000,MEDIUM,23.0,6.0,0 days 01:25:33.566000,,False,1,78.388,0.15800000000000125,5133.566,5.246999999999389
PIA,24.0,0 days 00:01:18.088000,MEDIUM,24.0,6.0,0 days 01:26:51.654000,,False,1,78.088,-0.30000000000001137,5211.654,4.440000000000509
PIA,25.0,0 days 00:01:18.290000,MEDIUM,25.0,6.0,0 days 01:28:09.944000,,False,1,78.29,0.2020000000000124,5289.944,3.1970000000001164
PIA,26.0,0 days 00:01:18.662000,MEDIUM,26.0,6.0,0 days 01:29:28.606000,,False,1,78.662,0.3719999999999999,5368.606,3.0649999999996
PIA,27.0,0 days 00:01:18.637000,MEDIUM,27.0,6.0,0 days 01:30:47.243000,,False,1,78.637,-0.025000000000005684,5447.243,2.519000000000233
PIA,28.0,0 days 00:01:18.707000,MEDIUM,28.0,6.0,0 days 01:32:05.950000,,False,1,78.707,0.06999999999999318,5525.95,2.46100000000024
PIA,29.0,0 days 00:01:18.479000,MEDIUM,29.0,6.0,0 days 01:33:24.429000,,False,1,78.479,-0.22799999999999443,5604.429,2.225000000000364
PIA,30.0,0 days 00:01:18.607000,MEDIUM,30.0,6.0,0 days 01:34:43.036000,,False,1,78.607,0.1280000000000001,5683.036,2.0789999999997235
PIA,31.0,0 days 00:01:18.660000,MEDIUM,31.0,5.0,0 days 01:36:01.696000,,False,1,78.66,0.05299999999999727,5761.696,2.5280000000002474
PIA,32.0,0 days 00:01:18.177000,MEDIUM,32.0,4.0,0 days 01:37:19.873000,,False,1,78.177,-0.4829999999999899,5839.873,21.167999999999665
PIA,33.0,0 days 00:01:18.112000,MEDIUM,33.0,4.0,0 days 01:38:37.985000,,False,1,78.112,-0.06500000000001194,5917.985,22.61999999999989
PIA,34.0,0 days 00:01:18.410000,MEDIUM,34.0,4.0,0 days 01:39:56.395000,,False,1,78.41,0.2980000000000018,5996.395,24.230000000000473
PIA,35.0,0 days 00:01:18.560000,MEDIUM,35.0,4.0,0 days 01:41:14.955000,,False,1,78.56,0.15000000000000568,6074.955,19.71900000000005
PIA,36.0,0 days 00:01:18.324000,MEDIUM,36.0,4.0,0 days 01:42:33.279000,,False,1,78.324,-0.2360000000000042,6153.279,14.61700000000019
PIA,37.0,0 days 00:01:17.918000,MEDIUM,37.0,4.0,0 days 01:43:51.197000,,False,1,77.918,-0.4059999999999917,6231.197,14.88299999999981
PIA,38.0,0 days 00:01:18.287000,MEDIUM,38.0,4.0,0 days 01:45:09.484000,,False,1,78.287,0.3689999999999998,6309.484,16.298000000000684
PIA,39.0,0 days 00:01:18.171000,MEDIUM,39.0,4.0,0 days 01:46:27.655000,,False,1,78.171,-0.11599999999999966,6387.655,17.899999999999636
PIA,40.0,0 days 00:01:19.349000,MEDIUM,40.0,4.0,0 days 01:47:47.004000,,False,1,79.349,1.1779999999999973,6467.004,20.68499999999949
PIA,41.0,0 days 00:01:18.557000,MEDIUM,41.0,4.0,0 days 01:49:05.561000,,False,1,78.557,-0.7920000000000016,6545.561,21.36999999999989
PIA,42.0,0 days 00:01:18.686000,MEDIUM,42.0,4.0,0 days 01:50:24.247000,,False,1,78.686,0.1290000000000049,6624.247,22.520000000000437
PIA,43.0,0 days 00:01:19.093000,MEDIUM,43.0,4.0,0 days 01:51:43.340000,,False,1,79.093,0.4069999999999965,6703.34,25.03899999999976
PIA,44.0,0 days 00:01:19.279000,MEDIUM,44.0,4.0,0 days 01:53:02.619000,,False,1,79.279,0.18599999999999284,6782.619,27.972999999999956
PIA,45.0,0 days 00:01:19.664000,MEDIUM,45.0,4.0,0 days 01:54:22.283000,,False,1,79.664,0.3850000000000051,6862.283,31.09900000000016
PIA,46.0,0 days 00:01:19.345000,MEDIUM,46.0,4.0,0 days 01:55:41.628000,,False,1,79.345,-0.3190000000000026,6941.628,34.172999999999774
PIA,47.0,0 days 00:01:19.575000,MEDIUM,47.0,4.0,0 days 01:57:01.203000,,False,1,79.575,0.23000000000000398,7021.203,37.71100000000024
PIA,48.0,0 days 00:01:36.741000,MEDIUM,48.0,6.0,0 days 01:58:37.944000,0 days 01:58:14.568000,True,1,96.741,17.165999999999997,7117.944,7.8070000000006985
PIA,49.0,0 days 00:01:23.646000,HARD,1.0,6.0,0 days 02:00:01.590000,,False,1,83.646,-13.094999999999999,7201.59,13.563000000000102
PIA,50.0,0 days 00:01:18.189000,HARD,2.0,6.0,0 days 02:01:19.779000,,False,1,78.189,-5.457000000000008,7279.779,14.248000000000502
PIA,51.0,0 days 00:01:17.423000,HARD,3.0,6.0,0 days 02:02:37.202000,,False,1,77.423,-0.7659999999999911,7357.202,13.896999999999935
PIA,52.0,0 days 00:01:16.863000,HARD,4.0,6.0,0 days 02:03:54.065000,,False,1,76.863,-0.5600000000000023,7434.065,12.844000000000051
PIA,53.0,0 days 00:01:16.696000,HARD,5.0,6.0,0 days 02:05:10.761000,,False,1,76.696,-0.1670000000000016,7510.761,11.812000000000808
PIA,54.0,0 days 00:01:17.252000,HARD,6.0,6.0,0 days 02:06:28.013000,,False,1,77.252,0.5559999999999974,7588.013,10.269999999999527
PIA,55.0,0 days 00:01:16.827000,HARD,7.0,6.0,0 days 02:07:44.840000,,False,1,76.827,-0.42499999999999716,7664.84,9.423999999999978
PIA,56.0,0 days 00:01:16.600000,HARD,8.0,6.0,0 days 02:09:01.440000,,False,1,76.6,-0.22700000000000387,7741.44,8.672999999999774
PIA,57.0,0 days 00:01:17.104000,HARD,9.0,6.0,0 days 02:10:18.544000,,False,1,77.104,0.5040000000000049,7818.544,8.182999999999993
PIA,58.0,0 days 00:01:16.541000,HARD,10.0,6.0,0 days 02:11:35.085000,,False,1,76.541,-0.5630000000000024,7895.085,7.444999999999709
PIA,59.0,0 days 00:01:57.353000,HARD,11.0,7.0,0 days 02:13:32.438000,0 days 02:13:01.802000,True,124,117.353,40.812,8012.438,2.8350000000000364
PIA,60.0,0 days 00:01:54.894000,SOFT,5.0,7.0,0 days 02:15:27.332000,0 days 02:15:07.906000,True,4,114.894,-2.458999999999989,8127.332,4.593000000000757
PIA,61.0,0 days 00:01:30.466000,SOFT,6.0,7.0,0 days 02:16:57.798000,,False,4,90.466,-24.42800000000001,8217.798,1.8760000000002037
PIA,62.0,0 days 00:01:57.761000,SOFT,7.0,7.0,0 days 02:18:55.559000,,False,4,117.761,27.295,8335.559,1.1959999999999127
PIA,63.0,0 days 00:01:33.879000,SOFT,8.0,7.0,0 days 02:20:29.438000,,False,4,93.879,-23.88199999999999,8429.438,2.1159999999999854
PIA,64.0,0 days 00:01:24.159000,SOFT,9.0,7.0,0 days 02:21:53.597000,,False,4,84.159,-9.719999999999999,8513.597,1.5979999999999563
PIA,65.0,0 days 00:01:22.472000,SOFT,10.0,6.0,0 days 02:23:16.069000,,False,412,82.472,-1.6870000000000118,8596.069,2.2600000000002183
PIA,66.0,0 days 00:01:54.735000,SOFT,11.0,6.0,0 days 02:25:10.804000,0 days 02:24:48.195000,True,24,114.735,32.263000000000005,8710.804,2.5940000000009604
PIA,67.0,0 days 00:01:46.726000,SOFT,12.0,6.0,0 days 02:26:57.530000,,False,4,106.726,-8.009,8817.53,2.9099999999998545
PIA,68.0,,SOFT,13.0,6.0,0 days 03:04:33.510000,0 days 02:28:42.653000,True,451,,,11073.51,3.286000000000058
PIA,69.0,0 days 00:01:35.910000,SOFT,5.0,6.0,0 days 03:06:09.420000,,False,14,95.91,,11169.42,2.6740000000008877
PIA,70.0,,SOFT,6.0,6.0,0 days 03:08:52.008000,,False,41,,,11332.008,0.39799999999922875
PIA,71.0,0 days 00:01:27.966000,SOFT,7.0,6.0,0 days 03:10:19.974000,,False,12,87.966,,11419.974,0.7360000000007858
PIA,72.0,0 days 00:01:18.759000,SOFT,8.0,5.0,0 days 03:11:38.733000,,False,1,78.759,-9.206999999999994,11498.733,0.9979999999995925
PIA,73.0,0 days 00:01:16.688000,SOFT,9.0,5.0,0 days 03:12:55.421000,,False,1,76.688,-2.070999999999998,11575.421,0.8729999999995925
PIA,74.0,0 days 00:01:16.187000,SOFT,10.0,5.0,0 days 03:14:11.608000,,False,1,76.187,-0.5010000000000048,11651.608,0.4320000000006985
PIA,75.0,0 days 00:01:16.258000,SOFT,11.0,5.0,0 days 03:15:27.866000,,False,1,76.258,0.07099999999999795,11727.866,0.6020000000007713
PIA,76.0,0 days 00:01:15.816000,SOFT,12.0,5.0,0 days 03:16:43.682000,,False,1,75.816,-0.44199999999999307,11803.682,0.5200000000004366
PIA,77.0,0 days 00:01:15.846000,SOFT,13.0,5.0,0 days 03:17:59.528000,,False,1,75.846,0.030000000000001137,11879.528,0.6970000000001164
PIA,78.0,0 days 00:01:15.862000,SOFT,14.0,5.0,0 days 03:19:15.390000,,False,1,75.862,0.015999999999991132,11955.39,0.7860000000000582
RUS,1.0,0 days 00:01:27.676000,MEDIUM,1.0,5.0,0 days 00:56:47.542000,,False,12,87.676,,3407.542,0.9349999999999454
RUS,2.0,0 days 00:01:20.026000,MEDIUM,2.0,5.0,0 days 00:58:07.568000,,False,1,80.026,-7.650000000000006,3487.568,1.7830000000003565
RUS,3.0,0 days 00:01:18.411000,MEDIUM,3.0,5.0,0 days 00:59:25.979000,,False,1,78.411,-1.6149999999999949,3565.979,2.0539999999996326
RUS,4.0,0 days 00:01:18.097000,MEDIUM,4.0,5.0,0 days 01:00:44.076000,,False,1,78.097,-0.31400000000000716,3644.076,2.599999999999909
RUS,5.0,0 days 00:01:17.598000,MEDIUM,5.0,5.0,0 days 01:02:01.674000,,False,1,77.598,-0.4989999999999952,3721.674,2.7959999999998217
RUS,6.0,0 days 00:01:17.257000,MEDIUM,6.0,5.0,0 days 01:03:18.931000,,False,1,77.257,-0.340999999999994,3798.931,2.4470000000001164
RUS,7.0,0 days 00:01:17.155000,MEDIUM,7.0,5.0,0 days 01:04:36.086000,,False,1,77.155,-0.10200000000000387,3876.086,2.173999999999978
RUS,8.0,0 days 00:01:17.188000,MEDIUM,8.0,5.0,0 days 01:05:53.274000,,False,1,77.188,0.03300000000000125,3953.274,1.6729999999997744
RUS,9.0,0 days 00:01:17.352000,MEDIUM,9.0,5.0,0 days 01:07:10.626000,,False,1,77.352,0.16400000000000148,4030.626,1.7090000000002874
RUS,10.0,0 days 00:01:17.222000,MEDIUM,10.0,5.0,0 days 01:08:27.848000,,False,1,77.222,-0.13000000000000966,4107.848,1.7929999999996653
RUS,11.0,0 days 00:01:17.364000,MEDIUM,11.0,5.0,0 days 01:09:45.212000,,False,1,77.364,0.14200000000001012,4185.212,1.6270000000004075
RUS,12.0,0 days 00:01:17.596000,MEDIUM,12.0,5.0,0 days 01:11:02.808000,,False,1,77.596,0.23199999999999932,4262.808,1.5119999999997162
RUS,13.0,0 days 00:01:17.891000,MEDIUM,13.0,5.0,0 days 01:12:20.699000,,False,1,77.891,0.2950000000000017,4340.699,0.8629999999993743
RUS,14.0,0 days 00:01:18.579000,MEDIUM,14.0,5.0,0 days 01:13:39.278000,,False,1,78.579,0.6879999999999882,4419.278,0.9499999999998181
RUS,15.0,0 days 00:01:18.004000,MEDIUM,15.0,5.0,0 days 01:14:57.282000,,False,1,78.004,-0.5749999999999886,4497.282,0.6770000000005894
RUS,16.0,0 days 00:01:18.468000,MEDIUM,16.0,5.0,0 days 01:16:15.750000,,False,1,78.468,0.46399999999999864,4575.75,0.9059999999999491
RUS,17.0,0 days 00:01:18.411000,MEDIUM,17.0,5.0,0 days 01:17:34.161000,,False,1,78.411,-0.05700000000000216,4654.161,1.01299999999992
RUS,18.0,0 days 00:01:18.474000,MEDIUM,18.0,5.0,0 days 01:18:52.635000,,False,1,78.474,0.06300000000000239,4732.635,0.6649999999999636
RUS,19.0,0 days 00:01:19.222000,MEDIUM,19.0,5.0,0 days 01:20:11.857000,,False,1,79.222,0.7479999999999905,4811.857,0.5399999999999636
RUS,20.0,0 days 00:01:18.823000,MEDIUM,20.0,5.0,0 days 01:21:30.680000,,False,1,78.823,-0.3990000000000009,4890.68,0.51299999999992
RUS,21.0,0 days 00:01:19.229000,MEDIUM,21.0,5.0,0 days 01:22:49.909000,,False,1,79.229,0.4060000000000059,4969.909,0.6529999999993379
RUS,22.0,0 days 00:01:19.360000,MEDIUM,22.0,5.0,0 days 01:24:09.269000,,False,1,79.36,0.13100000000000023,5049.269,0.592000000000553
RUS,23.0,0 days 00:01:19.050000,MEDIUM,23.0,5.0,0 days 01:25:28.319000,,False,1,79.05,-0.3100000000000023,5128.319,0.45500000000083674
RUS,24.0,0 days 00:01:18.895000,MEDIUM,24.0,5.0,0 days 01:26:47.214000,,False,1,78.895,-0.15500000000000114,5207.214,0.44399999999950523
RUS,25.0,0 days 00:01:19.533000,MEDIUM,25.0,5.0,0 days 01:28:06.747000,,False,1,79.533,0.6380000000000052,5286.747,0.5590000000001965
RUS,26.0,0 days 00:01:18.794000,MEDIUM,26.0,5.0,0 days 01:29:25.541000,,False,1,78.794,-0.7390000000000043,5365.541,0.4930000000003929
RUS,27.0,0 days 00:01:19.183000,MEDIUM,27.0,5.0,0 days 01:30:44.724000,,False,1,79.183,0.38900000000001,5444.724,0.6019999999998618
RUS,28.0,0 days 00:01:18.765000,MEDIUM,28.0,5.0,0 days 01:32:03.489000,,False,1,78.765,-0.41800000000000637,5523.489,0.6719999999995707
RUS,29.0,0 days 00:01:18.715000,MEDIUM,29.0,5.0,0 days 01:33:22.204000,,False,1,78.715,-0.04999999999999716,5602.204,0.5689999999995052
RUS,30.0,0 days 00:01:18.753000,MEDIUM,30.0,5.0,0 days 01:34:40.957000,,False,1,78.753,0.0379999999999967,5680.957,0.5039999999999054
RUS,31.0,0 days 00:01:35.320000,MEDIUM,31.0,8.0,0 days 01:36:16.277000,0 days 01:35:53.085000,True,1,95.32,16.566999999999993,5776.277,8.101999999999862
RUS,32.0,0 days 00:01:20.775000,HARD,1.0,8.0,0 days 01:37:37.052000,,False,1,80.775,-14.544999999999987,5857.052,1.6929999999993015
RUS,33.0,0 days 00:01:17.455000,HARD,2.0,7.0,0 days 01:38:54.507000,,False,1,77.455,-3.3200000000000074,5934.507,7.912999999999556
RUS,34.0,0 days 00:01:16.631000,HARD,3.0,7.0,0 days 01:40:11.138000,,False,1,76.631,-0.8239999999999981,6011.138,6.873999999999796
RUS,35.0,0 days 00:01:16.448000,HARD,4.0,7.0,0 days 01:41:27.586000,,False,1,76.448,-0.18300000000000693,6087.586,5.4890000000004875
RUS,36.0,0 days 00:01:16.243000,HARD,5.0,7.0,0 days 01:42:43.829000,,False,1,76.243,-0.2049999999999983,6163.829,3.507999999999811
RUS,37.0,0 days 00:01:17.026000,HARD,6.0,7.0,0 days 01:44:00.855000,,False,1,77.026,0.7830000000000013,6240.855,1.7949999999991633
RUS,38.0,0 days 00:01:17.821000,HARD,7.0,7.0,0 days 01:45:18.676000,,False,1,77.821,0.7950000000000017,6318.676,0.6080000000001746
RUS,39.0,0 days 00:01:19.089000,HARD,8.0,7.0,0 days 01:46:37.765000,,False,1,79.089,1.2680000000000007,6397.765,0.386000000000422
RUS,40.0,0 days 00:01:19.070000,HARD,9.0,7.0,0 days 01:47:56.835000,,False,1,79.07,-0.019000000000005457,6476.835,0.5079999999998108
RUS,41.0,0 days 00:01:20.603000,HARD,10.0,7.0,0 days 01:49:17.438000,,False,1,80.603,1.5330000000000013,6557.438,0.23000000000047294
RUS,42.0,0 days 00:01:20.409000,HARD,11.0,7.0,0 days 01:50:37.847000,,False,1,80.409,-0.1939999999999884,6637.847,0.49499999999989086
RUS,43.0,0 days 00:01:19.417000,HARD,12.0,7.0,0 days 01:51:57.264000,,False,1,79.417,-0.9920000000000044,6717.264,0.6890000000003056
RUS,44.0,0 days 00:01:18.622000,HARD,13.0,7.0,0 days 01:53:15.886000,,False,1,78.622,-0.7950000000000017,6795.886,1.3670000000001892
RUS,45.0,0 days 00:01:17.171000,HARD,14.0,5.0,0 days 01:54:33.057000,,False,1,77.171,-1.4509999999999934,6873.057,10.773999999999432
RUS,46.0,0 days 00:01:16.442000,HARD,15.0,5.0,0 days 01:55:49.499000,,False,1,76.442,-0.7290000000000134,6949.499,7.871000000000095
RUS,47.0,0 days 00:01:16.477000,HARD,16.0,5.0,0 days 01:57:05.976000,,False,1,76.477,0.0350000000000108,7025.976,4.772999999999229
RUS,48.0,0 days 00:01:18.292000,HARD,17.0,4.0,0 days 01:58:24.268000,,False,1,78.292,1.8149999999999977,7104.268,44.5590000000002
RUS,49.0,0 days 00:01:16.774000,HARD,18.0,4.0,0 days 01:59:41.042000,,False,1,76.774,-1.5180000000000007,7181.042,45.13799999999992
RUS,50.0,0 days 00:01:17.402000,HARD,19.0,4.0,0 days 02:00:58.444000,,False,1,77.402,0.6280000000000001,7258.444,46.32900000000063
RUS,51.0,0 days 00:01:17.308000,HARD,20.0,4.0,0 days 02:02:15.752000,,False,1,77.308,-0.09399999999999409,7335.752,47.163000000000466
RUS,52.0,0 days 00:01:16.971000,HARD,21.0,4.0,0 days 02:03:32.723000,,False,1,76.971,-0.3370000000000033,7412.723,47.4380000000001
RUS,53.0,0 days 00:01:16.030000,HARD,22.0,4.0,0 days 02:04:48.753000,,False,1,76.03,-0.9410000000000025,7488.753,47.503999999999905
RUS,54.0,0 days 00:01:19.178000,HARD,23.0,4.0,0 days 02:06:07.931000,,False,1,79.178,3.147999999999996,7567.931,50.53199999999924
RUS,55.0,0 days 00:01:16.488000,HARD,24.0,4.0,0 days 02:07:24.419000,,False,1,76.488,-2.6899999999999977,7644.419,50.96399999999994
RUS,56.0,0 days 00:01:15.773000,HARD,25.0,4.0,0 days 02:08:40.192000,,False,1,75.773,-0.7150000000000034,7720.192,49.64900000000034
RUS,57.0,0 days 00:01:15.827000,HARD,26.0,4.0,0 days 02:09:56.019000,,False,1,75.827,0.054000000000002046,7796.019,49.08300000000054
RUS,58.0,0 days 00:01:15.826000,HARD,27.0,4.0,0 days 02:11:11.845000,,False,1,75.826,-0.0010000000000047748,7871.845,48.53099999999995
RUS,59.0,0 days 00:01:27.497000,HARD,28.0,4.0,0 days 02:12:39.342000,,False,124,87.497,11.671000000000006,7959.342,59.55199999999968
RUS,60.0,0 days 00:02:17.686000,HARD,29.0,5.0,0 days 02:14:57.028000,0 days 02:14:22.544000,True,4,137.686,50.18900000000001,8097.028,4.023000000000138
RUS,61.0,0 days 00:01:51.805000,SOFT,5.0,5.0,0 days 02:16:48.833000,,False,4,111.805,-25.881,8208.833,0.9099999999998545
RUS,62.0,0 days 00:02:00.418000,SOFT,6.0,5.0,0 days 02:18:49.251000,,False,4,120.418,8.613,8329.251,0.7680000000000291
RUS,63.0,0 days 00:01:31.076000,SOFT,7.0,5.0,0 days 02:20:20.327000,,False,4,91.076,-29.342000000000013,8420.327,4.746999999999389
RUS,64.0,0 days 00:01:19.879000,SOFT,8.0,5.0,0 days 02:21:40.206000,,False,4,79.879,-11.196999999999989,8500.206,4.652000000000044
RUS,65.0,0 days 00:01:21.793000,SOFT,9.0,4.0,0 days 02:23:01.999000,,False,412,81.793,1.9140000000000015,8581.999,0.19099999999889405
RUS,66.0,0 days 00:01:55.061000,SOFT,10.0,4.0,0 days 02:24:57.060000,0 days 02:24:35.571000,True,24,115.061,33.268,8697.06,2.113999999999578
RUS,67.0,0 days 00:01:46.225000,SOFT,11.0,4.0,0 days 02:26:43.285000,,False,4,106.225,-8.836000000000013,8803.285,2.8060000000004948
RUS,68.0,,SOFT,12.0,4.0,0 days 03:04:27.688000,0 days 02:28:30.283000,True,451,,,11067.688,2.8170000000009168
RUS,69.0,0 days 00:01:38.312000,SOFT,5.0,4.0,0 days 03:06:06,,False,14,98.312,,11166.0,0.6090000000003783
RUS,70.0,,SOFT,6.0,4.0,0 days 03:08:51.328000,,False,41,,,11331.328,0.1319999999996071
RUS,71.0,0 days 00:01:24.856000,SOFT,7.0,3.0,0 days 03:10:16.184000,,False,12,84.856,,11416.184,4.690999999998894
RUS,72.0,0 days 00:01:28.255000,SOFT,8.0,11.0,0 days 03:11:44.439000,0 days 03:11:25.375000,True,1,88.255,3.399000000000001,11504.439,0.3829999999998108
RUS,73.0,0 days 00:01:21.885000,SOFT,9.0,14.0,0 days 03:13:06.324000,,False,1,81.885,-6.36999999999999,11586.324,0.5640000000003056
RUS,74.0,0 days 00:01:18.158000,SOFT,10.0,14.0,0 days 03:14:24.482000,,False,1,78.158,-3.727000000000004,11664.482,0.49799999999959255
RUS,75.0,0 days 00:01:17.905000,SOFT,11.0,14.0,0 days 03:15:42.387000,,False,1,77.905,-0.2530000000000001,11742.387,0.5060000000012224
RUS,76.0,0 days 00:01:17.596000,SOFT,12.0,14.0,0 days 03:16:59.983000,,False,1,77.596,-0.3089999999999975,11819.983,0.5140000000010332
RUS,77.0,0 days 00:01:17.270000,SOFT,13.0,14.0,0 days 03:18:17.253000,,False,1,77.27,-0.3260000000000076,11897.253,0.680000000000291
RUS,78.0,0 days 00:01:17.257000,SOFT,14.0,14.0,0 days 03:19:34.510000,,False,1,77.257,-0.012999999999991019,11974.51,0.625
SAI,1.0,0 days 00:01:33.309000,MEDIUM,1.0,11.0,0 days 00:56:53.175000,,False,12,93.309,,3413.175,1.19399999999996
SAI,2.0,0 days 00:01:21.138000,MEDIUM,2.0,11.0,0 days 00:58:14.313000,,False,1,81.138,-12.170999999999992,3494.313,1.2719999999999345
SAI,3.0,0 days 00:01:20.513000,MEDIUM,3.0,11.0,0 days 00:59:34.826000,,False,1,80.513,-0.625,3574.826,1.44399999999996
SAI,4.0,0 days 00:01:20.153000,MEDIUM,4.0,11.0,0 days 01:00:54.979000,,False,1,80.153,-0.35999999999999943,3654.979,1.7089999999998327
SAI,5.0,0 days 00:01:19.896000,MEDIUM,5.0,11.0,0 days 01:02:14.875000,,False,1,79.896,-0.257000000000005,3734.875,1.943000000000211
SAI,6.0,0 days 00:01:19.699000,MEDIUM,6.0,11.0,0 days 01:03:34.574000,,False,1,79.699,-0.19700000000000273,3814.574,2.268000000000029
SAI,7.0,0 days 00:01:19.364000,MEDIUM,7.0,11.0,0 days 01:04:53.938000,,False,1,79.364,-0.33499999999999375,3893.938,2.6849999999999454
SAI,8.0,0 days 00:01:19.122000,MEDIUM,8.0,11.0,0 days 01:06:13.060000,,False,1,79.122,-0.24200000000000443,3973.06,3.0650000000000546
SAI,9.0,0 days 00:01:19.068000,MEDIUM,9.0,11.0,0 days 01:07:32.128000,,False,1,79.068,-0.054000000000002046,4052.128,3.486000000000331
SAI,10.0,0 days 00:01:18.725000,MEDIUM,10.0,11.0,0 days 01:08:50.853000,,False,1,78.725,-0.3430000000000035,4130.853,3.72400000000016
SAI,11.0,0 days 00:01:18.860000,MEDIUM,11.0,11.0,0 days 01:10:09.713000,,False,1,78.86,0.13500000000000512,4209.713,4.005999999999403
SAI,12.0,0 days 00:01:18.858000,MEDIUM,12.0,11.0,0 days 01:11:28.571000,,False,1,78.858,-0.001999999999995339,4288.571,4.5
SAI,13.0,0 days 00:01:18.653000,MEDIUM,13.0,11.0,0 days 01:12:47.224000,,False,1,78.653,-0.2049999999999983,4367.224,4.319000000000415
SAI,14.0,0 days 00:01:19.220000,MEDIUM,14.0,11.0,0 days 01:14:06.444000,,False,1,79.22,0.5669999999999931,4446.444,4.703000000000429
SAI,15.0,0 days 00:01:18.525000,MEDIUM,15.0,11.0,0 days 01:15:24.969000,,False,1,78.525,-0.6949999999999932,4524.969,4.774999999999636
SAI,16.0,0 days 00:01:18.502000,MEDIUM,16.0,11.0,0 days 01:16:43.471000,,False,1,78.502,-0.023000000000010346,4603.471,4.530999999999949
SAI,17.0,0 days 00:01:18.386000,MEDIUM,17.0,11.0,0 days 01:18:01.857000,,False,1,78.386,-0.11599999999999966,4681.857,4.192000000000007
SAI,18.0,0 days 00:01:18.476000,MEDIUM,18.0,11.0,0 days 01:19:20.333000,,False,1,78.476,0.09000000000000341,4760.333,3.844999999999345
SAI,19.0,0 days 00:01:18.533000,MEDIUM,19.0,11.0,0 days 01:20:38.866000,,False,1,78.533,0.05700000000000216,4838.866,3.5159999999996217
SAI,20.0,0 days 00:01:18.701000,MEDIUM,20.0,11.0,0 days 01:21:57.567000,,False,1,78.701,0.16799999999999216,4917.567,3.493000000000393
SAI,21.0,0 days 00:01:18.936000,MEDIUM,21.0,11.0,0 days 01:23:16.503000,,False,1,78.936,0.23500000000001364,4996.503,3.3149999999996
SAI,22.0,0 days 00:01:19.130000,MEDIUM,22.0,11.0,0 days 01:24:35.633000,,False,1,79.13,0.1939999999999884,5075.633,2.894999999999527
SAI,23.0,0 days 00:01:19.360000,MEDIUM,23.0,11.0,0 days 01:25:54.993000,,False,1,79.36,0.23000000000000398,5154.993,3.1350000000002183
SAI,24.0,0 days 00:01:19.211000,MEDIUM,24.0,11.0,0 days 01:27:14.204000,,False,1,79.211,-0.1490000000000009,5234.204,3.2150000000001455
SAI,25.0,0 days 00:01:19.415000,MEDIUM,25.0,11.0,0 days 01:28:33.619000,,False,1,79.415,0.20400000000000773,5313.619,3.496999999999389
SAI,26.0,0 days 00:01:18.968000,MEDIUM,26.0,11.0,0 days 01:29:52.587000,,False,1,78.968,-0.44700000000000273,5392.587,3.1460000000006403
SAI,27.0,0 days 00:01:19.027000,MEDIUM,27.0,11.0,0 days 01:31:11.614000,,False,1,79.027,0.0589999999999975,5471.614,3.1979999999994106
SAI,28.0,0 days 00:01:18.816000,MEDIUM,28.0,11.0,0 days 01:32:30.430000,,False,1,78.816,-0.21099999999999852,5550.43,3.017000000000735
SAI,29.0,0 days 00:01:19.039000,MEDIUM,29.0,11.0,0 days 01:33:49.469000,,False,1,79.039,0.22299999999999898,5629.469,2.936999999999898
SAI,30.0,0 days 00:01:20.900000,MEDIUM,30.0,11.0,0 days 01:35:10.369000,,False,1,80.9,1.8610000000000042,5710.369,4.7849999999998545
SAI,31.0,0 days 00:01:18.819000,MEDIUM,31.0,11.0,0 days 01:36:29.188000,,False,1,78.819,-2.081000000000003,5789.188,3.873000000000502
SAI,32.0,0 days 00:01:19.039000,MEDIUM,32.0,11.0,0 days 01:37:48.227000,,False,1,79.039,0.21999999999999886,5868.227,2.063000000000102
SAI,33.0,0 days 00:01:21.644000,MEDIUM,33.0,11.0,0 days 01:39:09.871000,,False,1,81.644,2.605000000000004,5949.871,4.199000000000524
SAI,34.0,0 days 00:01:21.935000,MEDIUM,34.0,11.0,0 days 01:40:31.806000,,False,1,81.935,0.2909999999999968,6031.806,6.458999999999833
SAI,35.0,0 days 00:01:21.900000,MEDIUM,35.0,11.0,0 days 01:41:53.706000,,False,1,81.9,-0.03499999999999659,6113.706,8.73700000000008
SAI,36.0,0 days 00:01:21.600000,MEDIUM,36.0,11.0,0 days 01:43:15.306000,,False,1,81.6,-0.30000000000001137,6195.306,11.010999999999513
SAI,37.0,0 days 00:01:21.225000,MEDIUM,37.0,11.0,0 days 01:44:36.531000,,False,1,81.225,-0.375,6276.531,12.800000000000182
SAI,38.0,0 days 00:01:21.452000,MEDIUM,38.0,11.0,0 days 01:45:57.983000,,False,1,81.452,0.22700000000000387,6357.983,14.360999999999876
SAI,39.0,0 days 00:01:23.082000,MEDIUM,39.0,11.0,0 days 01:47:21.065000,,False,1,83.082,1.6299999999999955,6441.065,14.670999999999367
SAI,40.0,0 days 00:01:21.827000,MEDIUM,40.0,11.0,0 days 01:48:42.892000,,False,1,81.827,-1.2549999999999955,6522.892,16.766999999999825
SAI,41.0,0 days 00:01:22.593000,MEDIUM,41.0,11.0,0 days 01:50:05.485000,,False,1,82.593,0.7660000000000053,6605.485,19.935999999999694
SAI,42.0,0 days 00:01:21.915000,MEDIUM,42.0,11.0,0 days 01:51:27.400000,,False,1,81.915,-0.6779999999999973,6687.4,22.0
SAI,43.0,0 days 00:01:21.045000,MEDIUM,43.0,11.0,0 days 01:52:48.445000,,False,1,81.045,-0.8700000000000045,6768.445,4.045000000000073
SAI,44.0,0 days 00:01:19.890000,MEDIUM,44.0,11.0,0 days 01:54:08.335000,,False,1,79.89,-1.1550000000000011,6848.335,1.5919999999996435
SAI,45.0,0 days 00:01:19.798000,MEDIUM,45.0,9.0,0 days 01:55:28.133000,,False,1,79.798,-0.09199999999999875,6928.133,13.845999999999549
SAI,46.0,0 days 00:01:18.477000,MEDIUM,46.0,9.0,0 days 01:56:46.610000,,False,1,78.477,-1.320999999999998,7006.61,13.442999999999302
SAI,47.0,0 days 00:01:18.369000,MEDIUM,47.0,9.0,0 days 01:58:04.979000,,False,1,78.369,-0.10800000000000409,7084.979,13.829999999999927
SAI,48.0,0 days 00:01:18.099000,MEDIUM,48.0,9.0,0 days 01:59:23.078000,,False,1,78.099,-0.269999999999996,7163.078,13.99200000000019
SAI,49.0,0 days 00:01:18.191000,MEDIUM,49.0,9.0,0 days 02:00:41.269000,,False,1,78.191,0.09199999999999875,7241.269,14.399000000000342
SAI,50.0,0 days 00:01:18.072000,MEDIUM,50.0,9.0,0 days 02:01:59.341000,,False,1,78.072,-0.11899999999999977,7319.341,15.213999999999942
SAI,51.0,0 days 00:01:18.022000,MEDIUM,51.0,9.0,0 days 02:03:17.363000,,False,1,78.022,-0.04999999999999716,7397.363,15.730000000000473
SAI,52.0,0 days 00:01:36.576000,MEDIUM,52.0,10.0,0 days 02:04:53.939000,0 days 02:04:28.979000,True,1,96.576,18.553999999999988,7493.939,1.805000000000291
SAI,53.0,0 days 00:01:21.892000,SOFT,1.0,10.0,0 days 02:06:15.831000,,False,1,81.892,-14.683999999999997,7575.831,4.449000000000524
SAI,54.0,0 days 00:01:19.446000,SOFT,2.0,10.0,0 days 02:07:35.277000,,False,1,79.446,-2.445999999999998,7655.277,4.953000000000429
SAI,55.0,0 days 00:01:19.764000,SOFT,3.0,10.0,0 days 02:08:55.041000,,False,1,79.764,0.31799999999999784,7735.041,5.717000000000553
SAI,56.0,0 days 00:01:19.968000,SOFT,4.0,11.0,0 days 02:10:15.009000,,False,1,79.968,0.20400000000000773,7815.009,1.0299999999997453
SAI,57.0,0 days 00:01:18.095000,SOFT,5.0,11.0,0 days 02:11:33.104000,,False,1,78.095,-1.8730000000000047,7893.104,0.9340000000001965
SAI,58.0,0 days 00:01:38.112000,SOFT,6.0,11.0,0 days 02:13:11.216000,,False,124,98.112,20.016999999999996,7991.216,1.4390000000003056
SAI,59.0,0 days 00:01:49.775000,SOFT,7.0,11.0,0 days 02:15:00.991000,0 days 02:14:41.857000,True,4,109.775,11.663000000000011,8100.991,1.5039999999999054
SAI,60.0,0 days 00:01:51.096000,SOFT,8.0,11.0,0 days 02:16:52.087000,,False,4,111.096,1.320999999999998,8212.087,0.9650000000001455
SAI,61.0,0 days 00:01:59.597000,SOFT,9.0,11.0,0 days 02:18:51.684000,,False,4,119.597,8.50099999999999,8331.684,0.9959999999991851
SAI,62.0,0 days 00:01:31.587000,SOFT,10.0,11.0,0 days 02:20:23.271000,,False,4,91.587,-28.00999999999999,8423.271,1.3340000000007421
SAI,63.0,0 days 00:01:24.082000,SOFT,11.0,11.0,0 days 02:21:47.353000,,False,4,84.082,-7.50500000000001,8507.353,2.0709999999999127
SAI,64.0,0 days 00:01:21.093000,SOFT,12.0,11.0,0 days 02:23:08.446000,,False,412,81.093,-2.98899999999999,8588.446,2.175999999999476
SAI,65.0,0 days 00:01:52.561000,SOFT,13.0,10.0,0 days 02:25:01.007000,0 days 02:24:39.774000,True,24,112.561,31.468000000000004,8701.007,0.9239999999990687
SAI,66.0,0 days 00:01:47.396000,SOFT,14.0,10.0,0 days 02:26:48.403000,,False,4,107.396,-5.165000000000006,8808.403,1.055000000000291
SAI,67.0,,SOFT,15.0,10.0,0 days 03:02:19.666000,0 days 02:28:34.621000,True,451,,,10939.666,3.02599999999984
SAI,68.0,0 days 00:02:25.003000,SOFT,5.0,10.0,0 days 03:04:44.669000,0 days 03:03:43.463000,True,14,145.003,,11084.669,2.9390000000003056
SAI,69.0,0 days 00:01:32.832000,SOFT,5.0,10.0,0 days 03:06:17.501000,,False,4,92.832,-52.17099999999999,11177.501,2.938000000000102
SAI,70.0,,SOFT,6.0,10.0,0 days 03:08:52.821000,,False,41,,,11332.821,0.21299999999973807
SAI,71.0,,SOFT,7.0,,0 days 03:11:22.821000,,False,12,,,11482.821,50.14799999999923
STR,1.0,0 days 00:01:39.197000,MEDIUM,1.0,18.0,0 days 00:56:59.063000,,False,12,99.197,,3419.063,1.9320000000002437
STR,2.0,0 days 00:01:22.082000,MEDIUM,2.0,18.0,0 days 00:58:21.145000,,False,1,82.082,-17.11500000000001,3501.145,1.6709999999998217
STR,3.0,0 days 00:01:21.900000,MEDIUM,3.0,17.0,0 days 00:59:43.045000,,False,1,81.9,-0.18199999999998795,3583.045,4.3659999999999854
STR,4.0,0 days 00:01:38.509000,MEDIUM,4.0,17.0,0 days 01:01:21.554000,0 days 01:00:57.503000,True,1,98.509,16.608999999999995,3681.554,4.4659999999998945
STR,5.0,0 days 00:01:24.018000,SOFT,1.0,18.0,0 days 01:02:45.572000,,False,1,84.018,-14.491,3765.572,3.411000000000058
STR,6.0,0 days 00:01:19.755000,SOFT,2.0,18.0,0 days 01:04:05.327000,,False,1,79.755,-4.263000000000005,3845.327,3.394000000000233
STR,7.0,0 days 00:01:19.602000,SOFT,3.0,18.0,0 days 01:05:24.929000,,False,1,79.602,-0.1529999999999916,3924.929,3.83600000000024
STR,8.0,0 days 00:01:19.176000,SOFT,4.0,18.0,0 days 01:06:44.105000,,False,1,79.176,-0.42600000000000193,4004.105,3.798999999999978
STR,9.0,0 days 00:01:19.144000,SOFT,5.0,17.0,0 days 01:08:03.249000,,False,1,79.144,-0.031999999999996476,4083.249,3.5119999999997162
STR,10.0,0 days 00:01:19.314000,SOFT,6.0,17.0,0 days 01:09:22.563000,,False,1,79.314,0.1699999999999875,4162.563,2.8330000000005384
STR,11.0,0 days 00:01:19.543000,SOFT,7.0,17.0,0 days 01:10:42.106000,,False,1,79.543,0.22900000000001342,4242.106,2.780999999999949
STR,12.0,0 days 00:01:19.438000,SOFT,8.0,17.0,0 days 01:12:01.544000,,False,1,79.438,-0.10500000000000398,4321.544,3.188000000000102
STR,13.0,0 days 00:01:19.140000,SOFT,9.0,17.0,0 days 01:13:20.684000,,False,1,79.14,-0.2980000000000018,4400.684,3.2960000000002765
STR,14.0,0 days 00:01:20.900000,SOFT,10.0,17.0,0 days 01:14:41.584000,,False,1,80.9,1.7600000000000051,4481.584,4.858000000000175
STR,15.0,0 days 00:01:21.621000,SOFT,11.0,17.0,0 days 01:16:03.205000,,False,1,81.621,0.7209999999999894,4563.205,7.064000000000306
STR,16.0,0 days 00:01:21.441000,SOFT,12.0,17.0,0 days 01:17:24.646000,,False,1,81.441,-0.1799999999999926,4644.646,7.5900000000001455
STR,17.0,0 days 00:01:19.611000,SOFT,13.0,17.0,0 days 01:18:44.257000,,False,1,79.611,-1.8299999999999983,4724.257,5.680999999999585
STR,18.0,0 days 00:01:19.331000,SOFT,14.0,17.0,0 days 01:20:03.588000,,False,1,79.331,-0.28000000000000114,4803.588,4.233000000000175
STR,19.0,0 days 00:01:19.246000,SOFT,15.0,17.0,0 days 01:21:22.834000,,False,1,79.246,-0.08500000000000796,4882.834,3.5429999999996653
STR,20.0,0 days 00:01:19.147000,SOFT,16.0,17.0,0 days 01:22:41.981000,,False,1,79.147,-0.09899999999998954,4961.981,3.402999999999338
STR,21.0,0 days 00:01:19.333000,SOFT,17.0,17.0,0 days 01:24:01.314000,,False,1,79.333,0.18599999999999284,5041.314,3.490000000000691
STR,22.0,0 days 00:01:19.396000,SOFT,18.0,17.0,0 days 01:25:20.710000,,False,1,79.396,0.06300000000000239,5120.71,3.7169999999996435
STR,23.0,0 days 00:01:19.471000,SOFT,19.0,17.0,0 days 01:26:40.181000,,False,1,79.471,0.07500000000000284,5200.181,4.030999999999949
STR,24.0,0 days 00:01:19.046000,SOFT,20.0,17.0,0 days 01:27:59.227000,,False,1,79.046,-0.42499999999999716,5279.227,4.005000000000109
STR,25.0,0 days 00:01:18.873000,SOFT,21.0,17.0,0 days 01:29:18.100000,,False,1,78.873,-0.17300000000000182,5358.1,3.861000000000786
STR,26.0,0 days 00:01:19.243000,SOFT,22.0,17.0,0 days 01:30:37.343000,,False,1,79.243,0.36999999999999034,5437.343,4.222999999999956
STR,27.0,0 days 00:01:19.210000,SOFT,23.0,17.0,0 days 01:31:56.553000,,False,1,79.21,-0.03300000000000125,5516.553,4.145999999999731
STR,28.0,0 days 00:01:19.178000,SOFT,24.0,17.0,0 days 01:33:15.731000,,False,1,79.178,-0.031999999999996476,5595.731,4.152000000000044
STR,29.0,0 days 00:01:18.968000,SOFT,25.0,17.0,0 days 01:34:34.699000,,False,1,78.968,-0.20999999999999375,5674.699,3.868999999999687
STR,30.0,0 days 00:01:19.045000,SOFT,26.0,17.0,0 days 01:35:53.744000,,False,1,79.045,0.07699999999999818,5753.744,3.683999999999287
STR,31.0,0 days 00:01:18.966000,SOFT,27.0,17.0,0 days 01:37:12.710000,,False,1,78.966,-0.07900000000000773,5832.71,3.636000000000422
STR,32.0,0 days 00:01:19.052000,SOFT,28.0,17.0,0 days 01:38:31.762000,,False,1,79.052,0.08600000000001273,5911.762,3.889999999999418
STR,33.0,0 days 00:01:19.219000,SOFT,29.0,17.0,0 days 01:39:50.981000,,False,1,79.219,0.16699999999998738,5990.981,4.412999999999556
STR,34.0,0 days 00:01:18.950000,SOFT,30.0,17.0,0 days 01:41:09.931000,,False,1,78.95,-0.26899999999999125,6069.931,4.608999999999469
STR,35.0,0 days 00:01:19.099000,SOFT,31.0,17.0,0 days 01:42:29.030000,,False,1,79.099,0.1490000000000009,6149.03,4.570999999999913
STR,36.0,0 days 00:01:18.845000,SOFT,32.0,17.0,0 days 01:43:47.875000,,False,1,78.845,-0.2540000000000049,6227.875,4.505000000000109
STR,37.0,0 days 00:01:19.008000,SOFT,33.0,17.0,0 days 01:45:06.883000,,False,1,79.008,0.1629999999999967,6306.883,4.502999999999702
STR,38.0,0 days 00:01:19.192000,SOFT,34.0,17.0,0 days 01:46:26.075000,,False,1,79.192,0.1839999999999975,6386.075,4.796999999999571
STR,39.0,0 days 00:01:19.236000,SOFT,35.0,17.0,0 days 01:47:45.311000,,False,1,79.236,0.04400000000001114,6465.311,5.136999999999716
STR,40.0,0 days 00:01:22.815000,SOFT,36.0,17.0,0 days 01:49:08.126000,,False,1,82.815,3.5789999999999935,6548.126,8.931999999999789
STR,41.0,0 days 00:01:19.360000,SOFT,37.0,17.0,0 days 01:50:27.486000,,False,1,79.36,-3.4549999999999983,6627.486,9.077000000000226
STR,42.0,0 days 00:01:18.995000,SOFT,38.0,17.0,0 days 01:51:46.481000,,False,1,78.995,-0.3649999999999949,6706.481,8.657999999999447
STR,43.0,0 days 00:01:19.304000,SOFT,39.0,17.0,0 days 01:53:05.785000,,False,1,79.304,0.3089999999999975,6785.785,8.26299999999992
STR,44.0,0 days 00:01:19.428000,SOFT,40.0,17.0,0 days 01:54:25.213000,,False,1,79.428,0.12399999999999523,6865.213,8.07299999999941
STR,45.0,0 days 00:01:19.237000,SOFT,41.0,16.0,0 days 01:55:44.450000,,False,1,79.237,-0.1910000000000025,6944.45,7.3969999999999345
STR,46.0,0 days 00:01:19.582000,SOFT,42.0,16.0,0 days 01:57:04.032000,,False,1,79.582,0.34499999999999886,7024.032,6.835000000000036
STR,47.0,0 days 00:01:22.150000,SOFT,43.0,16.0,0 days 01:58:26.182000,,False,1,82.15,2.568000000000012,7106.182,7.722999999999956
STR,48.0,0 days 00:01:23.701000,SOFT,44.0,16.0,0 days 01:59:49.883000,,False,1,83.701,1.5509999999999877,7189.883,10.373999999999796
STR,49.0,0 days 00:01:19.950000,SOFT,45.0,16.0,0 days 02:01:09.833000,,False,1,79.95,-3.7509999999999906,7269.833,8.683999999999287
STR,50.0,0 days 00:01:19.361000,SOFT,46.0,16.0,0 days 02:02:29.194000,,False,1,79.361,-0.5889999999999986,7349.194,7.121000000000095
STR,51.0,0 days 00:01:19.816000,SOFT,47.0,16.0,0 days 02:03:49.010000,,False,1,79.816,0.4549999999999983,7429.01,5.692000000000007
STR,52.0,0 days 00:01:19.290000,SOFT,48.0,16.0,0 days 02:05:08.300000,,False,1,79.29,-0.5259999999999962,7508.3,5.454000000000633
STR,53.0,0 days 00:01:21.326000,SOFT,49.0,16.0,0 days 02:06:29.626000,,False,1,81.326,2.035999999999987,7589.626,6.795000000000073
STR,54.0,0 days 00:01:23.108000,SOFT,50.0,16.0,0 days 02:07:52.734000,,False,1,83.108,1.7820000000000107,7672.734,10.182999999999993
STR,55.0,0 days 00:01:19.560000,SOFT,51.0,16.0,0 days 02:09:12.294000,,False,1,79.56,-3.548000000000002,7752.294,8.774999999999636
STR,56.0,0 days 00:01:19.333000,SOFT,52.0,16.0,0 days 02:10:31.627000,,False,1,79.333,-0.22700000000000387,7831.627,5.642000000000735
STR,57.0,,SOFT,53.0,,0 days 02:27:14.713000,,False,124,,,8834.713,895.0389999999998
VER,1.0,,MEDIUM,1.0,,0 days 00:56:42.391000,,False,12,,,3402.391,-40.25500000000011
