Driver,LapNumber,LapTime,Compound,TyreLife,Position,Time,PitInTime,PittedThisLap,LapSeconds,PersonalDelta,CumSeconds,Interval
ALB,1.0,0 days 00:01:39.163000,SOFT,1.0,19.0,0 days 01:04:11.707000,,False,99.163,,3851.707,0.431999999999789
ALB,2.0,0 days 00:01:25.514000,SOFT,2.0,14.0,0 days 01:05:37.221000,,False,85.514,-13.649000000000001,3937.221,0.7220000000002074
ALB,3.0,0 days 00:01:22.804000,SOFT,3.0,13.0,0 days 01:07:00.025000,,False,82.804,-2.7099999999999937,4020.025,3.338000000000193
ALB,4.0,0 days 00:01:20.367000,SOFT,4.0,13.0,0 days 01:08:20.392000,,False,80.367,-2.4369999999999976,4100.392,2.0799999999999272
ALB,5.0,0 days 00:01:19.059000,SOFT,5.0,13.0,0 days 01:09:39.451000,,False,79.059,-1.308000000000007,4179.451,0.43099999999958527
ALB,6.0,0 days 00:01:19.533000,SOFT,6.0,12.0,0 days 01:10:58.984000,,False,79.533,0.47400000000000375,4258.984,2.0670000000000073
ALB,7.0,0 days 00:01:18.638000,SOFT,7.0,12.0,0 days 01:12:17.622000,,False,78.638,-0.894999999999996,4337.622,0.7539999999999054
ALB,8.0,0 days 00:01:19.217000,SOFT,8.0,12.0,0 days 01:13:36.839000,,False,79.217,0.5789999999999935,4416.839,1.0429999999996653
ALB,9.0,0 days 00:01:17.641000,SOFT,9.0,12.0,0 days 01:14:54.480000,,False,77.641,-1.5759999999999934,4494.48,1.5779999999995198
ALB,10.0,0 days 00:01:17.496000,SOFT,10.0,12.0,0 days 01:16:11.976000,,False,77.496,-0.14500000000001023,4571.976,1.8479999999999563
ALB,11.0,0 days 00:01:17.221000,SOFT,11.0,12.0,0 days 01:17:29.197000,,False,77.221,-0.2749999999999915,4649.197,0.49499999999989086
ALB,12.0,,SOFT,12.0,,0 days 01:19:59.197000,,False,,,4799.197,-5.469000000000051
ALO,1.0,0 days 00:01:36.126000,SOFT,1.0,14.0,0 days 01:04:08.670000,,False,96.126,,3848.67,0.5770000000002256
ALO,2.0,0 days 00:01:23.708000,SOFT,2.0,10.0,0 days 01:05:32.378000,,False,83.708,-12.418000000000006,3932.378,0.6829999999999927
ALO,3.0,0 days 00:01:21.584000,SOFT,3.0,10.0,0 days 01:06:53.962000,,False,81.584,-2.1239999999999952,4013.962,0.5189999999997781
ALO,4.0,0 days 00:01:21.632000,SOFT,4.0,10.0,0 days 01:08:15.594000,,False,81.632,0.04800000000000182,4095.594,0.5700000000001637
ALO,5.0,0 days 00:01:20.381000,SOFT,5.0,10.0,0 days 01:09:35.975000,,False,80.381,-1.2510000000000048,4175.975,0.88799999999992
ALO,6.0,0 days 00:01:20.942000,SOFT,6.0,11.0,0 days 01:10:56.917000,,False,80.942,0.5609999999999928,4256.917,0.4860000000007858
ALO,7.0,0 days 00:01:19.951000,SOFT,7.0,11.0,0 days 01:12:16.868000,,False,79.951,-0.9909999999999997,4336.868,1.4239999999999782
ALO,8.0,0 days 00:01:20.619000,SOFT,8.0,13.0,0 days 01:13:37.487000,,False,80.619,0.6680000000000064,4417.487,0.6480000000001382
ALO,9.0,0 days 00:01:19.708000,SOFT,9.0,14.0,0 days 01:14:57.195000,,False,79.708,-0.9110000000000014,4497.195,1.6549999999997453
ALO,10.0,0 days 00:01:19.635000,SOFT,10.0,14.0,0 days 01:16:16.830000,,False,79.635,-0.07299999999999329,4576.83,3.45299999999952
ALO,11.0,0 days 00:01:19.737000,SOFT,11.0,14.0,0 days 01:17:36.567000,,False,79.737,0.10199999999998965,4656.567,6.201000000000022
ALO,12.0,0 days 00:01:20.134000,SOFT,12.0,12.0,0 days 01:18:56.701000,,False,80.134,0.39700000000000557,4736.701,7.697000000000116
ALO,13.0,0 days 00:01:20.602000,SOFT,13.0,12.0,0 days 01:20:17.303000,,False,80.602,0.4680000000000035,4817.303,9.774999999999636
ALO,14.0,0 days 00:01:19.699000,SOFT,14.0,12.0,0 days 01:21:37.002000,,False,79.699,-0.9030000000000058,4897.002,11.269000000000233
ALO,15.0,0 days 00:01:20.224000,SOFT,15.0,12.0,0 days 01:22:57.226000,,False,80.224,0.5250000000000057,4977.226,0.5670000000000073
ALO,16.0,0 days 00:01:20.409000,SOFT,16.0,12.0,0 days 01:24:17.635000,,False,80.409,0.18500000000000227,5057.635,3.431999999999789
ALO,17.0,0 days 00:01:20.790000,SOFT,17.0,13.0,0 days 01:25:38.425000,,False,80.79,0.3810000000000002,5138.425,0.7020000000002256
ALO,18.0,0 days 00:01:20.341000,SOFT,18.0,14.0,0 days 01:26:58.766000,,False,80.341,-0.4490000000000123,5218.766,2.081999999999425
ALO,19.0,0 days 00:01:21.994000,SOFT,19.0,14.0,0 days 01:28:20.760000,,False,81.994,1.6530000000000058,5300.76,7.199000000000524
ALO,20.0,0 days 00:01:37.254000,SOFT,20.0,15.0,0 days 01:29:58.014000,0 days 01:29:34.909000,True,97.254,15.260000000000005,5398.014,5.231999999999971
ALO,21.0,0 days 00:01:24.220000,SOFT,1.0,17.0,0 days 01:31:22.234000,,False,84.22,-13.034000000000006,5482.234,1.1950000000006185
ALO,22.0,0 days 00:01:20.426000,SOFT,2.0,17.0,0 days 01:32:42.660000,,False,80.426,-3.793999999999997,5562.66,3.411000000000058
ALO,23.0,0 days 00:01:20.864000,SOFT,3.0,17.0,0 days 01:34:03.524000,,False,80.864,0.4380000000000024,5643.524,6.564000000000306
ALO,24.0,,SOFT,4.0,17.0,0 days 01:35:18.616000,0 days 01:35:18.696000,True,,,5718.616,4.1729999999997744
ANT,1.0,0 days 00:01:27.340000,SOFT,5.0,2.0,0 days 01:03:59.884000,,False,87.34,,3839.884,1.1590000000001055
ANT,2.0,0 days 00:01:21.447000,SOFT,6.0,1.0,0 days 01:05:21.331000,,False,81.447,-5.893000000000001,3921.331,0.0
ANT,3.0,0 days 00:01:18.974000,SOFT,7.0,1.0,0 days 01:06:40.305000,,False,78.974,-2.472999999999999,4000.305,0.0
ANT,4.0,0 days 00:01:17.974000,SOFT,8.0,1.0,0 days 01:07:58.279000,,False,77.974,-1.0,4078.279,0.0
ANT,5.0,0 days 00:01:17.058000,SOFT,9.0,1.0,0 days 01:09:15.337000,,False,77.058,-0.9159999999999968,4155.337,0.0
ANT,6.0,0 days 00:01:17.710000,SOFT,10.0,2.0,0 days 01:10:33.047000,,False,77.71,0.6519999999999868,4233.047,0.8489999999992506
ANT,7.0,0 days 00:01:16.873000,SOFT,11.0,2.0,0 days 01:11:49.920000,,False,76.873,-0.8369999999999891,4309.92,1.13799999999992
ANT,8.0,0 days 00:01:16.047000,SOFT,12.0,2.0,0 days 01:13:05.967000,,False,76.047,-0.8260000000000076,4385.967,1.0799999999999272
ANT,9.0,0 days 00:01:15.848000,SOFT,13.0,2.0,0 days 01:14:21.815000,,False,75.848,-0.19899999999999807,4461.815,1.131999999999607
ANT,10.0,0 days 00:01:15.740000,SOFT,14.0,2.0,0 days 01:15:37.555000,,False,75.74,-0.10800000000000409,4537.555,1.094000000000051
ANT,11.0,0 days 00:01:15.630000,SOFT,15.0,2.0,0 days 01:16:53.185000,,False,75.63,-0.10999999999999943,4613.185,1.1520000000000437
ANT,12.0,0 days 00:01:15.916000,SOFT,16.0,2.0,0 days 01:18:09.101000,,False,75.916,0.28600000000000136,4689.101,0.2639999999992142
ANT,13.0,0 days 00:01:17.833000,SOFT,17.0,2.0,0 days 01:19:26.934000,,False,77.833,1.9170000000000016,4766.934,0.7560000000003129
ANT,14.0,0 days 00:01:16.126000,SOFT,18.0,2.0,0 days 01:20:43.060000,,False,76.126,-1.7069999999999936,4843.06,0.6900000000005093
ANT,15.0,0 days 00:01:15.635000,SOFT,19.0,2.0,0 days 01:21:58.695000,,False,75.635,-0.49099999999999966,4918.695,0.5339999999996508
ANT,16.0,0 days 00:01:15.411000,SOFT,20.0,2.0,0 days 01:23:14.106000,,False,75.411,-0.22400000000000375,4994.106,0.4679999999998472
ANT,17.0,0 days 00:01:16.531000,SOFT,21.0,2.0,0 days 01:24:30.637000,,False,76.531,1.1200000000000045,5070.637,0.4539999999997235
ANT,18.0,0 days 00:01:15.715000,SOFT,22.0,2.0,0 days 01:25:46.352000,,False,75.715,-0.8160000000000025,5146.352,0.43400000000019645
ANT,19.0,0 days 00:01:15.587000,SOFT,23.0,2.0,0 days 01:27:01.939000,,False,75.587,-0.1280000000000001,5221.939,0.44500000000061846
ANT,20.0,0 days 00:01:15.559000,SOFT,24.0,2.0,0 days 01:28:17.498000,,False,75.559,-0.028000000000005798,5297.498,0.46599999999943975
ANT,21.0,0 days 00:01:15.439000,SOFT,25.0,2.0,0 days 01:29:32.937000,,False,75.439,-0.12000000000000455,5372.937,0.1459999999997308
ANT,22.0,0 days 00:01:16.182000,SOFT,26.0,1.0,0 days 01:30:49.119000,,False,76.182,0.7430000000000092,5449.119,0.0
ANT,23.0,0 days 00:01:15.413000,SOFT,27.0,1.0,0 days 01:32:04.532000,,False,75.413,-0.7690000000000055,5524.532,0.0
ANT,24.0,0 days 00:01:16.465000,SOFT,28.0,1.0,0 days 01:33:20.997000,,False,76.465,1.0520000000000067,5600.997,0.0
ANT,25.0,0 days 00:01:18.543000,SOFT,29.0,2.0,0 days 01:34:39.540000,,False,78.543,2.078000000000003,5679.54,0.34900000000016007
ANT,26.0,0 days 00:01:16.480000,SOFT,30.0,2.0,0 days 01:35:56.020000,,False,76.48,-2.0630000000000024,5756.02,0.5080000000007203
ANT,27.0,0 days 00:01:15.971000,SOFT,31.0,2.0,0 days 01:37:11.991000,,False,75.971,-0.5090000000000003,5831.991,0.20600000000013097
ANT,28.0,0 days 00:01:16.427000,SOFT,32.0,2.0,0 days 01:38:28.418000,,False,76.427,0.45600000000000307,5908.418,0.3609999999998763
ANT,29.0,0 days 00:01:15.752000,SOFT,33.0,2.0,0 days 01:39:44.170000,,False,75.752,-0.6750000000000114,5984.17,0.5720000000001164
ANT,30.0,0 days 00:01:16.361000,SOFT,34.0,1.0,0 days 01:41:00.531000,,False,76.361,0.6090000000000089,6060.531,0.0
ANT,31.0,0 days 00:01:59.239000,SOFT,35.0,1.0,0 days 01:42:59.770000,0 days 01:42:36.253000,True,119.239,42.878,6179.77,0.0
ANT,32.0,0 days 00:01:41.101000,MEDIUM,1.0,1.0,0 days 01:44:40.871000,,False,101.101,-18.138000000000005,6280.871,0.0
ANT,33.0,0 days 00:01:19.265000,MEDIUM,2.0,1.0,0 days 01:46:00.136000,,False,79.265,-21.836,6360.136,0.0
ANT,34.0,0 days 00:01:16.290000,MEDIUM,3.0,1.0,0 days 01:47:16.426000,,False,76.29,-2.9749999999999943,6436.426,0.0
ANT,35.0,0 days 00:01:16.101000,MEDIUM,4.0,1.0,0 days 01:48:32.527000,,False,76.101,-0.18900000000000716,6512.527,0.0
ANT,36.0,0 days 00:01:15.708000,MEDIUM,5.0,1.0,0 days 01:49:48.235000,,False,75.708,-0.3930000000000007,6588.235,0.0
ANT,37.0,0 days 00:01:15.466000,MEDIUM,6.0,1.0,0 days 01:51:03.701000,,False,75.466,-0.24200000000000443,6663.701,0.0
ANT,38.0,0 days 00:01:15.235000,MEDIUM,7.0,1.0,0 days 01:52:18.936000,,False,75.235,-0.23099999999999454,6738.936,0.0
ANT,39.0,0 days 00:01:15.290000,MEDIUM,8.0,1.0,0 days 01:53:34.226000,,False,75.29,0.05500000000000682,6814.226,0.0
ANT,40.0,0 days 00:01:15.871000,MEDIUM,9.0,1.0,0 days 01:54:50.097000,,False,75.871,0.5809999999999889,6890.097,0.0
ANT,41.0,0 days 00:01:17.905000,MEDIUM,10.0,1.0,0 days 01:56:08.002000,,False,77.905,2.034000000000006,6968.002,0.0
ANT,42.0,0 days 00:01:15.244000,MEDIUM,11.0,1.0,0 days 01:57:23.246000,,False,75.244,-2.6610000000000014,7043.246,0.0
ANT,43.0,0 days 00:01:14.814000,MEDIUM,12.0,1.0,0 days 01:58:38.060000,,False,74.814,-0.4300000000000068,7118.06,0.0
ANT,44.0,0 days 00:01:15.179000,MEDIUM,13.0,1.0,0 days 01:59:53.239000,,False,75.179,0.3650000000000091,7193.239,0.0
ANT,45.0,0 days 00:01:15.276000,MEDIUM,14.0,1.0,0 days 02:01:08.515000,,False,75.276,0.0969999999999942,7268.515,0.0
ANT,46.0,0 days 00:01:33.385000,MEDIUM,15.0,1.0,0 days 02:02:41.900000,,False,93.385,18.10900000000001,7361.9,0.0
ANT,47.0,0 days 00:01:15.877000,MEDIUM,16.0,1.0,0 days 02:03:57.777000,,False,75.877,-17.50800000000001,7437.777,0.0
ANT,48.0,0 days 00:01:15.019000,MEDIUM,17.0,1.0,0 days 02:05:12.796000,,False,75.019,-0.8579999999999899,7512.796,0.0
ANT,49.0,0 days 00:01:14.935000,MEDIUM,18.0,1.0,0 days 02:06:27.731000,,False,74.935,-0.08400000000000318,7587.731,0.0
ANT,50.0,0 days 00:01:14.770000,MEDIUM,19.0,1.0,0 days 02:07:42.501000,,False,74.77,-0.16500000000000625,7662.501,0.0
ANT,51.0,0 days 00:01:14.604000,MEDIUM,20.0,1.0,0 days 02:08:57.105000,,False,74.604,-0.16599999999999682,7737.105,0.0
ANT,52.0,0 days 00:01:14.366000,MEDIUM,21.0,1.0,0 days 02:10:11.471000,,False,74.366,-0.23799999999999955,7811.471,0.0
ANT,53.0,0 days 00:01:46.356000,MEDIUM,22.0,1.0,0 days 02:11:57.827000,,False,106.356,31.989999999999995,7917.827,0.0
ANT,54.0,0 days 00:01:23.636000,MEDIUM,23.0,1.0,0 days 02:13:21.463000,,False,83.636,-22.72,8001.463,0.0
ANT,55.0,0 days 00:01:15.387000,MEDIUM,24.0,1.0,0 days 02:14:36.850000,,False,75.387,-8.248999999999995,8076.85,0.0
ANT,56.0,0 days 00:01:15.009000,MEDIUM,25.0,1.0,0 days 02:15:51.859000,,False,75.009,-0.3780000000000001,8151.859,0.0
ANT,57.0,0 days 00:01:14.909000,MEDIUM,26.0,1.0,0 days 02:17:06.768000,,False,74.909,-0.09999999999999432,8226.768,0.0
ANT,58.0,0 days 00:01:14.701000,MEDIUM,27.0,1.0,0 days 02:18:21.469000,,False,74.701,-0.20800000000001262,8301.469,0.0
ANT,59.0,0 days 00:01:14.790000,MEDIUM,28.0,1.0,0 days 02:19:36.259000,,False,74.79,0.08900000000001285,8376.259,0.0
ANT,60.0,0 days 00:01:14.445000,MEDIUM,29.0,1.0,0 days 02:20:50.704000,,False,74.445,-0.3450000000000131,8450.704,0.0
ANT,61.0,0 days 00:01:14.340000,MEDIUM,30.0,1.0,0 days 02:22:05.044000,,False,74.34,-0.10499999999998977,8525.044,0.0
ANT,62.0,0 days 00:01:15.413000,MEDIUM,31.0,1.0,0 days 02:23:20.457000,,False,75.413,1.0729999999999933,8600.457,0.0
ANT,63.0,0 days 00:01:14.726000,MEDIUM,32.0,1.0,0 days 02:24:35.183000,,False,74.726,-0.6869999999999976,8675.183,0.0
ANT,64.0,0 days 00:01:15.119000,MEDIUM,33.0,1.0,0 days 02:25:50.302000,,False,75.119,0.3930000000000007,8750.302,0.0
ANT,65.0,0 days 00:01:14.769000,MEDIUM,34.0,1.0,0 days 02:27:05.071000,,False,74.769,-0.3499999999999943,8825.071,0.0
ANT,66.0,0 days 00:01:14.412000,MEDIUM,35.0,1.0,0 days 02:28:19.483000,,False,74.412,-0.3569999999999993,8899.483,0.0
ANT,67.0,0 days 00:01:14.609000,MEDIUM,36.0,1.0,0 days 02:29:34.092000,,False,74.609,0.19699999999998852,8974.092,0.0
ANT,68.0,0 days 00:01:14.210000,MEDIUM,37.0,1.0,0 days 02:30:48.302000,,False,74.21,-0.3990000000000009,9048.302,0.0
BEA,1.0,0 days 00:01:35.294000,SOFT,6.0,11.0,0 days 01:04:07.838000,,False,95.294,,3847.838,1.43100000000004
BEA,2.0,0 days 00:01:23.857000,SOFT,7.0,9.0,0 days 01:05:31.695000,,False,83.857,-11.436999999999998,3931.695,3.2470000000002983
BEA,3.0,0 days 00:01:21.748000,SOFT,8.0,9.0,0 days 01:06:53.443000,,False,81.748,-2.1089999999999947,4013.443,3.675000000000182
BEA,4.0,0 days 00:01:21.581000,SOFT,9.0,9.0,0 days 01:08:15.024000,,False,81.581,-0.1670000000000016,4095.024,5.130999999999858
BEA,5.0,0 days 00:01:20.063000,SOFT,10.0,9.0,0 days 01:09:35.087000,,False,80.063,-1.5180000000000007,4175.087,5.696000000000822
BEA,6.0,0 days 00:01:19.321000,SOFT,11.0,9.0,0 days 01:10:54.408000,,False,79.321,-0.7420000000000044,4254.408,6.1469999999999345
BEA,7.0,0 days 00:01:19.630000,SOFT,12.0,9.0,0 days 01:12:14.038000,,False,79.63,0.3089999999999975,4334.038,7.032999999999447
BEA,8.0,0 days 00:01:18.890000,SOFT,13.0,9.0,0 days 01:13:32.928000,,False,78.89,-0.7399999999999949,4412.928,7.777000000000044
BEA,9.0,0 days 00:01:18.093000,SOFT,14.0,9.0,0 days 01:14:51.021000,,False,78.093,-0.796999999999997,4491.021,7.55199999999968
BEA,10.0,0 days 00:01:17.929000,SOFT,15.0,9.0,0 days 01:16:08.950000,,False,77.929,-0.16400000000000148,4568.95,7.313000000000102
BEA,11.0,0 days 00:01:19.752000,SOFT,16.0,11.0,0 days 01:17:28.702000,,False,79.752,1.8229999999999933,4648.702,0.5079999999998108
BEA,12.0,0 days 00:01:20.302000,SOFT,17.0,11.0,0 days 01:18:49.004000,,False,80.302,0.5500000000000114,4729.004,1.7910000000001673
BEA,13.0,0 days 00:01:18.524000,SOFT,18.0,11.0,0 days 01:20:07.528000,,False,78.524,-1.7780000000000058,4807.528,1.0830000000005384
BEA,14.0,0 days 00:01:18.205000,SOFT,19.0,11.0,0 days 01:21:25.733000,,False,78.205,-0.3190000000000026,4885.733,1.2750000000005457
BEA,15.0,0 days 00:01:17.509000,SOFT,20.0,10.0,0 days 01:22:43.242000,,False,77.509,-0.695999999999998,4963.242,1.1890000000003056
BEA,16.0,0 days 00:01:18.120000,SOFT,21.0,10.0,0 days 01:24:01.362000,,False,78.12,0.6110000000000042,5041.362,1.7399999999997817
BEA,17.0,0 days 00:01:17.520000,SOFT,22.0,10.0,0 days 01:25:18.882000,,False,77.52,-0.6000000000000085,5118.882,1.626999999999498
BEA,18.0,0 days 00:01:17.463000,SOFT,23.0,10.0,0 days 01:26:36.345000,,False,77.463,-0.05700000000000216,5196.345,1.6340000000000146
BEA,19.0,0 days 00:01:17.589000,SOFT,24.0,10.0,0 days 01:27:53.934000,,False,77.589,0.12600000000000477,5273.934,1.8040000000000873
BEA,20.0,0 days 00:01:17.646000,SOFT,25.0,10.0,0 days 01:29:11.580000,,False,77.646,0.05700000000000216,5351.58,1.943000000000211
BEA,21.0,0 days 00:01:17.485000,SOFT,26.0,10.0,0 days 01:30:29.065000,,False,77.485,-0.16100000000000136,5429.065,1.6539999999995416
BEA,22.0,0 days 00:01:17.450000,SOFT,27.0,10.0,0 days 01:31:46.515000,,False,77.45,-0.03499999999999659,5506.515,1.6720000000004802
BEA,23.0,0 days 00:01:17.629000,SOFT,28.0,10.0,0 days 01:33:04.144000,,False,77.629,0.17900000000000205,5584.144,1.2100000000000364
BEA,24.0,0 days 00:01:17.264000,SOFT,29.0,10.0,0 days 01:34:21.408000,,False,77.264,-0.3650000000000091,5661.408,1.1820000000006985
BEA,25.0,0 days 00:01:17.397000,SOFT,30.0,10.0,0 days 01:35:38.805000,,False,77.397,0.13300000000000978,5738.805,1.2600000000002183
BEA,26.0,0 days 00:01:17.519000,SOFT,31.0,10.0,0 days 01:36:56.324000,,False,77.519,0.12199999999999989,5816.324,1.6809999999995853
BEA,27.0,0 days 00:01:17.670000,SOFT,32.0,10.0,0 days 01:38:13.994000,,False,77.67,0.15099999999999625,5893.994,2.300999999999476
BEA,28.0,0 days 00:01:17.374000,SOFT,33.0,10.0,0 days 01:39:31.368000,,False,77.374,-0.2960000000000065,5971.368,2.6940000000004147
BEA,29.0,0 days 00:01:17.283000,SOFT,34.0,10.0,0 days 01:40:48.651000,,False,77.283,-0.09099999999999397,6048.651,3.1099999999996726
BEA,30.0,0 days 00:02:13.826000,SOFT,35.0,11.0,0 days 01:43:02.477000,0 days 01:42:19.133000,True,133.826,56.54299999999999,6182.477,10.136999999999716
BEA,31.0,0 days 00:01:41.901000,MEDIUM,1.0,11.0,0 days 01:44:44.378000,,False,101.901,-31.924999999999997,6284.378,7.454999999999927
BEA,32.0,0 days 00:01:19.115000,MEDIUM,2.0,11.0,0 days 01:46:03.493000,,False,79.115,-22.786,6363.493,6.778000000000247
BEA,33.0,0 days 00:01:19.528000,MEDIUM,3.0,11.0,0 days 01:47:23.021000,,False,79.528,0.4130000000000109,6443.021,7.706000000000131
BEA,34.0,0 days 00:01:17.265000,MEDIUM,4.0,11.0,0 days 01:48:40.286000,,False,77.265,-2.2630000000000052,6520.286,6.229000000000269
BEA,35.0,0 days 00:01:17.425000,MEDIUM,5.0,11.0,0 days 01:49:57.711000,,False,77.425,0.1599999999999966,6597.711,6.485999999999876
BEA,36.0,0 days 00:01:16.870000,MEDIUM,6.0,11.0,0 days 01:51:14.581000,,False,76.87,-0.5549999999999926,6674.581,6.757000000000517
BEA,37.0,0 days 00:01:18.083000,MEDIUM,7.0,11.0,0 days 01:52:32.664000,,False,78.083,1.2129999999999939,6752.664,5.878999999999905
BEA,38.0,0 days 00:01:16.736000,MEDIUM,8.0,11.0,0 days 01:53:49.400000,,False,76.736,-1.3469999999999942,6829.4,6.097999999999956
BEA,39.0,0 days 00:01:16.558000,MEDIUM,9.0,10.0,0 days 01:55:05.958000,,False,76.558,-0.17799999999999727,6905.958,5.891999999999825
BEA,40.0,0 days 00:01:17.257000,MEDIUM,10.0,10.0,0 days 01:56:23.215000,,False,77.257,0.6989999999999981,6983.215,4.726999999999862
BEA,41.0,0 days 00:01:18.957000,MEDIUM,11.0,10.0,0 days 01:57:42.172000,,False,78.957,1.6999999999999886,7062.172,7.031999999999243
BEA,42.0,0 days 00:01:16.677000,MEDIUM,12.0,10.0,0 days 01:58:58.849000,,False,76.677,-2.279999999999987,7138.849,6.8770000000004075
BEA,43.0,0 days 00:01:16.481000,MEDIUM,13.0,10.0,0 days 02:00:15.330000,,False,76.481,-0.19600000000001216,7215.33,6.954999999999927
BEA,44.0,0 days 00:01:16.490000,MEDIUM,14.0,10.0,0 days 02:01:31.820000,,False,76.49,0.009000000000000341,7291.82,4.943999999999505
BEA,45.0,0 days 00:01:31.974000,MEDIUM,15.0,10.0,0 days 02:03:03.794000,,False,91.974,15.484000000000009,7383.794,2.0169999999998254
BEA,46.0,0 days 00:01:16.852000,MEDIUM,16.0,10.0,0 days 02:04:20.646000,,False,76.852,-15.122,7460.646,2.4020000000000437
BEA,47.0,0 days 00:01:16.695000,MEDIUM,17.0,10.0,0 days 02:05:37.341000,,False,76.695,-0.1570000000000107,7537.341,2.1130000000002838
BEA,48.0,0 days 00:01:16.592000,MEDIUM,18.0,10.0,0 days 02:06:53.933000,,False,76.592,-0.10299999999999443,7613.933,2.3909999999996217
BEA,49.0,0 days 00:01:17.743000,MEDIUM,19.0,10.0,0 days 02:08:11.676000,,False,77.743,1.1509999999999962,7691.676,3.625
BEA,50.0,0 days 00:01:16.581000,MEDIUM,20.0,10.0,0 days 02:09:28.257000,,False,76.581,-1.161999999999992,7768.257,3.893000000000029
BEA,51.0,0 days 00:01:32.476000,MEDIUM,21.0,10.0,0 days 02:11:00.733000,,False,92.476,15.894999999999996,7860.733,3.712000000000444
BEA,52.0,0 days 00:01:38.186000,MEDIUM,22.0,10.0,0 days 02:12:38.919000,,False,98.186,5.710000000000008,7958.919,3.9219999999995707
BEA,53.0,0 days 00:01:18.029000,MEDIUM,23.0,10.0,0 days 02:13:56.948000,,False,78.029,-20.15700000000001,8036.948,4.189000000000306
BEA,54.0,0 days 00:01:16.912000,MEDIUM,24.0,10.0,0 days 02:15:13.860000,,False,76.912,-1.1169999999999902,8113.86,4.336999999999534
BEA,55.0,0 days 00:01:16.488000,MEDIUM,25.0,10.0,0 days 02:16:30.348000,,False,76.488,-0.4240000000000066,8190.348,3.970999999999549
BEA,56.0,0 days 00:01:16.293000,MEDIUM,26.0,10.0,0 days 02:17:46.641000,,False,76.293,-0.19499999999999318,8266.641,4.172999999998865
BEA,57.0,0 days 00:01:16.270000,MEDIUM,27.0,10.0,0 days 02:19:02.911000,,False,76.27,-0.023000000000010346,8342.911,4.123999999999796
BEA,58.0,0 days 00:01:17.322000,MEDIUM,28.0,10.0,0 days 02:20:20.233000,,False,77.322,1.0520000000000067,8420.233,4.201999999999316
BEA,59.0,0 days 00:01:16.750000,MEDIUM,29.0,10.0,0 days 02:21:36.983000,,False,76.75,-0.5720000000000027,8496.983,4.621000000001004
BEA,60.0,0 days 00:01:16.503000,MEDIUM,30.0,10.0,0 days 02:22:53.486000,,False,76.503,-0.2469999999999999,8573.486,5.0900000000001455
BEA,61.0,0 days 00:01:16.572000,MEDIUM,31.0,10.0,0 days 02:24:10.058000,,False,76.572,0.06900000000000261,8650.058,4.222000000001572
BEA,62.0,0 days 00:01:16.663000,MEDIUM,32.0,10.0,0 days 02:25:26.721000,,False,76.663,0.09099999999999397,8726.721,4.3879999999990105
BEA,63.0,0 days 00:01:16.376000,MEDIUM,33.0,10.0,0 days 02:26:43.097000,,False,76.376,-0.28699999999999193,8803.097,4.390999999999622
BEA,64.0,0 days 00:01:16.002000,MEDIUM,34.0,10.0,0 days 02:27:59.099000,,False,76.002,-0.37400000000000944,8879.099,4.505000000001019
BEA,65.0,0 days 00:01:16.189000,MEDIUM,35.0,10.0,0 days 02:29:15.288000,,False,76.189,0.1869999999999976,8955.288,4.842000000000553
BEA,66.0,0 days 00:01:16.015000,MEDIUM,36.0,10.0,0 days 02:30:31.303000,,False,76.015,-0.17399999999999238,9031.303,1.4470000000001164
BEA,67.0,0 days 00:01:16.048000,MEDIUM,37.0,10.0,0 days 02:31:47.351000,,False,76.048,0.03300000000000125,9107.351,1.0349999999998545
BOR,1.0,0 days 00:01:35.549000,INTERMEDIATE,1.0,13.0,0 days 01:04:08.093000,,False,95.549,,3848.093,0.1069999999999709
BOR,2.0,0 days 00:01:47.354000,INTERMEDIATE,2.0,20.0,0 days 01:05:55.447000,0 days 01:05:28.994000,True,107.354,11.804999999999993,3955.447,2.3299999999999272
BOR,3.0,0 days 00:01:27.141000,SOFT,1.0,19.0,0 days 01:07:22.588000,,False,87.141,-20.212999999999994,4042.588,3.0850000000000364
BOR,4.0,0 days 00:01:21.219000,SOFT,2.0,19.0,0 days 01:08:43.807000,,False,81.219,-5.922000000000011,4123.807,4.483000000000175
BOR,5.0,0 days 00:01:19.840000,SOFT,3.0,19.0,0 days 01:10:03.647000,,False,79.84,-1.3789999999999907,4203.647,5.717999999999847
BOR,6.0,0 days 00:01:19.308000,SOFT,4.0,19.0,0 days 01:11:22.955000,,False,79.308,-0.5319999999999965,4282.955,5.377999999999702
BOR,7.0,0 days 00:01:18.545000,SOFT,5.0,19.0,0 days 01:12:41.500000,,False,78.545,-0.7630000000000052,4361.5,5.399999999999636
BOR,8.0,0 days 00:01:18.516000,SOFT,6.0,19.0,0 days 01:14:00.016000,,False,78.516,-0.028999999999996362,4440.016,5.819999999999709
BOR,9.0,0 days 00:01:18.353000,SOFT,7.0,19.0,0 days 01:15:18.369000,,False,78.353,-0.16300000000001091,4518.369,3.7730000000001382
BOR,10.0,0 days 00:01:17.931000,SOFT,8.0,19.0,0 days 01:16:36.300000,,False,77.931,-0.42199999999999704,4596.3,1.4380000000001019
BOR,11.0,0 days 00:01:18.468000,SOFT,9.0,18.0,0 days 01:17:54.768000,,False,78.468,0.5370000000000061,4674.768,5.043999999999869
BOR,12.0,0 days 00:01:18.445000,SOFT,10.0,16.0,0 days 01:19:13.213000,,False,78.445,-0.023000000000010346,4753.213,5.500999999999294
BOR,13.0,0 days 00:01:18.279000,SOFT,11.0,16.0,0 days 01:20:31.492000,,False,78.279,-0.16599999999999682,4831.492,5.570999999999913
BOR,14.0,0 days 00:01:17.698000,SOFT,12.0,16.0,0 days 01:21:49.190000,,False,77.698,-0.5810000000000031,4909.19,5.592999999999847
BOR,15.0,0 days 00:01:17.904000,SOFT,13.0,16.0,0 days 01:23:07.094000,,False,77.904,0.20600000000000307,4987.094,6.108000000000175
BOR,16.0,0 days 00:01:17.752000,SOFT,14.0,15.0,0 days 01:24:24.846000,,False,77.752,-0.15200000000000102,5064.846,3.4859999999998763
BOR,17.0,0 days 00:01:17.701000,SOFT,15.0,15.0,0 days 01:25:42.547000,,False,77.701,-0.05100000000000193,5142.547,3.980999999999767
BOR,18.0,0 days 00:01:34.414000,SOFT,16.0,16.0,0 days 01:27:16.961000,0 days 01:26:54.006000,True,94.414,16.713000000000008,5236.961,5.061999999999898
BOR,19.0,0 days 00:01:25.108000,MEDIUM,1.0,17.0,0 days 01:28:42.069000,,False,85.108,-9.305999999999997,5322.069,2.225000000000364
BOR,20.0,0 days 00:01:18.990000,MEDIUM,2.0,17.0,0 days 01:30:01.059000,,False,78.99,-6.118000000000009,5401.059,2.5250000000005457
BOR,21.0,0 days 00:01:19.980000,MEDIUM,3.0,16.0,0 days 01:31:21.039000,,False,79.98,0.9900000000000091,5481.039,3.8969999999999345
BOR,22.0,0 days 00:01:18.210000,MEDIUM,4.0,16.0,0 days 01:32:39.249000,,False,78.21,-1.7700000000000102,5559.249,3.4669999999996435
BOR,23.0,0 days 00:01:17.711000,MEDIUM,5.0,16.0,0 days 01:33:56.960000,,False,77.711,-0.4989999999999952,5636.96,2.8909999999996217
BOR,24.0,0 days 00:01:17.483000,MEDIUM,6.0,16.0,0 days 01:35:14.443000,,False,77.483,-0.22799999999999443,5714.443,2.037000000000262
BOR,25.0,0 days 00:01:17.683000,MEDIUM,7.0,16.0,0 days 01:36:32.126000,,False,77.683,0.20000000000000284,5792.126,1.1480000000001382
BOR,26.0,0 days 00:01:17.708000,MEDIUM,8.0,16.0,0 days 01:37:49.834000,,False,77.708,0.024999999999991473,5869.834,0.5919999999996435
BOR,27.0,0 days 00:01:17.971000,MEDIUM,9.0,15.0,0 days 01:39:07.805000,,False,77.971,0.26300000000000523,5947.805,6.149000000000342
BOR,28.0,0 days 00:01:17.356000,MEDIUM,10.0,15.0,0 days 01:40:25.161000,,False,77.356,-0.6150000000000091,6025.161,5.872000000000298
BOR,29.0,0 days 00:01:30.324000,MEDIUM,11.0,15.0,0 days 01:41:55.485000,,False,90.324,12.968000000000004,6115.485,6.5
BOR,30.0,0 days 00:01:44.804000,MEDIUM,12.0,14.0,0 days 01:43:40.289000,,False,104.804,14.480000000000004,6220.289,7.221999999999753
BOR,31.0,0 days 00:01:32.626000,MEDIUM,13.0,14.0,0 days 01:45:12.915000,,False,92.626,-12.177999999999997,6312.915,6.555000000000291
BOR,32.0,0 days 00:01:18.791000,MEDIUM,14.0,14.0,0 days 01:46:31.706000,,False,78.791,-13.835000000000008,6391.706,6.958000000000538
BOR,33.0,0 days 00:01:17.815000,MEDIUM,15.0,14.0,0 days 01:47:49.521000,,False,77.815,-0.9759999999999991,6469.521,6.871000000000095
BOR,34.0,0 days 00:01:17.508000,MEDIUM,16.0,14.0,0 days 01:49:07.029000,,False,77.508,-0.30700000000000216,6547.029,7.347000000000662
BOR,35.0,0 days 00:01:17.109000,MEDIUM,17.0,14.0,0 days 01:50:24.138000,,False,77.109,-0.3990000000000009,6624.138,7.404999999999745
BOR,36.0,0 days 00:01:16.863000,MEDIUM,18.0,14.0,0 days 01:51:41.001000,,False,76.863,-0.2459999999999951,6701.001,7.430000000000291
BOR,37.0,0 days 00:01:16.684000,MEDIUM,19.0,14.0,0 days 01:52:57.685000,,False,76.684,-0.17900000000000205,6777.685,7.536000000000058
BOR,38.0,0 days 00:01:16.549000,MEDIUM,20.0,14.0,0 days 01:54:14.234000,,False,76.549,-0.1349999999999909,6854.234,7.0570000000006985
BOR,39.0,0 days 00:01:16.418000,MEDIUM,21.0,13.0,0 days 01:55:30.652000,,False,76.418,-0.13100000000000023,6930.652,6.786000000000058
BOR,40.0,0 days 00:01:16.615000,MEDIUM,22.0,13.0,0 days 01:56:47.267000,,False,76.615,0.19699999999998852,7007.267,6.751000000000204
BOR,41.0,0 days 00:01:16.627000,MEDIUM,23.0,13.0,0 days 01:58:03.894000,,False,76.627,0.012000000000000455,7083.894,6.541000000000167
BOR,42.0,0 days 00:01:16.402000,MEDIUM,24.0,13.0,0 days 01:59:20.296000,,False,76.402,-0.22499999999999432,7160.296,6.145000000000437
BOR,43.0,0 days 00:01:18.144000,MEDIUM,25.0,13.0,0 days 02:00:38.440000,,False,78.144,1.7420000000000044,7238.44,7.437999999999192
BOR,44.0,0 days 00:01:25.754000,MEDIUM,26.0,13.0,0 days 02:02:04.194000,,False,85.754,7.609999999999999,7324.194,11.167000000000371
BOR,45.0,0 days 00:01:24.257000,MEDIUM,27.0,13.0,0 days 02:03:28.451000,,False,84.257,-1.4969999999999999,7408.451,8.175000000000182
BOR,46.0,0 days 00:01:16.663000,MEDIUM,28.0,13.0,0 days 02:04:45.114000,,False,76.663,-7.594000000000008,7485.114,7.768999999999323
BOR,47.0,0 days 00:01:16.657000,MEDIUM,29.0,13.0,0 days 02:06:01.771000,,False,76.657,-0.006000000000000227,7561.771,7.324999999999818
BOR,48.0,0 days 00:01:16.266000,MEDIUM,30.0,13.0,0 days 02:07:18.037000,,False,76.266,-0.39099999999999113,7638.037,7.02100000000064
BOR,49.0,0 days 00:01:16.762000,MEDIUM,31.0,13.0,0 days 02:08:34.799000,,False,76.762,0.4959999999999951,7714.799,7.158999999999651
BOR,50.0,0 days 00:01:16.221000,MEDIUM,32.0,13.0,0 days 02:09:51.020000,,False,76.221,-0.5409999999999968,7791.02,7.096000000000458
BOR,51.0,0 days 00:01:36.971000,MEDIUM,33.0,12.0,0 days 02:11:27.991000,,False,96.971,20.75,7887.991,9.827000000000226
BOR,52.0,0 days 00:01:36.299000,MEDIUM,34.0,12.0,0 days 02:13:04.290000,,False,96.299,-0.671999999999997,7984.29,10.289999999999964
BOR,53.0,0 days 00:01:17.669000,MEDIUM,35.0,12.0,0 days 02:14:21.959000,,False,77.669,-18.63000000000001,8061.959,10.461999999999534
BOR,54.0,0 days 00:01:17.121000,MEDIUM,36.0,12.0,0 days 02:15:39.080000,,False,77.121,-0.5480000000000018,8139.08,10.503999999999905
BOR,55.0,0 days 00:01:16.951000,MEDIUM,37.0,12.0,0 days 02:16:56.031000,,False,76.951,-0.1700000000000017,8216.031,10.997000000001208
BOR,56.0,0 days 00:01:16.730000,MEDIUM,38.0,12.0,0 days 02:18:12.761000,,False,76.73,-0.22099999999998943,8292.761,11.217000000000553
BOR,57.0,0 days 00:01:16.799000,MEDIUM,39.0,12.0,0 days 02:19:29.560000,,False,76.799,0.06900000000000261,8369.56,11.740999999999985
BOR,58.0,0 days 00:01:16.699000,MEDIUM,40.0,12.0,0 days 02:20:46.259000,,False,76.699,-0.10000000000000853,8446.259,11.38299999999981
BOR,59.0,0 days 00:01:16.371000,MEDIUM,41.0,12.0,0 days 02:22:02.630000,,False,76.371,-0.32800000000000296,8522.63,11.424999999999272
BOR,60.0,0 days 00:01:16.569000,MEDIUM,42.0,12.0,0 days 02:23:19.199000,,False,76.569,0.1980000000000075,8599.199,2.2880000000004657
BOR,61.0,0 days 00:01:17.325000,MEDIUM,43.0,12.0,0 days 02:24:36.524000,,False,77.325,0.7560000000000002,8676.524,2.727999999999156
BOR,62.0,0 days 00:01:16.933000,MEDIUM,44.0,12.0,0 days 02:25:53.457000,,False,76.933,-0.3919999999999959,8753.457,1.2180000000007567
BOR,63.0,0 days 00:01:17.439000,MEDIUM,45.0,13.0,0 days 02:27:10.896000,,False,77.439,0.505999999999986,8830.896,0.8820000000014261
BOR,64.0,0 days 00:01:20.499000,MEDIUM,46.0,13.0,0 days 02:28:31.395000,,False,80.499,3.0600000000000023,8911.395,4.950000000000728
BOR,65.0,0 days 00:01:16.487000,MEDIUM,47.0,13.0,0 days 02:29:47.882000,,False,76.487,-4.0120000000000005,8987.882,4.984000000000378
BOR,66.0,0 days 00:01:16.576000,MEDIUM,48.0,13.0,0 days 02:31:04.458000,,False,76.576,0.08899999999999864,9064.458,1.97400000000016
BOT,1.0,0 days 00:01:38.731000,INTERMEDIATE,1.0,18.0,0 days 01:04:11.275000,,False,98.731,,3851.275,0.34999999999990905
BOT,2.0,0 days 00:01:27.677000,INTERMEDIATE,2.0,15.0,0 days 01:05:38.952000,,False,87.677,-11.053999999999988,3938.952,1.731000000000222
BOT,3.0,0 days 00:01:47.804000,INTERMEDIATE,3.0,21.0,0 days 01:07:26.756000,0 days 01:07:00.092000,True,107.804,20.126999999999995,4046.756,3.69399999999996
BOT,4.0,0 days 00:01:26.794000,SOFT,1.0,21.0,0 days 01:08:53.550000,,False,86.794,-21.010000000000005,4133.55,8.88000000000011
BOT,5.0,0 days 00:01:22.238000,SOFT,2.0,21.0,0 days 01:10:15.788000,,False,82.238,-4.555999999999997,4215.788,11.016999999999825
BOT,6.0,0 days 00:01:21.040000,SOFT,3.0,21.0,0 days 01:11:36.828000,,False,81.04,-1.1979999999999933,4296.828,13.0
BOT,7.0,0 days 00:01:20.289000,SOFT,4.0,21.0,0 days 01:12:57.117000,,False,80.289,-0.7510000000000048,4377.117,14.568000000000211
BOT,8.0,0 days 00:01:19.925000,SOFT,5.0,21.0,0 days 01:14:17.042000,,False,79.925,-0.3640000000000043,4457.042,15.780999999999949
BOT,9.0,0 days 00:01:39.439000,SOFT,6.0,21.0,0 days 01:15:56.481000,0 days 01:15:33.182000,True,99.439,19.513999999999996,4556.481,36.134000000000015
BOT,10.0,0 days 00:01:26.030000,MEDIUM,1.0,21.0,0 days 01:17:22.511000,,False,86.03,-13.408999999999992,4642.511,43.66700000000037
BOT,11.0,0 days 00:01:19.917000,MEDIUM,2.0,21.0,0 days 01:18:42.428000,,False,79.917,-6.1129999999999995,4722.428,45.02099999999973
BOT,12.0,0 days 00:01:22.238000,MEDIUM,3.0,20.0,0 days 01:20:04.666000,,False,82.238,2.320999999999998,4804.666,44.61400000000049
BOT,13.0,0 days 00:01:22.743000,MEDIUM,4.0,20.0,0 days 01:21:27.409000,,False,82.743,0.5049999999999955,4887.409,43.513999999999214
BOT,14.0,0 days 00:01:19.361000,MEDIUM,5.0,20.0,0 days 01:22:46.770000,,False,79.361,-3.381999999999991,4966.77,34.46400000000085
BOT,15.0,0 days 00:01:19.225000,MEDIUM,6.0,20.0,0 days 01:24:05.995000,,False,79.225,-0.1360000000000099,5045.995,27.8779999999997
BOT,16.0,0 days 00:01:19.532000,MEDIUM,7.0,20.0,0 days 01:25:25.527000,,False,79.532,0.30700000000000216,5125.527,25.373999999999796
BOT,17.0,0 days 00:01:21.843000,MEDIUM,8.0,20.0,0 days 01:26:47.370000,,False,81.843,2.311000000000007,5207.37,26.082000000000335
BOT,18.0,0 days 00:01:21.105000,MEDIUM,9.0,20.0,0 days 01:28:08.475000,,False,81.105,-0.7379999999999995,5288.475,27.507000000000517
BOT,19.0,0 days 00:01:19.691000,MEDIUM,10.0,20.0,0 days 01:29:28.166000,,False,79.691,-1.4140000000000015,5368.166,27.162000000000262
BOT,20.0,0 days 00:01:22.553000,MEDIUM,11.0,20.0,0 days 01:30:50.719000,,False,82.553,2.8619999999999948,5450.719,26.672999999999774
BOT,21.0,0 days 00:01:19.490000,MEDIUM,12.0,20.0,0 days 01:32:10.209000,,False,79.49,-3.0630000000000024,5530.209,26.300999999999476
BOT,22.0,0 days 00:01:20.964000,MEDIUM,13.0,20.0,0 days 01:33:31.173000,,False,80.964,1.4740000000000038,5611.173,26.011999999999716
BOT,23.0,0 days 00:01:20.472000,MEDIUM,14.0,20.0,0 days 01:34:51.645000,,False,80.472,-0.49200000000000443,5691.645,27.36200000000008
BOT,24.0,0 days 00:01:21.847000,MEDIUM,15.0,20.0,0 days 01:36:13.492000,,False,81.847,1.375,5773.492,30.067000000000007
BOT,25.0,0 days 00:01:20.573000,MEDIUM,16.0,19.0,0 days 01:37:34.065000,,False,80.573,-1.274000000000001,5854.065,31.563999999999396
BOT,26.0,0 days 00:01:19.458000,MEDIUM,17.0,19.0,0 days 01:38:53.523000,,False,79.458,-1.1149999999999949,5933.523,30.451000000000022
BOT,27.0,0 days 00:01:19.336000,MEDIUM,18.0,19.0,0 days 01:40:12.859000,,False,79.336,-0.12199999999999989,6012.859,30.392000000000735
BOT,28.0,0 days 00:01:30.428000,MEDIUM,19.0,19.0,0 days 01:41:43.287000,,False,90.428,11.091999999999999,6103.287,37.96100000000024
BOT,29.0,0 days 00:02:01.776000,MEDIUM,20.0,19.0,0 days 01:43:45.063000,0 days 01:43:22.299000,True,121.776,31.348,6225.063,56.84400000000005
BOT,30.0,0 days 00:01:29.383000,SOFT,1.0,18.0,0 days 01:45:14.446000,,False,89.383,-32.393,6314.446,41.460000000000036
BOT,31.0,0 days 00:01:21.147000,SOFT,2.0,18.0,0 days 01:46:35.593000,,False,81.147,-8.23599999999999,6395.593,40.3769999999995
BOT,32.0,0 days 00:01:19.967000,SOFT,3.0,18.0,0 days 01:47:55.560000,,False,79.967,-1.1800000000000068,6475.56,38.947000000000116
BOT,33.0,0 days 00:01:19.163000,SOFT,4.0,18.0,0 days 01:49:14.723000,,False,79.163,-0.804000000000002,6554.723,37.64499999999953
BOT,34.0,0 days 00:01:19.240000,SOFT,5.0,18.0,0 days 01:50:33.963000,,False,79.24,0.07699999999999818,6633.963,32.92900000000009
BOT,35.0,0 days 00:01:18.995000,SOFT,6.0,18.0,0 days 01:51:52.958000,,False,78.995,-0.24499999999999034,6712.958,32.021999999999935
BOT,36.0,0 days 00:01:18.887000,SOFT,7.0,18.0,0 days 01:53:11.845000,,False,78.887,-0.10800000000000409,6791.845,30.36200000000008
BOT,37.0,0 days 00:01:19.661000,SOFT,8.0,18.0,0 days 01:54:31.506000,,False,79.661,0.7740000000000009,6871.506,30.0570000000007
BOT,38.0,0 days 00:01:18.929000,SOFT,9.0,18.0,0 days 01:55:50.435000,,False,78.929,-0.7319999999999993,6950.435,29.736000000000786
BOT,39.0,0 days 00:01:18.775000,SOFT,10.0,17.0,0 days 01:57:09.210000,,False,78.775,-0.15399999999999636,7029.21,29.789999999999964
BOT,40.0,0 days 00:01:18.856000,SOFT,11.0,17.0,0 days 01:58:28.066000,,False,78.856,0.08099999999998886,7108.066,28.35199999999986
BOT,41.0,0 days 00:01:19.059000,SOFT,12.0,16.0,0 days 01:59:47.125000,,False,79.059,0.20300000000000296,7187.125,28.484999999999673
BOT,42.0,0 days 00:01:19.412000,SOFT,13.0,16.0,0 days 02:01:06.537000,,False,79.412,0.35300000000000864,7266.537,26.16899999999987
BOT,43.0,0 days 00:01:39.542000,SOFT,14.0,16.0,0 days 02:02:46.079000,,False,99.542,20.129999999999995,7366.079,34.73999999999978
BOT,44.0,0 days 00:01:22.115000,SOFT,15.0,16.0,0 days 02:04:08.194000,,False,82.115,-17.427000000000007,7448.194,34.01000000000022
BOT,45.0,0 days 00:01:19.104000,SOFT,16.0,16.0,0 days 02:05:27.298000,,False,79.104,-3.0109999999999957,7527.298,32.202000000000226
BOT,46.0,0 days 00:01:25.292000,SOFT,17.0,16.0,0 days 02:06:52.590000,,False,85.292,6.188000000000002,7612.59,37.152000000000044
BOT,47.0,0 days 00:01:20.282000,SOFT,18.0,16.0,0 days 02:08:12.872000,,False,80.282,-5.010000000000005,7692.872,36.146999999999935
BOT,48.0,0 days 00:01:18.670000,SOFT,19.0,16.0,0 days 02:09:31.542000,,False,78.67,-1.6119999999999948,7771.542,34.285000000000764
BOT,49.0,0 days 00:01:59.523000,SOFT,20.0,16.0,0 days 02:11:31.065000,0 days 02:11:01.607000,True,119.523,40.852999999999994,7891.065,56.92099999999937
BOT,50.0,0 days 00:01:39.569000,MEDIUM,1.0,16.0,0 days 02:13:10.634000,,False,99.569,-19.953999999999994,7990.634,50.8100000000004
BOT,51.0,0 days 00:01:21.586000,MEDIUM,2.0,16.0,0 days 02:14:32.220000,,False,81.586,-17.983000000000004,8072.22,50.3720000000003
BOT,52.0,0 days 00:01:22.701000,MEDIUM,3.0,16.0,0 days 02:15:54.921000,,False,82.701,1.1149999999999949,8154.921,52.228000000000065
BOT,53.0,0 days 00:01:21.685000,MEDIUM,4.0,16.0,0 days 02:17:16.606000,,False,81.685,-1.0159999999999911,8236.606,54.30400000000009
BOT,54.0,0 days 00:01:19.358000,MEDIUM,5.0,16.0,0 days 02:18:35.964000,,False,79.358,-2.326999999999998,8315.964,54.50200000000041
BOT,55.0,0 days 00:01:18.557000,MEDIUM,6.0,16.0,0 days 02:19:54.521000,,False,78.557,-0.8010000000000019,8394.521,52.913000000000466
BOT,56.0,0 days 00:01:21.066000,MEDIUM,7.0,16.0,0 days 02:21:15.587000,,False,81.066,2.5090000000000003,8475.587,51.4380000000001
BOT,57.0,0 days 00:01:18.281000,MEDIUM,8.0,16.0,0 days 02:22:33.868000,,False,78.281,-2.7849999999999966,8553.868,48.92200000000048
BOT,58.0,0 days 00:01:19.584000,MEDIUM,9.0,16.0,0 days 02:23:53.452000,,False,79.584,1.3029999999999973,8633.452,49.36999999999898
BOT,59.0,0 days 00:01:17.725000,MEDIUM,10.0,16.0,0 days 02:25:11.177000,,False,77.725,-1.8590000000000089,8711.177,48.21799999999894
BOT,60.0,0 days 00:01:18.083000,MEDIUM,11.0,16.0,0 days 02:26:29.260000,,False,78.083,0.3580000000000041,8789.26,46.88900000000103
BOT,61.0,0 days 00:01:18.111000,MEDIUM,12.0,16.0,0 days 02:27:47.371000,,False,78.111,0.028000000000005798,8867.371,45.987999999999374
BOT,62.0,0 days 00:01:18.251000,MEDIUM,13.0,16.0,0 days 02:29:05.622000,,False,78.251,0.14000000000000057,8945.622,44.80400000000009
BOT,63.0,0 days 00:01:18.005000,MEDIUM,14.0,16.0,0 days 02:30:23.627000,,False,78.005,-0.24600000000000932,9023.627,43.56000000000131
BOT,64.0,0 days 00:01:18.065000,MEDIUM,15.0,16.0,0 days 02:31:41.692000,,False,78.065,0.060000000000002274,9101.692,34.992999999998574
COL,1.0,0 days 00:01:32.675000,MEDIUM,1.0,8.0,0 days 01:04:05.219000,,False,92.675,,3845.219,1.1179999999999382
COL,2.0,0 days 00:01:22.225000,MEDIUM,2.0,7.0,0 days 01:05:27.444000,,False,82.225,-10.450000000000003,3927.444,2.6669999999999163
COL,3.0,0 days 00:01:20.994000,MEDIUM,3.0,7.0,0 days 01:06:48.438000,,False,80.994,-1.2309999999999945,4008.438,4.380000000000109
COL,4.0,0 days 00:01:20.043000,MEDIUM,4.0,7.0,0 days 01:08:08.481000,,False,80.043,-0.9509999999999934,4088.481,5.463000000000193
COL,5.0,0 days 00:01:18.976000,MEDIUM,5.0,7.0,0 days 01:09:27.457000,,False,78.976,-1.0670000000000073,4167.457,6.526000000000749
COL,6.0,0 days 00:01:18.865000,MEDIUM,6.0,7.0,0 days 01:10:46.322000,,False,78.865,-0.1110000000000042,4246.322,7.552999999999884
COL,7.0,0 days 00:01:18.543000,MEDIUM,7.0,7.0,0 days 01:12:04.865000,,False,78.543,-0.3219999999999885,4324.865,8.931999999999789
COL,8.0,0 days 00:01:18.287000,MEDIUM,8.0,7.0,0 days 01:13:23.152000,,False,78.287,-0.2560000000000002,4403.152,10.337000000000444
COL,9.0,0 days 00:01:18.308000,MEDIUM,9.0,7.0,0 days 01:14:41.460000,,False,78.308,0.021000000000000796,4481.46,11.747000000000298
COL,10.0,0 days 00:01:18.004000,MEDIUM,10.0,7.0,0 days 01:15:59.464000,,False,78.004,-0.30400000000000205,4559.464,13.389000000000124
COL,11.0,0 days 00:01:18.217000,MEDIUM,11.0,7.0,0 days 01:17:17.681000,,False,78.217,0.21299999999999386,4637.681,15.384000000000015
COL,12.0,0 days 00:01:17.702000,MEDIUM,12.0,7.0,0 days 01:18:35.383000,,False,77.702,-0.5150000000000006,4715.383,16.423999999999978
COL,13.0,0 days 00:01:18.329000,MEDIUM,13.0,7.0,0 days 01:19:53.712000,,False,78.329,0.6269999999999953,4793.712,17.69300000000021
COL,14.0,0 days 00:01:17.828000,MEDIUM,14.0,7.0,0 days 01:21:11.540000,,False,77.828,-0.5009999999999906,4871.54,18.05500000000029
COL,15.0,0 days 00:01:17.482000,MEDIUM,15.0,7.0,0 days 01:22:29.022000,,False,77.482,-0.34600000000000364,4949.022,18.695999999999913
COL,16.0,0 days 00:01:17.292000,MEDIUM,16.0,7.0,0 days 01:23:46.314000,,False,77.292,-0.18999999999999773,5026.314,19.451000000000022
COL,17.0,0 days 00:01:17.138000,MEDIUM,17.0,7.0,0 days 01:25:03.452000,,False,77.138,-0.15399999999999636,5103.452,20.090000000000146
COL,18.0,0 days 00:01:17.015000,MEDIUM,18.0,7.0,0 days 01:26:20.467000,,False,77.015,-0.12300000000000466,5180.467,20.372999999999593
COL,19.0,0 days 00:01:17.364000,MEDIUM,19.0,7.0,0 days 01:27:37.831000,,False,77.364,0.34900000000000375,5257.831,21.261999999999716
COL,20.0,0 days 00:01:17.018000,MEDIUM,20.0,7.0,0 days 01:28:54.849000,,False,77.018,-0.34600000000000364,5334.849,21.765000000000327
COL,21.0,0 days 00:01:16.863000,MEDIUM,21.0,7.0,0 days 01:30:11.712000,,False,76.863,-0.15500000000000114,5411.712,22.34600000000046
COL,22.0,0 days 00:01:17.135000,MEDIUM,22.0,7.0,0 days 01:31:28.847000,,False,77.135,0.27200000000000557,5488.847,23.15899999999965
COL,23.0,0 days 00:01:17.071000,MEDIUM,23.0,7.0,0 days 01:32:45.918000,,False,77.071,-0.06400000000000716,5565.918,24.054000000000087
COL,24.0,0 days 00:01:16.828000,MEDIUM,24.0,7.0,0 days 01:34:02.746000,,False,76.828,-0.242999999999995,5642.746,24.454999999999927
COL,25.0,0 days 00:01:17.086000,MEDIUM,25.0,7.0,0 days 01:35:19.832000,,False,77.086,0.25799999999999557,5719.832,24.981000000000677
COL,26.0,0 days 00:01:17.102000,MEDIUM,26.0,7.0,0 days 01:36:36.934000,,False,77.102,0.016000000000005343,5796.934,25.93000000000029
COL,27.0,0 days 00:01:17.474000,MEDIUM,27.0,7.0,0 days 01:37:54.408000,,False,77.474,0.3719999999999999,5874.408,27.08600000000024
COL,28.0,0 days 00:01:17.065000,MEDIUM,28.0,7.0,0 days 01:39:11.473000,,False,77.065,-0.409000000000006,5951.473,27.521999999999935
COL,29.0,0 days 00:01:16.705000,MEDIUM,29.0,7.0,0 days 01:40:28.178000,,False,76.705,-0.35999999999999943,6028.178,27.134000000000015
COL,30.0,0 days 00:01:48.947000,MEDIUM,30.0,6.0,0 days 01:42:17.125000,0 days 01:41:53.114000,True,108.947,32.242000000000004,6137.125,53.76299999999992
COL,31.0,0 days 00:01:45.337000,HARD,1.0,6.0,0 days 01:44:02.462000,,False,105.337,-3.6099999999999994,6242.462,38.76600000000053
COL,32.0,0 days 00:01:26.513000,HARD,2.0,6.0,0 days 01:45:28.975000,,False,86.513,-18.823999999999998,6328.975,29.85900000000038
COL,33.0,0 days 00:01:18.797000,HARD,3.0,6.0,0 days 01:46:47.772000,,False,78.797,-7.716000000000008,6407.772,31.037000000000262
COL,34.0,0 days 00:01:17.822000,HARD,4.0,6.0,0 days 01:48:05.594000,,False,77.822,-0.9749999999999943,6485.594,31.806000000000495
COL,35.0,0 days 00:01:17.335000,HARD,5.0,6.0,0 days 01:49:22.929000,,False,77.335,-0.487000000000009,6562.929,32.89000000000033
COL,36.0,0 days 00:01:17.239000,HARD,6.0,6.0,0 days 01:50:40.168000,,False,77.239,-0.09599999999998943,6640.168,33.9399999999996
COL,37.0,0 days 00:01:16.672000,HARD,7.0,6.0,0 days 01:51:56.840000,,False,76.672,-0.5670000000000073,6716.84,35.31500000000051
COL,38.0,0 days 00:01:16.546000,HARD,8.0,6.0,0 days 01:53:13.386000,,False,76.546,-0.12599999999999056,6793.386,36.4970000000003
COL,39.0,0 days 00:01:16.679000,HARD,9.0,6.0,0 days 01:54:30.065000,,False,76.679,0.13299999999999557,6870.065,36.86799999999948
COL,40.0,0 days 00:01:16.879000,HARD,10.0,6.0,0 days 01:55:46.944000,,False,76.879,0.20000000000000284,6946.944,37.499000000000706
COL,41.0,0 days 00:01:16.790000,HARD,11.0,6.0,0 days 01:57:03.734000,,False,76.79,-0.08899999999999864,7023.734,38.67399999999998
COL,42.0,0 days 00:01:16.618000,HARD,12.0,6.0,0 days 01:58:20.352000,,False,76.618,-0.17200000000001125,7100.352,39.51099999999951
COL,43.0,0 days 00:01:16.926000,HARD,13.0,6.0,0 days 01:59:37.278000,,False,76.926,0.30800000000000693,7177.278,40.97400000000016
COL,44.0,0 days 00:01:16.249000,HARD,14.0,6.0,0 days 02:00:53.527000,,False,76.249,-0.6770000000000067,7253.527,41.47400000000016
COL,45.0,0 days 00:01:30.323000,HARD,15.0,6.0,0 days 02:02:23.850000,,False,90.323,14.073999999999998,7343.85,56.436000000000604
COL,46.0,0 days 00:01:19.597000,HARD,16.0,6.0,0 days 02:03:43.447000,,False,79.597,-10.725999999999999,7423.447,44.93299999999999
COL,47.0,0 days 00:01:16.621000,HARD,17.0,6.0,0 days 02:05:00.068000,,False,76.621,-2.975999999999999,7500.068,44.66600000000017
COL,48.0,0 days 00:01:16.610000,HARD,18.0,6.0,0 days 02:06:16.678000,,False,76.61,-0.01099999999999568,7576.678,45.70100000000002
COL,49.0,0 days 00:01:16.537000,HARD,19.0,6.0,0 days 02:07:33.215000,,False,76.537,-0.07299999999999329,7653.215,46.56500000000051
COL,50.0,0 days 00:01:16.310000,HARD,20.0,6.0,0 days 02:08:49.525000,,False,76.31,-0.22700000000000387,7729.525,47.30899999999929
COL,51.0,0 days 00:01:16.253000,HARD,21.0,6.0,0 days 02:10:05.778000,,False,76.253,-0.05700000000000216,7805.778,48.051000000000386
COL,52.0,0 days 00:01:42.944000,HARD,22.0,6.0,0 days 02:11:48.722000,,False,102.944,26.691000000000003,7908.722,40.685999999999694
COL,53.0,0 days 00:01:27.366000,HARD,23.0,6.0,0 days 02:13:16.088000,,False,87.366,-15.578000000000003,7996.088,30.371000000000095
COL,54.0,0 days 00:01:17.677000,HARD,24.0,6.0,0 days 02:14:33.765000,,False,77.677,-9.688999999999993,8073.765,30.423999999999978
COL,55.0,0 days 00:01:16.809000,HARD,25.0,6.0,0 days 02:15:50.574000,,False,76.809,-0.8680000000000092,8150.574,31.237999999999374
COL,56.0,0 days 00:01:17.930000,HARD,26.0,6.0,0 days 02:17:08.504000,,False,77.93,1.1210000000000093,8228.504,34.00500000000102
COL,57.0,0 days 00:01:16.511000,HARD,27.0,6.0,0 days 02:18:25.015000,,False,76.511,-1.4190000000000111,8305.015,35.5059999999994
COL,58.0,0 days 00:01:16.368000,HARD,28.0,6.0,0 days 02:19:41.383000,,False,76.368,-0.14300000000000068,8381.383,37.115999999999985
COL,59.0,0 days 00:01:16.087000,HARD,29.0,6.0,0 days 02:20:57.470000,,False,76.087,-0.2809999999999917,8457.47,37.9479999999985
COL,60.0,0 days 00:01:16.190000,HARD,30.0,6.0,0 days 02:22:13.660000,,False,76.19,0.10299999999999443,8533.66,39.1299999999992
COL,61.0,0 days 00:01:18.473000,HARD,31.0,6.0,0 days 02:23:32.133000,,False,78.473,2.2830000000000013,8612.133,42.55400000000009
COL,62.0,0 days 00:01:15.765000,HARD,32.0,6.0,0 days 02:24:47.898000,,False,75.765,-2.7079999999999984,8687.898,15.322999999998501
COL,63.0,0 days 00:01:16.286000,HARD,33.0,6.0,0 days 02:26:04.184000,,False,76.286,0.5210000000000008,8764.184,12.065999999998894
COL,64.0,0 days 00:01:16.045000,HARD,34.0,6.0,0 days 02:27:20.229000,,False,76.045,-0.24099999999999966,8840.229,12.711999999999534
COL,65.0,0 days 00:01:15.980000,HARD,35.0,6.0,0 days 02:28:36.209000,,False,75.98,-0.06499999999999773,8916.209,13.682000000000698
COL,66.0,0 days 00:01:16.141000,HARD,36.0,6.0,0 days 02:29:52.350000,,False,76.141,0.16100000000000136,8992.35,13.593000000000757
COL,67.0,0 days 00:01:15.462000,HARD,37.0,6.0,0 days 02:31:07.812000,,False,75.462,-0.679000000000002,9067.812,14.477000000000771
GAS,1.0,0 days 00:01:35.442000,MEDIUM,1.0,12.0,0 days 01:04:07.986000,,False,95.442,,3847.986,0.1479999999996835
GAS,2.0,0 days 00:01:26.222000,MEDIUM,2.0,11.0,0 days 01:05:34.208000,,False,86.222,-9.219999999999999,3934.208,1.8299999999999272
GAS,3.0,0 days 00:01:20.561000,MEDIUM,3.0,11.0,0 days 01:06:54.769000,,False,80.561,-5.660999999999987,4014.769,0.806999999999789
GAS,4.0,0 days 00:01:20.937000,MEDIUM,4.0,11.0,0 days 01:08:15.706000,,False,80.937,0.37599999999999056,4095.706,0.11200000000008004
GAS,5.0,0 days 00:01:20.946000,MEDIUM,5.0,11.0,0 days 01:09:36.652000,,False,80.946,0.009000000000000341,4176.652,0.6769999999996799
GAS,6.0,0 days 00:01:19.779000,MEDIUM,6.0,10.0,0 days 01:10:56.431000,,False,79.779,-1.1670000000000016,4256.431,2.0229999999992287
GAS,7.0,0 days 00:01:19.013000,MEDIUM,7.0,10.0,0 days 01:12:15.444000,,False,79.013,-0.7659999999999911,4335.444,1.4060000000008586
GAS,8.0,0 days 00:01:18.469000,MEDIUM,8.0,10.0,0 days 01:13:33.913000,,False,78.469,-0.5440000000000111,4413.913,0.9849999999996726
GAS,9.0,0 days 00:01:17.916000,MEDIUM,9.0,10.0,0 days 01:14:51.829000,,False,77.916,-0.5529999999999973,4491.829,0.8079999999999927
GAS,10.0,0 days 00:01:17.790000,MEDIUM,10.0,10.0,0 days 01:16:09.619000,,False,77.79,-0.12599999999999056,4569.619,0.668999999999869
GAS,11.0,0 days 00:01:18.575000,MEDIUM,11.0,10.0,0 days 01:17:28.194000,,False,78.575,0.7849999999999966,4648.194,0.13300000000072032
GAS,12.0,0 days 00:01:19.019000,MEDIUM,12.0,10.0,0 days 01:18:47.213000,,False,79.019,0.4440000000000026,4727.213,2.2839999999996508
GAS,13.0,0 days 00:01:19.232000,MEDIUM,13.0,10.0,0 days 01:20:06.445000,,False,79.232,0.21299999999999386,4806.445,3.8359999999993306
GAS,14.0,0 days 00:01:18.013000,MEDIUM,14.0,10.0,0 days 01:21:24.458000,,False,78.013,-1.218999999999994,4884.458,5.0479999999997744
GAS,15.0,0 days 00:01:17.595000,MEDIUM,15.0,9.0,0 days 01:22:42.053000,,False,77.595,-0.41800000000000637,4962.053,8.787000000000262
GAS,16.0,0 days 00:01:17.569000,MEDIUM,16.0,9.0,0 days 01:23:59.622000,,False,77.569,-0.02599999999999625,5039.622,8.555000000000291
GAS,17.0,0 days 00:01:17.633000,MEDIUM,17.0,9.0,0 days 01:25:17.255000,,False,77.633,0.06399999999999295,5117.255,8.608000000000175
GAS,18.0,0 days 00:01:17.456000,MEDIUM,18.0,9.0,0 days 01:26:34.711000,,False,77.456,-0.1769999999999925,5194.711,8.515000000000327
GAS,19.0,0 days 00:01:17.419000,MEDIUM,19.0,9.0,0 days 01:27:52.130000,,False,77.419,-0.03700000000000614,5272.13,8.381000000000313
GAS,20.0,0 days 00:01:17.507000,MEDIUM,20.0,9.0,0 days 01:29:09.637000,,False,77.507,0.08800000000000807,5349.637,8.011999999999716
GAS,21.0,0 days 00:01:17.774000,MEDIUM,21.0,9.0,0 days 01:30:27.411000,,False,77.774,0.2669999999999959,5427.411,7.944000000000415
GAS,22.0,0 days 00:01:17.432000,MEDIUM,22.0,9.0,0 days 01:31:44.843000,,False,77.432,-0.34199999999999875,5504.843,7.891999999999825
GAS,23.0,0 days 00:01:18.091000,MEDIUM,23.0,9.0,0 days 01:33:02.934000,,False,78.091,0.6589999999999918,5582.934,8.355000000000473
GAS,24.0,0 days 00:01:17.292000,MEDIUM,24.0,9.0,0 days 01:34:20.226000,,False,77.292,-0.7989999999999924,5660.226,8.183999999999287
GAS,25.0,0 days 00:01:17.319000,MEDIUM,25.0,9.0,0 days 01:35:37.545000,,False,77.319,0.027000000000001023,5737.545,7.75
GAS,26.0,0 days 00:01:17.098000,MEDIUM,26.0,9.0,0 days 01:36:54.643000,,False,77.098,-0.22100000000000364,5814.643,7.279000000000451
GAS,27.0,0 days 00:01:17.050000,MEDIUM,27.0,9.0,0 days 01:38:11.693000,,False,77.05,-0.04800000000000182,5891.693,6.945999999999913
GAS,28.0,0 days 00:01:16.981000,MEDIUM,28.0,9.0,0 days 01:39:28.674000,,False,76.981,-0.06900000000000261,5968.674,6.394000000000233
GAS,29.0,0 days 00:01:16.867000,MEDIUM,29.0,9.0,0 days 01:40:45.541000,,False,76.867,-0.11399999999999011,6045.541,5.996000000000095
GAS,30.0,0 days 00:01:52.733000,MEDIUM,30.0,8.0,0 days 01:42:38.274000,0 days 01:42:14.245000,True,112.733,35.866,6158.274,7.411000000000058
GAS,31.0,0 days 00:01:44.736000,HARD,1.0,8.0,0 days 01:44:23.010000,,False,104.736,-7.997,6263.01,3.9149999999999636
GAS,32.0,0 days 00:01:20.704000,HARD,2.0,8.0,0 days 01:45:43.714000,,False,80.704,-24.03200000000001,6343.714,3.3710000000000946
GAS,33.0,0 days 00:01:18.117000,HARD,3.0,8.0,0 days 01:47:01.831000,,False,78.117,-2.586999999999989,6421.831,3.055000000000291
GAS,34.0,0 days 00:01:17.469000,HARD,4.0,8.0,0 days 01:48:19.300000,,False,77.469,-0.6480000000000103,6499.3,2.3469999999997526
GAS,35.0,0 days 00:01:17.389000,HARD,5.0,8.0,0 days 01:49:36.689000,,False,77.389,-0.0799999999999983,6576.689,2.3659999999999854
GAS,36.0,0 days 00:01:17.233000,HARD,6.0,9.0,0 days 01:50:53.922000,,False,77.233,-0.1559999999999917,6653.922,0.5319999999992433
GAS,37.0,0 days 00:01:16.922000,HARD,7.0,9.0,0 days 01:52:10.844000,,False,76.922,-0.31100000000000705,6730.844,1.0929999999998472
GAS,38.0,0 days 00:01:18.909000,HARD,8.0,9.0,0 days 01:53:29.753000,,False,78.909,1.987000000000009,6809.753,3.9879999999993743
GAS,39.0,0 days 00:01:16.835000,HARD,9.0,8.0,0 days 01:54:46.588000,,False,76.835,-2.0740000000000123,6886.588,4.261999999999716
GAS,40.0,0 days 00:01:16.585000,HARD,10.0,8.0,0 days 01:56:03.173000,,False,76.585,-0.25,6963.173,3.375
GAS,41.0,0 days 00:01:16.395000,HARD,11.0,8.0,0 days 01:57:19.568000,,False,76.395,-0.18999999999999773,7039.568,2.761000000000422
GAS,42.0,0 days 00:01:16.245000,HARD,12.0,8.0,0 days 01:58:35.813000,,False,76.245,-0.14999999999999147,7115.813,2.2880000000004657
GAS,43.0,0 days 00:01:16.219000,HARD,13.0,8.0,0 days 01:59:52.032000,,False,76.219,-0.02600000000001046,7192.032,1.9090000000005602
GAS,44.0,0 days 00:01:17.859000,HARD,14.0,8.0,0 days 02:01:09.891000,,False,77.859,1.6400000000000006,7269.891,3.081999999999425
GAS,45.0,0 days 00:01:33.480000,HARD,15.0,8.0,0 days 02:02:43.371000,,False,93.48,15.62100000000001,7363.371,3.0020000000004075
GAS,46.0,0 days 00:01:16.888000,HARD,16.0,8.0,0 days 02:04:00.259000,,False,76.888,-16.592,7440.259,1.5510000000003856
GAS,47.0,0 days 00:01:18.366000,HARD,17.0,8.0,0 days 02:05:18.625000,,False,78.366,1.4779999999999944,7518.625,3.032000000000153
GAS,48.0,0 days 00:01:17.589000,HARD,18.0,8.0,0 days 02:06:36.214000,,False,77.589,-0.777000000000001,7596.214,3.768000000000029
GAS,49.0,0 days 00:01:16.686000,HARD,19.0,8.0,0 days 02:07:52.900000,,False,76.686,-0.9029999999999916,7672.9,1.2579999999998108
GAS,50.0,0 days 00:01:16.065000,HARD,20.0,8.0,0 days 02:09:08.965000,,False,76.065,-0.6210000000000093,7748.965,1.1770000000005894
GAS,51.0,0 days 00:01:21.545000,HARD,21.0,8.0,0 days 02:10:30.510000,,False,81.545,5.480000000000004,7830.51,0.8960000000006403
GAS,52.0,0 days 00:01:43.810000,HARD,22.0,8.0,0 days 02:12:14.320000,,False,103.81,22.265,7934.32,2.056999999999789
GAS,53.0,0 days 00:01:21.624000,HARD,23.0,8.0,0 days 02:13:35.944000,,False,81.624,-22.186000000000007,8015.944,1.061000000000604
GAS,54.0,0 days 00:01:16.366000,HARD,24.0,8.0,0 days 02:14:52.310000,,False,76.366,-5.257999999999996,8092.31,1.0960000000004584
GAS,55.0,0 days 00:01:15.863000,HARD,25.0,8.0,0 days 02:16:08.173000,,False,75.863,-0.5030000000000001,8168.173,0.8789999999999054
GAS,56.0,0 days 00:01:15.861000,HARD,26.0,8.0,0 days 02:17:24.034000,,False,75.861,-0.001999999999995339,8244.034,0.7999999999992724
GAS,57.0,0 days 00:01:15.785000,HARD,27.0,8.0,0 days 02:18:39.819000,,False,75.785,-0.07600000000000762,8319.819,0.7789999999986321
GAS,58.0,0 days 00:01:15.983000,HARD,28.0,8.0,0 days 02:19:55.802000,,False,75.983,0.1980000000000075,8395.802,0.6589999999996508
GAS,59.0,0 days 00:01:15.752000,HARD,29.0,8.0,0 days 02:21:11.554000,,False,75.752,-0.23100000000000875,8471.554,0.8070000000006985
GAS,60.0,0 days 00:01:15.927000,HARD,30.0,8.0,0 days 02:22:27.481000,,False,75.927,0.17500000000001137,8547.481,0.5820000000003347
GAS,61.0,0 days 00:01:15.895000,HARD,31.0,8.0,0 days 02:23:43.376000,,False,75.895,-0.03200000000001069,8623.376,0.4960000000010041
GAS,62.0,0 days 00:01:16.121000,HARD,32.0,8.0,0 days 02:24:59.497000,,False,76.121,0.2259999999999991,8699.497,0.5999999999985448
GAS,63.0,0 days 00:01:15.821000,HARD,33.0,8.0,0 days 02:26:15.318000,,False,75.821,-0.29999999999999716,8775.318,0.3649999999997817
GAS,64.0,0 days 00:01:16.853000,HARD,34.0,8.0,0 days 02:27:32.171000,,False,76.853,1.0319999999999965,8852.171,0.363999999999578
GAS,65.0,0 days 00:01:18.473000,HARD,35.0,8.0,0 days 02:28:50.644000,,False,78.473,1.6200000000000045,8930.644,0.9750000000003638
GAS,66.0,0 days 00:01:16.840000,HARD,36.0,8.0,0 days 02:30:07.484000,,False,76.84,-1.6329999999999956,9007.484,1.3739999999997963
GAS,67.0,0 days 00:01:15.390000,HARD,37.0,8.0,0 days 02:31:22.874000,,False,75.39,-1.4500000000000028,9082.874,0.33699999999953434
HAD,1.0,0 days 00:01:31.557000,SOFT,5.0,7.0,0 days 01:04:04.101000,,False,91.557,,3844.101,1.1040000000002692
HAD,2.0,0 days 00:01:20.676000,SOFT,6.0,6.0,0 days 01:05:24.777000,,False,80.676,-10.881,3924.777,1.4290000000000873
HAD,3.0,0 days 00:01:19.281000,SOFT,7.0,6.0,0 days 01:06:44.058000,,False,79.281,-1.394999999999996,4004.058,1.1860000000001492
HAD,4.0,0 days 00:01:18.960000,SOFT,8.0,6.0,0 days 01:08:03.018000,,False,78.96,-0.32100000000001216,4083.018,1.5100000000002183
HAD,5.0,0 days 00:01:17.913000,SOFT,9.0,6.0,0 days 01:09:20.931000,,False,77.913,-1.046999999999997,4160.931,1.6149999999997817
HAD,6.0,0 days 00:01:17.838000,SOFT,10.0,6.0,0 days 01:10:38.769000,,False,77.838,-0.07500000000000284,4238.769,2.1090000000003783
HAD,7.0,0 days 00:01:17.164000,SOFT,11.0,6.0,0 days 01:11:55.933000,,False,77.164,-0.6739999999999924,4315.933,2.082999999999629
HAD,8.0,0 days 00:01:16.882000,SOFT,12.0,6.0,0 days 01:13:12.815000,,False,76.882,-0.2819999999999965,4392.815,2.326000000000022
HAD,9.0,0 days 00:01:16.898000,SOFT,13.0,6.0,0 days 01:14:29.713000,,False,76.898,0.015999999999991132,4469.713,2.744999999999891
HAD,10.0,0 days 00:01:16.362000,SOFT,14.0,6.0,0 days 01:15:46.075000,,False,76.362,-0.5360000000000014,4546.075,2.63799999999992
HAD,11.0,0 days 00:01:16.222000,SOFT,15.0,6.0,0 days 01:17:02.297000,,False,76.222,-0.14000000000000057,4622.297,2.632999999999811
HAD,12.0,0 days 00:01:16.662000,SOFT,16.0,6.0,0 days 01:18:18.959000,,False,76.662,0.44000000000001194,4698.959,3.0770000000002256
HAD,13.0,0 days 00:01:17.060000,SOFT,17.0,6.0,0 days 01:19:36.019000,,False,77.06,0.39799999999999613,4776.019,3.3079999999999927
HAD,14.0,0 days 00:01:17.466000,SOFT,18.0,6.0,0 days 01:20:53.485000,,False,77.466,0.4059999999999917,4853.485,0.5720000000001164
HAD,15.0,0 days 00:01:16.841000,SOFT,19.0,6.0,0 days 01:22:10.326000,,False,76.841,-0.625,4930.326,0.6559999999999491
HAD,16.0,0 days 00:01:16.537000,SOFT,20.0,6.0,0 days 01:23:26.863000,,False,76.537,-0.30399999999998784,5006.863,0.6100000000005821
HAD,17.0,0 days 00:01:16.499000,SOFT,21.0,6.0,0 days 01:24:43.362000,,False,76.499,-0.038000000000010914,5083.362,0.5560000000004948
HAD,18.0,0 days 00:01:16.732000,SOFT,22.0,6.0,0 days 01:26:00.094000,,False,76.732,0.2330000000000041,5160.094,0.7030000000004293
HAD,19.0,0 days 00:01:16.475000,SOFT,23.0,6.0,0 days 01:27:16.569000,,False,76.475,-0.257000000000005,5236.569,0.8280000000004293
HAD,20.0,0 days 00:01:16.515000,SOFT,24.0,6.0,0 days 01:28:33.084000,,False,76.515,0.04000000000000625,5313.084,1.0630000000001019
HAD,21.0,0 days 00:01:16.282000,SOFT,25.0,6.0,0 days 01:29:49.366000,,False,76.282,-0.2330000000000041,5389.366,1.081000000000131
HAD,22.0,0 days 00:01:16.322000,SOFT,26.0,6.0,0 days 01:31:05.688000,,False,76.322,0.04000000000000625,5465.688,1.3119999999998981
HAD,23.0,0 days 00:01:16.176000,SOFT,27.0,6.0,0 days 01:32:21.864000,,False,76.176,-0.1460000000000008,5541.864,1.2089999999998327
HAD,24.0,0 days 00:01:16.427000,SOFT,28.0,6.0,0 days 01:33:38.291000,,False,76.427,0.2510000000000048,5618.291,1.5399999999999636
HAD,25.0,0 days 00:01:16.560000,SOFT,29.0,6.0,0 days 01:34:54.851000,,False,76.56,0.13299999999999557,5694.851,1.8539999999993597
HAD,26.0,0 days 00:01:16.153000,SOFT,30.0,6.0,0 days 01:36:11.004000,,False,76.153,-0.4069999999999965,5771.004,1.7280000000000655
HAD,27.0,0 days 00:01:16.318000,SOFT,31.0,6.0,0 days 01:37:27.322000,,False,76.318,0.16499999999999204,5847.322,1.956000000000131
HAD,28.0,0 days 00:01:16.629000,SOFT,32.0,6.0,0 days 01:38:43.951000,,False,76.629,0.31100000000000705,5923.951,2.1239999999997963
HAD,29.0,0 days 00:01:17.093000,SOFT,33.0,6.0,0 days 01:40:01.044000,,False,77.093,0.46399999999999864,6001.044,2.9210000000002765
HAD,30.0,0 days 00:01:22.318000,SOFT,34.0,5.0,0 days 01:41:23.362000,,False,82.318,5.224999999999994,6083.362,5.15099999999984
HAD,31.0,0 days 00:01:57.518000,SOFT,35.0,4.0,0 days 01:43:20.880000,0 days 01:42:57.689000,True,117.518,35.2,6200.88,3.118999999999687
HAD,32.0,0 days 00:01:36.382000,MEDIUM,1.0,4.0,0 days 01:44:57.262000,,False,96.382,-21.135999999999996,6297.262,3.0900000000001455
HAD,33.0,0 days 00:01:18.694000,MEDIUM,2.0,4.0,0 days 01:46:15.956000,,False,78.694,-17.688000000000002,6375.956,3.8090000000001965
HAD,34.0,0 days 00:01:17.350000,MEDIUM,3.0,4.0,0 days 01:47:33.306000,,False,77.35,-1.3440000000000083,6453.306,4.660999999999149
HAD,35.0,0 days 00:01:16.482000,MEDIUM,4.0,4.0,0 days 01:48:49.788000,,False,76.482,-0.867999999999995,6529.788,5.370999999999185
HAD,36.0,0 days 00:01:16.026000,MEDIUM,5.0,4.0,0 days 01:50:05.814000,,False,76.026,-0.45600000000000307,6605.814,5.747000000000298
HAD,37.0,0 days 00:01:15.459000,MEDIUM,6.0,4.0,0 days 01:51:21.273000,,False,75.459,-0.5669999999999931,6681.273,5.9210000000002765
HAD,38.0,0 days 00:01:15.412000,MEDIUM,7.0,4.0,0 days 01:52:36.685000,,False,75.412,-0.046999999999997044,6756.685,5.780000000000655
HAD,39.0,0 days 00:01:16.512000,MEDIUM,8.0,5.0,0 days 01:53:53.197000,,False,76.512,1.0999999999999943,6833.197,0.4970000000002983
HAD,40.0,0 days 00:01:16.248000,MEDIUM,9.0,5.0,0 days 01:55:09.445000,,False,76.248,-0.2639999999999958,6909.445,1.1369999999997162
HAD,41.0,0 days 00:01:15.615000,MEDIUM,10.0,5.0,0 days 01:56:25.060000,,False,75.615,-0.6330000000000098,6985.06,1.1400000000003274
HAD,42.0,0 days 00:01:15.781000,MEDIUM,11.0,5.0,0 days 01:57:40.841000,,False,75.781,0.16600000000001103,7060.841,1.2590000000000146
HAD,43.0,0 days 00:01:15.463000,MEDIUM,12.0,5.0,0 days 01:58:56.304000,,False,75.463,-0.31800000000001205,7136.304,1.2020000000002256
HAD,44.0,0 days 00:01:15.749000,MEDIUM,13.0,5.0,0 days 02:00:12.053000,,False,75.749,0.28600000000000136,7212.053,1.5820000000003347
HAD,45.0,0 days 00:01:15.361000,MEDIUM,14.0,5.0,0 days 02:01:27.414000,,False,75.361,-0.387999999999991,7287.414,1.5630000000001019
HAD,46.0,0 days 00:01:31.100000,MEDIUM,15.0,5.0,0 days 02:02:58.514000,,False,91.1,15.73899999999999,7378.514,0.8680000000003929
HAD,47.0,0 days 00:01:16.888000,MEDIUM,16.0,5.0,0 days 02:04:15.402000,,False,76.888,-14.211999999999989,7455.402,2.395999999999731
HAD,48.0,0 days 00:01:15.575000,MEDIUM,17.0,5.0,0 days 02:05:30.977000,,False,75.575,-1.3130000000000024,7530.977,2.3679999999994834
HAD,49.0,0 days 00:01:15.673000,MEDIUM,18.0,5.0,0 days 02:06:46.650000,,False,75.673,0.09799999999999898,7606.65,2.342999999999847
HAD,50.0,0 days 00:01:15.566000,MEDIUM,19.0,5.0,0 days 02:08:02.216000,,False,75.566,-0.10699999999999932,7682.216,2.4760000000005675
HAD,51.0,0 days 00:01:15.511000,MEDIUM,20.0,5.0,0 days 02:09:17.727000,,False,75.511,-0.05500000000000682,7757.727,0.8670000000001892
HAD,52.0,0 days 00:01:50.309000,MEDIUM,21.0,5.0,0 days 02:11:08.036000,0 days 02:10:34.905000,True,110.309,34.798,7868.036,27.939000000000306
HAD,53.0,0 days 00:01:37.681000,SOFT,5.0,5.0,0 days 02:12:45.717000,,False,97.681,-12.628,7965.717,18.353000000000065
HAD,54.0,0 days 00:01:17.624000,SOFT,6.0,5.0,0 days 02:14:03.341000,,False,77.624,-20.057000000000002,8043.341,18.0600000000004
HAD,55.0,0 days 00:01:15.995000,SOFT,7.0,5.0,0 days 02:15:19.336000,,False,75.995,-1.6289999999999907,8119.336,17.445999999999913
HAD,56.0,0 days 00:01:15.163000,SOFT,8.0,5.0,0 days 02:16:34.499000,,False,75.163,-0.8320000000000078,8194.499,16.636999999999716
HAD,57.0,0 days 00:01:15.010000,SOFT,9.0,5.0,0 days 02:17:49.509000,,False,75.01,-0.1529999999999916,8269.509,15.772000000000844
HAD,58.0,0 days 00:01:14.758000,SOFT,10.0,5.0,0 days 02:19:04.267000,,False,74.758,-0.25200000000000955,8344.267,14.55999999999949
HAD,59.0,0 days 00:01:15.255000,SOFT,11.0,5.0,0 days 02:20:19.522000,,False,75.255,0.4969999999999999,8419.522,13.834000000000742
HAD,60.0,0 days 00:01:15.008000,SOFT,12.0,5.0,0 days 02:21:34.530000,,False,75.008,-0.2469999999999999,8494.53,13.29200000000128
HAD,61.0,0 days 00:01:15.049000,SOFT,13.0,5.0,0 days 02:22:49.579000,,False,75.049,0.04100000000001103,8569.579,12.943999999999505
HAD,62.0,0 days 00:01:42.996000,SOFT,14.0,5.0,0 days 02:24:32.575000,0 days 02:23:59.361000,True,102.996,27.94699999999999,8672.575,40.365999999999985
HAD,63.0,0 days 00:01:19.543000,SOFT,15.0,5.0,0 days 02:25:52.118000,,False,79.543,-23.45299999999999,8752.118,43.99200000000019
HAD,64.0,0 days 00:01:15.399000,SOFT,16.0,5.0,0 days 02:27:07.517000,,False,75.399,-4.1440000000000055,8827.517,42.73999999999978
HAD,65.0,0 days 00:01:15.010000,SOFT,17.0,5.0,0 days 02:28:22.527000,,False,75.01,-0.3889999999999958,8902.527,41.27800000000025
HAD,66.0,0 days 00:01:16.230000,SOFT,18.0,5.0,0 days 02:29:38.757000,,False,76.23,1.2199999999999989,8978.757,40.297999999998865
HAD,67.0,0 days 00:01:14.578000,SOFT,19.0,5.0,0 days 02:30:53.335000,,False,74.578,-1.652000000000001,9053.335,38.40799999999945
HAM,1.0,0 days 00:01:28.522000,SOFT,4.0,4.0,0 days 01:04:01.066000,,False,88.522,,3841.066,0.556999999999789
HAM,2.0,0 days 00:01:20.670000,SOFT,5.0,3.0,0 days 01:05:21.736000,,False,80.67,-7.852000000000004,3921.736,0.30199999999967986
HAM,3.0,0 days 00:01:19.708000,SOFT,6.0,3.0,0 days 01:06:41.444000,,False,79.708,-0.9620000000000033,4001.444,0.5900000000001455
HAM,4.0,0 days 00:01:17.993000,SOFT,7.0,3.0,0 days 01:07:59.437000,,False,77.993,-1.7150000000000034,4079.437,0.63799999999992
HAM,5.0,0 days 00:01:17.455000,SOFT,8.0,3.0,0 days 01:09:16.892000,,False,77.455,-0.5379999999999967,4156.892,1.0590000000001965
HAM,6.0,0 days 00:01:17.014000,SOFT,9.0,3.0,0 days 01:10:33.906000,,False,77.014,-0.4410000000000025,4233.906,0.8590000000003783
HAM,7.0,0 days 00:01:16.982000,SOFT,10.0,3.0,0 days 01:11:50.888000,,False,76.982,-0.031999999999996476,4310.888,0.9679999999998472
HAM,8.0,0 days 00:01:16.661000,SOFT,11.0,3.0,0 days 01:13:07.549000,,False,76.661,-0.32099999999999795,4387.549,1.5820000000003347
HAM,9.0,0 days 00:01:17.920000,SOFT,12.0,4.0,0 days 01:14:25.469000,,False,77.92,1.2590000000000003,4465.469,0.7929999999996653
HAM,10.0,0 days 00:01:16.420000,SOFT,13.0,4.0,0 days 01:15:41.889000,,False,76.42,-1.5,4541.889,0.7539999999999054
HAM,11.0,0 days 00:01:16.463000,SOFT,14.0,4.0,0 days 01:16:58.352000,,False,76.463,0.042999999999992156,4618.352,0.7200000000002547
HAM,12.0,0 days 00:01:16.227000,SOFT,15.0,4.0,0 days 01:18:14.579000,,False,76.227,-0.23599999999999,4694.579,0.5949999999993452
HAM,13.0,0 days 00:01:16.482000,SOFT,16.0,4.0,0 days 01:19:31.061000,,False,76.482,0.25499999999999545,4771.061,0.5450000000000728
HAM,14.0,0 days 00:01:16.398000,SOFT,17.0,4.0,0 days 01:20:47.459000,,False,76.398,-0.08400000000000318,4847.459,0.5709999999999127
HAM,15.0,0 days 00:01:16.259000,SOFT,18.0,4.0,0 days 01:22:03.718000,,False,76.259,-0.1389999999999958,4923.718,0.6559999999999491
HAM,16.0,0 days 00:01:16.007000,SOFT,19.0,4.0,0 days 01:23:19.725000,,False,76.007,-0.25199999999999534,4999.725,0.5309999999999491
HAM,17.0,0 days 00:01:16.068000,SOFT,20.0,4.0,0 days 01:24:35.793000,,False,76.068,0.06099999999999284,5075.793,0.5109999999995125
HAM,18.0,0 days 00:01:16.171000,SOFT,21.0,4.0,0 days 01:25:51.964000,,False,76.171,0.10300000000000864,5151.964,0.6760000000003856
HAM,19.0,0 days 00:01:16.064000,SOFT,22.0,4.0,0 days 01:27:08.028000,,False,76.064,-0.10700000000001353,5228.028,0.5370000000002619
HAM,20.0,0 days 00:01:15.961000,SOFT,23.0,4.0,0 days 01:28:23.989000,,False,75.961,-0.10299999999999443,5303.989,0.3179999999993015
HAM,21.0,0 days 00:01:16.853000,SOFT,24.0,4.0,0 days 01:29:40.842000,,False,76.853,0.8919999999999959,5380.842,0.42699999999967986
HAM,22.0,0 days 00:01:20.199000,SOFT,25.0,4.0,0 days 01:31:01.041000,,False,80.199,3.3460000000000036,5461.041,4.78899999999976
HAM,23.0,0 days 00:01:16.484000,SOFT,26.0,4.0,0 days 01:32:17.525000,,False,76.484,-3.7150000000000034,5537.525,5.0109999999995125
HAM,24.0,0 days 00:01:16.503000,SOFT,27.0,4.0,0 days 01:33:34.028000,,False,76.503,0.019000000000005457,5614.028,4.643000000000029
HAM,25.0,0 days 00:01:16.404000,SOFT,28.0,4.0,0 days 01:34:50.432000,,False,76.404,-0.09900000000000375,5690.432,4.623999999999796
HAM,26.0,0 days 00:01:16.433000,SOFT,29.0,4.0,0 days 01:36:06.865000,,False,76.433,0.029000000000010573,5766.865,4.721999999999753
HAM,27.0,0 days 00:01:16.415000,SOFT,30.0,4.0,0 days 01:37:23.280000,,False,76.415,-0.018000000000000682,5843.28,4.875
HAM,28.0,0 days 00:01:16.180000,SOFT,31.0,4.0,0 days 01:38:39.460000,,False,76.18,-0.23499999999999943,5919.46,4.9539999999997235
HAM,29.0,0 days 00:01:16.374000,SOFT,32.0,4.0,0 days 01:39:55.834000,,False,76.374,0.1939999999999884,5995.834,5.072999999999411
HAM,30.0,0 days 00:01:18.973000,SOFT,33.0,3.0,0 days 01:41:14.807000,,False,78.973,2.5990000000000038,6074.807,8.036000000000058
HAM,31.0,0 days 00:02:02.954000,SOFT,34.0,3.0,0 days 01:43:17.761000,0 days 01:42:53.424000,True,122.954,43.980999999999995,6197.761,11.88800000000083
HAM,32.0,0 days 00:01:36.411000,MEDIUM,1.0,3.0,0 days 01:44:54.172000,,False,96.411,-26.542999999999992,6294.172,7.956999999999425
HAM,33.0,0 days 00:01:17.975000,MEDIUM,2.0,3.0,0 days 01:46:12.147000,,False,77.975,-18.436000000000007,6372.147,7.61200000000008
HAM,34.0,0 days 00:01:16.498000,MEDIUM,3.0,3.0,0 days 01:47:28.645000,,False,76.498,-1.4769999999999897,6448.645,7.050000000000182
HAM,35.0,0 days 00:01:15.772000,MEDIUM,4.0,3.0,0 days 01:48:44.417000,,False,75.772,-0.7259999999999991,6524.417,6.392000000000735
HAM,36.0,0 days 00:01:15.650000,MEDIUM,5.0,3.0,0 days 01:50:00.067000,,False,75.65,-0.12199999999999989,6600.067,5.471999999999753
HAM,37.0,0 days 00:01:15.285000,MEDIUM,6.0,3.0,0 days 01:51:15.352000,,False,75.285,-0.3650000000000091,6675.352,5.221999999999753
HAM,38.0,0 days 00:01:15.553000,MEDIUM,7.0,3.0,0 days 01:52:30.905000,,False,75.553,0.2680000000000007,6750.905,5.085000000000036
HAM,39.0,0 days 00:01:15.386000,MEDIUM,8.0,3.0,0 days 01:53:46.291000,,False,75.386,-0.1670000000000016,6826.291,4.83600000000024
HAM,40.0,0 days 00:01:15.139000,MEDIUM,9.0,3.0,0 days 01:55:01.430000,,False,75.139,-0.2469999999999999,6901.43,4.378999999999905
HAM,41.0,0 days 00:01:15.457000,MEDIUM,10.0,3.0,0 days 01:56:16.887000,,False,75.457,0.31799999999999784,6976.887,4.217999999999847
HAM,42.0,0 days 00:01:15.243000,MEDIUM,11.0,3.0,0 days 01:57:32.130000,,False,75.243,-0.21399999999999864,7052.13,4.0460000000002765
HAM,43.0,0 days 00:01:15.285000,MEDIUM,12.0,3.0,0 days 01:58:47.415000,,False,75.285,0.04200000000000159,7127.415,3.9440000000004147
HAM,44.0,0 days 00:01:15.208000,MEDIUM,13.0,3.0,0 days 02:00:02.623000,,False,75.208,-0.07699999999999818,7202.623,3.6469999999999345
HAM,45.0,0 days 00:01:14.960000,MEDIUM,14.0,3.0,0 days 02:01:17.583000,,False,74.96,-0.24800000000000466,7277.583,3.384999999999309
HAM,46.0,0 days 00:01:32.168000,MEDIUM,15.0,3.0,0 days 02:02:49.751000,,False,92.168,17.208000000000013,7369.751,3.2089999999998327
HAM,47.0,0 days 00:01:15.411000,MEDIUM,16.0,3.0,0 days 02:04:05.162000,,False,75.411,-16.757000000000005,7445.162,3.144000000000233
HAM,48.0,0 days 00:01:14.914000,MEDIUM,17.0,3.0,0 days 02:05:20.076000,,False,74.914,-0.4969999999999999,7520.076,2.605999999999767
HAM,49.0,0 days 00:01:15.186000,MEDIUM,18.0,3.0,0 days 02:06:35.262000,,False,75.186,0.27200000000000557,7595.262,2.256999999999607
HAM,50.0,0 days 00:01:15.381000,MEDIUM,19.0,3.0,0 days 02:07:50.643000,,False,75.381,0.19499999999999318,7670.643,2.617000000000189
HAM,51.0,0 days 00:01:14.962000,MEDIUM,20.0,3.0,0 days 02:09:05.605000,,False,74.962,-0.41899999999999693,7745.605,2.084999999999127
HAM,52.0,0 days 00:01:19.569000,MEDIUM,21.0,3.0,0 days 02:10:25.174000,,False,79.569,4.606999999999999,7825.174,3.0479999999997744
HAM,53.0,0 days 00:01:42.768000,MEDIUM,22.0,3.0,0 days 02:12:07.942000,,False,102.768,23.198999999999998,7927.942,1.481999999999971
HAM,54.0,0 days 00:01:21.045000,MEDIUM,23.0,3.0,0 days 02:13:28.987000,,False,81.045,-21.723,8008.987,1.0230000000001382
HAM,55.0,0 days 00:01:15.090000,MEDIUM,24.0,3.0,0 days 02:14:44.077000,,False,75.09,-5.954999999999998,8084.077,0.6599999999998545
HAM,56.0,0 days 00:01:15.172000,MEDIUM,25.0,3.0,0 days 02:15:59.249000,,False,75.172,0.08199999999999363,8159.249,0.27300000000013824
HAM,57.0,0 days 00:01:15.983000,MEDIUM,26.0,3.0,0 days 02:17:15.232000,,False,75.983,0.811000000000007,8235.232,0.30600000000049477
HAM,58.0,0 days 00:01:15.459000,MEDIUM,27.0,3.0,0 days 02:18:30.691000,,False,75.459,-0.5240000000000009,8310.691,0.4290000000000873
HAM,59.0,0 days 00:01:15.145000,MEDIUM,28.0,3.0,0 days 02:19:45.836000,,False,75.145,-0.31400000000000716,8385.836,0.782999999999447
HAM,60.0,0 days 00:01:14.751000,MEDIUM,29.0,3.0,0 days 02:21:00.587000,,False,74.751,-0.39399999999999125,8460.587,0.680000000000291
HAM,61.0,0 days 00:01:14.573000,MEDIUM,30.0,3.0,0 days 02:22:15.160000,,False,74.573,-0.17800000000001148,8535.16,0.15599999999903957
HAM,62.0,0 days 00:01:15.116000,MEDIUM,31.0,2.0,0 days 02:23:30.276000,,False,75.116,0.5430000000000064,8610.276,9.818999999999505
HAM,63.0,0 days 00:01:14.890000,MEDIUM,32.0,2.0,0 days 02:24:45.166000,,False,74.89,-0.2259999999999991,8685.166,9.982999999998356
HAM,64.0,0 days 00:01:15.069000,MEDIUM,33.0,2.0,0 days 02:26:00.235000,,False,75.069,0.17900000000000205,8760.235,9.933000000000902
HAM,65.0,0 days 00:01:14.689000,MEDIUM,34.0,2.0,0 days 02:27:14.924000,,False,74.689,-0.38000000000000966,8834.924,9.853000000000975
HAM,66.0,0 days 00:01:14.801000,MEDIUM,35.0,2.0,0 days 02:28:29.725000,,False,74.801,0.11200000000000898,8909.725,10.24200000000019
HAM,67.0,0 days 00:01:14.699000,MEDIUM,36.0,2.0,0 days 02:29:44.424000,,False,74.699,-0.10200000000000387,8984.424,10.332000000000335
HAM,68.0,0 days 00:01:14.646000,MEDIUM,37.0,2.0,0 days 02:30:59.070000,,False,74.646,-0.05299999999999727,9059.07,10.768000000000029
HUL,1.0,0 days 00:01:33.863000,INTERMEDIATE,1.0,10.0,0 days 01:04:06.407000,,False,93.863,,3846.407,0.6410000000000764
HUL,2.0,0 days 00:01:43.067000,INTERMEDIATE,2.0,18.0,0 days 01:05:49.474000,0 days 01:05:26.104000,True,103.067,9.203999999999994,3949.474,6.787000000000262
HUL,3.0,0 days 00:01:25.251000,SOFT,5.0,17.0,0 days 01:07:14.725000,,False,85.251,-17.81599999999999,4034.725,10.219000000000051
HUL,4.0,0 days 00:01:21.051000,SOFT,6.0,17.0,0 days 01:08:35.776000,,False,81.051,-4.200000000000003,4115.776,9.278000000000247
HUL,5.0,0 days 00:01:19.925000,SOFT,7.0,17.0,0 days 01:09:55.701000,,False,79.925,-1.1260000000000048,4195.701,7.3400000000001455
HUL,6.0,0 days 00:01:21.876000,SOFT,8.0,18.0,0 days 01:11:17.577000,,False,81.876,1.9510000000000076,4277.577,1.4639999999999418
HUL,7.0,0 days 00:01:18.523000,SOFT,9.0,18.0,0 days 01:12:36.100000,,False,78.523,-3.3530000000000086,4356.1,1.8510000000005675
HUL,8.0,0 days 00:01:18.096000,SOFT,10.0,18.0,0 days 01:13:54.196000,,False,78.096,-0.4269999999999925,4434.196,0.5039999999999054
HUL,9.0,0 days 00:01:19.186000,SOFT,11.0,17.0,0 days 01:15:13.382000,,False,79.186,1.0900000000000034,4513.382,3.563999999999396
HUL,10.0,0 days 00:01:18.341000,SOFT,12.0,17.0,0 days 01:16:31.723000,,False,78.341,-0.8450000000000131,4591.723,4.537000000000262
HUL,11.0,0 days 00:01:18.001000,SOFT,13.0,17.0,0 days 01:17:49.724000,,False,78.001,-0.3399999999999892,4669.724,5.083999999999833
HUL,12.0,0 days 00:01:17.988000,SOFT,14.0,15.0,0 days 01:19:07.712000,,False,77.988,-0.01300000000000523,4747.712,4.678000000000793
HUL,13.0,0 days 00:01:18.209000,SOFT,15.0,15.0,0 days 01:20:25.921000,,False,78.209,0.22100000000000364,4825.921,5.269000000000233
HUL,14.0,0 days 00:01:17.676000,SOFT,16.0,15.0,0 days 01:21:43.597000,,False,77.676,-0.5330000000000013,4903.597,5.893000000000029
HUL,15.0,0 days 00:01:17.389000,SOFT,17.0,15.0,0 days 01:23:00.986000,,False,77.389,-0.28700000000000614,4980.986,2.7399999999997817
HUL,16.0,0 days 00:01:19.039000,SOFT,18.0,13.0,0 days 01:24:20.025000,,False,79.039,1.6500000000000057,5060.025,2.389999999999418
HUL,17.0,0 days 00:01:17.698000,SOFT,19.0,12.0,0 days 01:25:37.723000,,False,77.698,-1.3410000000000082,5137.723,6.298999999999978
HUL,18.0,0 days 00:01:17.496000,SOFT,20.0,12.0,0 days 01:26:55.219000,,False,77.496,-0.20199999999999818,5215.219,6.626000000000204
HUL,19.0,0 days 00:01:17.126000,SOFT,21.0,12.0,0 days 01:28:12.345000,,False,77.126,-0.36999999999999034,5292.345,6.273000000000138
HUL,20.0,0 days 00:01:40.437000,SOFT,22.0,14.0,0 days 01:29:52.782000,0 days 01:29:23.472000,True,100.437,23.310999999999993,5392.782,6.744000000000597
HUL,21.0,0 days 00:01:22.641000,MEDIUM,1.0,14.0,0 days 01:31:15.423000,,False,82.641,-17.795999999999992,5475.423,13.092999999999847
HUL,22.0,0 days 00:01:18.264000,MEDIUM,2.0,14.0,0 days 01:32:33.687000,,False,78.264,-4.3770000000000095,5553.687,14.63000000000011
HUL,23.0,0 days 00:01:17.726000,MEDIUM,3.0,14.0,0 days 01:33:51.413000,,False,77.726,-0.5379999999999967,5631.413,14.98699999999917
HUL,24.0,0 days 00:01:17.589000,MEDIUM,4.0,14.0,0 days 01:35:09.002000,,False,77.589,-0.13700000000000045,5709.002,12.329000000000633
HUL,25.0,0 days 00:01:17.452000,MEDIUM,5.0,14.0,0 days 01:36:26.454000,,False,77.452,-0.13700000000000045,5786.454,12.77599999999984
HUL,26.0,0 days 00:01:17.472000,MEDIUM,6.0,14.0,0 days 01:37:43.926000,,False,77.472,0.01999999999999602,5863.926,13.468000000000757
HUL,27.0,0 days 00:01:17.730000,MEDIUM,7.0,14.0,0 days 01:39:01.656000,,False,77.73,0.2580000000000098,5941.656,13.993999999999687
HUL,28.0,0 days 00:01:17.633000,MEDIUM,8.0,14.0,0 days 01:40:19.289000,,False,77.633,-0.09700000000000841,6019.289,15.134999999999309
HUL,29.0,0 days 00:01:29.696000,MEDIUM,9.0,14.0,0 days 01:41:48.985000,,False,89.696,12.063000000000002,6108.985,18.154999999999745
HUL,30.0,0 days 00:01:44.082000,MEDIUM,10.0,13.0,0 days 01:43:33.067000,,False,104.082,14.385999999999996,6213.067,19.186999999999898
HUL,31.0,0 days 00:01:33.293000,MEDIUM,11.0,13.0,0 days 01:45:06.360000,,False,93.293,-10.788999999999987,6306.36,11.475999999999658
HUL,32.0,0 days 00:01:18.388000,MEDIUM,12.0,13.0,0 days 01:46:24.748000,,False,78.388,-14.905000000000001,6384.748,10.43499999999949
HUL,33.0,0 days 00:01:17.902000,MEDIUM,13.0,13.0,0 days 01:47:42.650000,,False,77.902,-0.4860000000000042,6462.65,7.742999999999483
HUL,34.0,0 days 00:01:17.032000,MEDIUM,14.0,13.0,0 days 01:48:59.682000,,False,77.032,-0.8700000000000045,6539.682,7.461999999999534
HUL,35.0,0 days 00:01:17.051000,MEDIUM,15.0,13.0,0 days 01:50:16.733000,,False,77.051,0.019000000000005457,6616.733,7.572000000000116
HUL,36.0,0 days 00:01:16.838000,MEDIUM,16.0,13.0,0 days 01:51:33.571000,,False,76.838,-0.21300000000000807,6693.571,8.030999999999949
HUL,37.0,0 days 00:01:16.578000,MEDIUM,17.0,13.0,0 days 01:52:50.149000,,False,76.578,-0.2599999999999909,6770.149,8.075000000000728
HUL,38.0,0 days 00:01:17.028000,MEDIUM,18.0,13.0,0 days 01:54:07.177000,,False,77.028,0.45000000000000284,6847.177,8.567000000000007
HUL,39.0,0 days 00:01:16.689000,MEDIUM,19.0,12.0,0 days 01:55:23.866000,,False,76.689,-0.33900000000001285,6923.866,8.706000000000131
HUL,40.0,0 days 00:01:16.650000,MEDIUM,20.0,12.0,0 days 01:56:40.516000,,False,76.65,-0.03899999999998727,7000.516,8.628999999999905
HUL,41.0,0 days 00:01:16.837000,MEDIUM,21.0,12.0,0 days 01:57:57.353000,,False,76.837,0.1869999999999976,7077.353,8.841999999999643
HUL,42.0,0 days 00:01:16.798000,MEDIUM,22.0,12.0,0 days 01:59:14.151000,,False,76.798,-0.03900000000000148,7154.151,9.63000000000011
HUL,43.0,0 days 00:01:16.851000,MEDIUM,23.0,12.0,0 days 02:00:31.002000,,False,76.851,0.05299999999999727,7231.002,10.538000000000466
HUL,44.0,0 days 00:01:22.025000,MEDIUM,24.0,12.0,0 days 02:01:53.027000,,False,82.025,5.174000000000007,7313.027,13.957000000000335
HUL,45.0,0 days 00:01:27.249000,MEDIUM,25.0,12.0,0 days 02:03:20.276000,,False,87.249,5.2239999999999895,7400.276,9.878999999999905
HUL,46.0,0 days 00:01:17.069000,MEDIUM,26.0,12.0,0 days 02:04:37.345000,,False,77.069,-10.179999999999993,7477.345,9.759000000000015
HUL,47.0,0 days 00:01:17.101000,MEDIUM,27.0,12.0,0 days 02:05:54.446000,,False,77.101,0.031999999999996476,7554.446,10.431999999999789
HUL,48.0,0 days 00:01:16.570000,MEDIUM,28.0,12.0,0 days 02:07:11.016000,,False,76.57,-0.5310000000000059,7631.016,9.948999999999614
HUL,49.0,0 days 00:01:16.624000,MEDIUM,29.0,12.0,0 days 02:08:27.640000,,False,76.624,0.054000000000002046,7707.64,10.309000000000196
HUL,50.0,0 days 00:01:16.284000,MEDIUM,30.0,12.0,0 days 02:09:43.924000,,False,76.284,-0.3399999999999892,7783.924,10.792000000000371
HUL,51.0,0 days 00:01:34.240000,MEDIUM,31.0,11.0,0 days 02:11:18.164000,,False,94.24,17.95599999999999,7878.164,17.430999999999585
HUL,52.0,0 days 00:01:35.836000,MEDIUM,32.0,11.0,0 days 02:12:54,,False,95.836,1.5960000000000036,7974.0,15.081000000000131
HUL,53.0,0 days 00:01:17.497000,MEDIUM,33.0,11.0,0 days 02:14:11.497000,,False,77.497,-18.339,8051.497,14.548999999999978
HUL,54.0,0 days 00:01:17.079000,MEDIUM,34.0,11.0,0 days 02:15:28.576000,,False,77.079,-0.41800000000000637,8128.576,14.71600000000035
HUL,55.0,0 days 00:01:16.458000,MEDIUM,35.0,11.0,0 days 02:16:45.034000,,False,76.458,-0.6209999999999951,8205.034,14.685999999999694
HUL,56.0,0 days 00:01:16.510000,MEDIUM,36.0,11.0,0 days 02:18:01.544000,,False,76.51,0.05200000000000671,8281.544,14.903000000000247
HUL,57.0,0 days 00:01:16.275000,MEDIUM,37.0,11.0,0 days 02:19:17.819000,,False,76.275,-0.23499999999999943,8357.819,14.907999999999447
HUL,58.0,0 days 00:01:17.057000,MEDIUM,38.0,11.0,0 days 02:20:34.876000,,False,77.057,0.7819999999999965,8434.876,14.643000000000029
HUL,59.0,0 days 00:01:16.329000,MEDIUM,39.0,11.0,0 days 02:21:51.205000,,False,76.329,-0.7280000000000086,8511.205,14.221999999999753
HUL,60.0,0 days 00:01:25.706000,MEDIUM,40.0,11.0,0 days 02:23:16.911000,,False,85.706,9.37700000000001,8596.911,23.424999999999272
HUL,61.0,0 days 00:01:16.885000,MEDIUM,41.0,11.0,0 days 02:24:33.796000,,False,76.885,-8.820999999999998,8673.796,23.737999999999374
HUL,62.0,0 days 00:01:18.443000,MEDIUM,42.0,11.0,0 days 02:25:52.239000,,False,78.443,1.5579999999999927,8752.239,25.51800000000003
HUL,63.0,0 days 00:01:17.020000,MEDIUM,43.0,11.0,0 days 02:27:09.259000,,False,77.02,-1.4230000000000018,8829.259,26.162000000000262
HUL,64.0,0 days 00:01:17.186000,MEDIUM,44.0,12.0,0 days 02:28:26.445000,,False,77.186,0.16600000000001103,8906.445,0.488999999999578
HUL,65.0,0 days 00:01:16.453000,MEDIUM,45.0,12.0,0 days 02:29:42.898000,,False,76.453,-0.7330000000000041,8982.898,0.3669999999983702
HUL,66.0,0 days 00:01:19.586000,MEDIUM,46.0,12.0,0 days 02:31:02.484000,,False,79.586,3.1329999999999956,9062.484,1.4830000000001746
LAW,1.0,0 days 00:01:33.222000,MEDIUM,1.0,9.0,0 days 01:04:05.766000,,False,93.222,,3845.766,0.5470000000000255
LAW,2.0,0 days 00:01:22.682000,MEDIUM,2.0,8.0,0 days 01:05:28.448000,,False,82.682,-10.539999999999992,3928.448,1.0039999999999054
LAW,3.0,0 days 00:01:21.320000,MEDIUM,3.0,8.0,0 days 01:06:49.768000,,False,81.32,-1.362000000000009,4009.768,1.3299999999999272
LAW,4.0,0 days 00:01:20.125000,MEDIUM,4.0,8.0,0 days 01:08:09.893000,,False,80.125,-1.1949999999999932,4089.893,1.4119999999998072
LAW,5.0,0 days 00:01:19.498000,MEDIUM,5.0,8.0,0 days 01:09:29.391000,,False,79.498,-0.6269999999999953,4169.391,1.933999999999287
LAW,6.0,0 days 00:01:18.870000,MEDIUM,6.0,8.0,0 days 01:10:48.261000,,False,78.87,-0.6280000000000001,4248.261,1.9390000000003056
LAW,7.0,0 days 00:01:18.744000,MEDIUM,7.0,8.0,0 days 01:12:07.005000,,False,78.744,-0.12600000000000477,4327.005,2.1400000000003274
LAW,8.0,0 days 00:01:18.146000,MEDIUM,8.0,8.0,0 days 01:13:25.151000,,False,78.146,-0.597999999999999,4405.151,1.9989999999997963
LAW,9.0,0 days 00:01:18.318000,MEDIUM,9.0,8.0,0 days 01:14:43.469000,,False,78.318,0.17199999999999704,4483.469,2.0090000000000146
LAW,10.0,0 days 00:01:18.168000,MEDIUM,10.0,8.0,0 days 01:16:01.637000,,False,78.168,-0.14999999999999147,4561.637,2.1729999999997744
LAW,11.0,0 days 00:01:18.858000,MEDIUM,11.0,8.0,0 days 01:17:20.495000,,False,78.858,0.6899999999999977,4640.495,2.8140000000003056
LAW,12.0,0 days 00:01:18.184000,MEDIUM,12.0,8.0,0 days 01:18:38.679000,,False,78.184,-0.6740000000000066,4718.679,3.2960000000002765
LAW,13.0,0 days 00:01:18.384000,MEDIUM,13.0,8.0,0 days 01:19:57.063000,,False,78.384,0.20000000000000284,4797.063,3.350999999999658
LAW,14.0,0 days 00:01:18.314000,MEDIUM,14.0,8.0,0 days 01:21:15.377000,,False,78.314,-0.07000000000000739,4875.377,3.837000000000444
LAW,15.0,0 days 00:01:17.889000,MEDIUM,15.0,8.0,0 days 01:22:33.266000,,False,77.889,-0.42499999999999716,4953.266,4.243999999999687
LAW,16.0,0 days 00:01:17.801000,MEDIUM,16.0,8.0,0 days 01:23:51.067000,,False,77.801,-0.08799999999999386,5031.067,4.752999999999702
LAW,17.0,0 days 00:01:17.580000,MEDIUM,17.0,8.0,0 days 01:25:08.647000,,False,77.58,-0.22100000000000364,5108.647,5.194999999999709
LAW,18.0,0 days 00:01:17.549000,MEDIUM,18.0,8.0,0 days 01:26:26.196000,,False,77.549,-0.0309999999999917,5186.196,5.729000000000269
LAW,19.0,0 days 00:01:17.553000,MEDIUM,19.0,8.0,0 days 01:27:43.749000,,False,77.553,0.003999999999990678,5263.749,5.917999999999665
LAW,20.0,0 days 00:01:17.876000,MEDIUM,20.0,8.0,0 days 01:29:01.625000,,False,77.876,0.3230000000000075,5341.625,6.77599999999984
LAW,21.0,0 days 00:01:17.842000,MEDIUM,21.0,8.0,0 days 01:30:19.467000,,False,77.842,-0.034000000000006025,5419.467,7.7549999999992
LAW,22.0,0 days 00:01:17.484000,MEDIUM,22.0,8.0,0 days 01:31:36.951000,,False,77.484,-0.3580000000000041,5496.951,8.10400000000027
LAW,23.0,0 days 00:01:17.628000,MEDIUM,23.0,8.0,0 days 01:32:54.579000,,False,77.628,0.14400000000000546,5574.579,8.661000000000058
LAW,24.0,0 days 00:01:17.463000,MEDIUM,24.0,8.0,0 days 01:34:12.042000,,False,77.463,-0.16500000000000625,5652.042,9.296000000000276
LAW,25.0,0 days 00:01:17.753000,MEDIUM,25.0,8.0,0 days 01:35:29.795000,,False,77.753,0.29000000000000625,5729.795,9.962999999999738
LAW,26.0,0 days 00:01:17.569000,MEDIUM,26.0,8.0,0 days 01:36:47.364000,,False,77.569,-0.1839999999999975,5807.364,10.429999999999382
LAW,27.0,0 days 00:01:17.383000,MEDIUM,27.0,8.0,0 days 01:38:04.747000,,False,77.383,-0.18600000000000705,5884.747,10.338999999999942
LAW,28.0,0 days 00:01:17.533000,MEDIUM,28.0,8.0,0 days 01:39:22.280000,,False,77.533,0.15000000000000568,5962.28,10.806999999999789
LAW,29.0,0 days 00:01:17.265000,MEDIUM,29.0,8.0,0 days 01:40:39.545000,,False,77.265,-0.2680000000000007,6039.545,11.36700000000019
LAW,30.0,0 days 00:01:51.318000,MEDIUM,30.0,7.0,0 days 01:42:30.863000,0 days 01:42:08.207000,True,111.318,34.053,6150.863,13.738000000000284
LAW,31.0,0 days 00:01:48.232000,SOFT,1.0,7.0,0 days 01:44:19.095000,,False,108.232,-3.0859999999999985,6259.095,16.63299999999981
LAW,32.0,0 days 00:01:21.248000,SOFT,2.0,7.0,0 days 01:45:40.343000,,False,81.248,-26.983999999999995,6340.343,11.367999999999483
LAW,33.0,0 days 00:01:18.433000,SOFT,3.0,7.0,0 days 01:46:58.776000,,False,78.433,-2.8149999999999977,6418.776,11.003999999999905
LAW,34.0,0 days 00:01:18.177000,SOFT,4.0,7.0,0 days 01:48:16.953000,,False,78.177,-0.2560000000000002,6496.953,11.359000000000378
LAW,35.0,0 days 00:01:17.370000,SOFT,5.0,7.0,0 days 01:49:34.323000,,False,77.37,-0.8070000000000022,6574.323,11.394000000000233
LAW,36.0,0 days 00:01:16.844000,SOFT,6.0,7.0,0 days 01:50:51.167000,,False,76.844,-0.5260000000000105,6651.167,10.999000000000706
LAW,37.0,0 days 00:01:16.974000,SOFT,7.0,7.0,0 days 01:52:08.141000,,False,76.974,0.13000000000000966,6728.141,11.300999999999476
LAW,38.0,0 days 00:01:16.993000,SOFT,8.0,7.0,0 days 01:53:25.134000,,False,76.993,0.018999999999991246,6805.134,11.747999999999593
LAW,39.0,0 days 00:01:17.192000,SOFT,9.0,7.0,0 days 01:54:42.326000,,False,77.192,0.19899999999999807,6882.326,12.261000000000422
LAW,40.0,0 days 00:01:17.472000,SOFT,10.0,7.0,0 days 01:55:59.798000,,False,77.472,0.28000000000000114,6959.798,12.85399999999936
LAW,41.0,0 days 00:01:17.009000,SOFT,11.0,7.0,0 days 01:57:16.807000,,False,77.009,-0.46299999999999386,7036.807,13.07299999999941
LAW,42.0,0 days 00:01:16.718000,SOFT,12.0,7.0,0 days 01:58:33.525000,,False,76.718,-0.2909999999999968,7113.525,13.172999999999774
LAW,43.0,0 days 00:01:16.598000,SOFT,13.0,7.0,0 days 01:59:50.123000,,False,76.598,-0.12000000000000455,7190.123,12.844999999999345
LAW,44.0,0 days 00:01:16.686000,SOFT,14.0,7.0,0 days 02:01:06.809000,,False,76.686,0.08800000000000807,7266.809,13.282000000000153
LAW,45.0,0 days 00:01:33.560000,SOFT,15.0,7.0,0 days 02:02:40.369000,,False,93.56,16.873999999999995,7360.369,16.518999999999323
LAW,46.0,0 days 00:01:18.339000,SOFT,16.0,7.0,0 days 02:03:58.708000,,False,78.339,-15.221000000000004,7438.708,15.260999999999513
LAW,47.0,0 days 00:01:16.885000,SOFT,17.0,7.0,0 days 02:05:15.593000,,False,76.885,-1.4539999999999935,7515.593,15.524999999999636
LAW,48.0,0 days 00:01:16.853000,SOFT,18.0,7.0,0 days 02:06:32.446000,,False,76.853,-0.03200000000001069,7592.446,15.768000000000029
LAW,49.0,0 days 00:01:19.196000,SOFT,19.0,7.0,0 days 02:07:51.642000,,False,79.196,2.3430000000000035,7671.642,18.42699999999968
LAW,50.0,0 days 00:01:16.146000,SOFT,20.0,7.0,0 days 02:09:07.788000,,False,76.146,-3.049999999999997,7747.788,18.26299999999992
LAW,51.0,0 days 00:01:21.826000,SOFT,21.0,7.0,0 days 02:10:29.614000,,False,81.826,5.679999999999993,7829.614,23.83599999999933
LAW,52.0,0 days 00:01:42.649000,SOFT,22.0,7.0,0 days 02:12:12.263000,,False,102.649,20.823000000000008,7932.263,23.541000000000167
LAW,53.0,0 days 00:01:22.620000,SOFT,23.0,7.0,0 days 02:13:34.883000,,False,82.62,-20.028999999999996,8014.883,18.795000000000073
LAW,54.0,0 days 00:01:16.331000,SOFT,24.0,7.0,0 days 02:14:51.214000,,False,76.331,-6.2890000000000015,8091.214,17.448999999999614
LAW,55.0,0 days 00:01:16.080000,SOFT,25.0,7.0,0 days 02:16:07.294000,,False,76.08,-0.2510000000000048,8167.294,16.720000000000255
LAW,56.0,0 days 00:01:15.940000,SOFT,26.0,7.0,0 days 02:17:23.234000,,False,75.94,-0.14000000000000057,8243.234,14.729999999999563
LAW,57.0,0 days 00:01:15.806000,SOFT,27.0,7.0,0 days 02:18:39.040000,,False,75.806,-0.13400000000000034,8319.04,14.025000000001455
LAW,58.0,0 days 00:01:16.103000,SOFT,28.0,7.0,0 days 02:19:55.143000,,False,76.103,0.29699999999999704,8395.143,13.760000000000218
LAW,59.0,0 days 00:01:15.604000,SOFT,29.0,7.0,0 days 02:21:10.747000,,False,75.604,-0.4989999999999952,8470.747,13.277000000000044
LAW,60.0,0 days 00:01:16.152000,SOFT,30.0,7.0,0 days 02:22:26.899000,,False,76.152,0.5480000000000018,8546.899,13.238999999999578
LAW,61.0,0 days 00:01:15.981000,SOFT,31.0,7.0,0 days 02:23:42.880000,,False,75.981,-0.17100000000000648,8622.88,10.746999999999389
LAW,62.0,0 days 00:01:16.017000,SOFT,32.0,7.0,0 days 02:24:58.897000,,False,76.017,0.036000000000001364,8698.897,10.999000000001615
LAW,63.0,0 days 00:01:16.056000,SOFT,33.0,7.0,0 days 02:26:14.953000,,False,76.056,0.03900000000000148,8774.953,10.769000000000233
LAW,64.0,0 days 00:01:16.854000,SOFT,34.0,7.0,0 days 02:27:31.807000,,False,76.854,0.7980000000000018,8851.807,11.578000000001339
LAW,65.0,0 days 00:01:17.862000,SOFT,35.0,7.0,0 days 02:28:49.669000,,False,77.862,1.0079999999999956,8929.669,13.459999999999127
LAW,66.0,0 days 00:01:16.441000,SOFT,36.0,7.0,0 days 02:30:06.110000,,False,76.441,-1.4209999999999923,9006.11,13.760000000000218
LAW,67.0,0 days 00:01:16.427000,SOFT,37.0,7.0,0 days 02:31:22.537000,,False,76.427,-0.013999999999995794,9082.537,14.725000000000364
LEC,1.0,0 days 00:01:30.453000,SOFT,5.0,6.0,0 days 01:04:02.997000,,False,90.453,,3842.997,0.5289999999999964
LEC,2.0,0 days 00:01:20.351000,SOFT,6.0,5.0,0 days 01:05:23.348000,,False,80.351,-10.102000000000004,3923.348,0.6039999999998145
LEC,3.0,0 days 00:01:19.524000,SOFT,7.0,5.0,0 days 01:06:42.872000,,False,79.524,-0.8269999999999982,4002.872,0.5109999999999673
LEC,4.0,0 days 00:01:18.636000,SOFT,8.0,5.0,0 days 01:08:01.508000,,False,78.636,-0.8880000000000052,4081.508,1.3129999999996471
LEC,5.0,0 days 00:01:17.808000,SOFT,9.0,5.0,0 days 01:09:19.316000,,False,77.808,-0.8279999999999887,4159.316,1.8999999999996362
LEC,6.0,0 days 00:01:17.344000,SOFT,10.0,5.0,0 days 01:10:36.660000,,False,77.344,-0.46400000000001285,4236.66,2.037999999999556
LEC,7.0,0 days 00:01:17.190000,SOFT,11.0,5.0,0 days 01:11:53.850000,,False,77.19,-0.15399999999999636,4313.85,2.5540000000000873
LEC,8.0,0 days 00:01:16.639000,SOFT,12.0,5.0,0 days 01:13:10.489000,,False,76.639,-0.5510000000000019,4390.489,2.6169999999992797
LEC,9.0,0 days 00:01:16.479000,SOFT,13.0,5.0,0 days 01:14:26.968000,,False,76.479,-0.1599999999999966,4466.968,1.4989999999997963
LEC,10.0,0 days 00:01:16.469000,SOFT,14.0,5.0,0 days 01:15:43.437000,,False,76.469,-0.010000000000005116,4543.437,1.5479999999997744
LEC,11.0,0 days 00:01:16.227000,SOFT,15.0,5.0,0 days 01:16:59.664000,,False,76.227,-0.24199999999999022,4619.664,1.3119999999998981
LEC,12.0,0 days 00:01:16.218000,SOFT,16.0,5.0,0 days 01:18:15.882000,,False,76.218,-0.009000000000000341,4695.882,1.3029999999998836
LEC,13.0,0 days 00:01:16.829000,SOFT,17.0,5.0,0 days 01:19:32.711000,,False,76.829,0.61099999999999,4772.711,1.6500000000005457
LEC,14.0,0 days 00:01:20.202000,SOFT,18.0,5.0,0 days 01:20:52.913000,,False,80.202,3.3730000000000047,4852.913,5.4539999999997235
LEC,15.0,0 days 00:01:16.757000,SOFT,19.0,5.0,0 days 01:22:09.670000,,False,76.757,-3.444999999999993,4929.67,5.9520000000002256
LEC,16.0,0 days 00:01:16.583000,SOFT,20.0,5.0,0 days 01:23:26.253000,,False,76.583,-0.1740000000000066,5006.253,6.527999999999338
LEC,17.0,0 days 00:01:16.553000,SOFT,21.0,5.0,0 days 01:24:42.806000,,False,76.553,-0.030000000000001137,5082.806,7.01299999999992
LEC,18.0,0 days 00:01:16.585000,SOFT,22.0,5.0,0 days 01:25:59.391000,,False,76.585,0.031999999999996476,5159.391,7.42699999999968
LEC,19.0,0 days 00:01:16.350000,SOFT,23.0,5.0,0 days 01:27:15.741000,,False,76.35,-0.23499999999999943,5235.741,7.712999999999738
LEC,20.0,0 days 00:01:16.280000,SOFT,24.0,5.0,0 days 01:28:32.021000,,False,76.28,-0.06999999999999318,5312.021,8.032000000000153
LEC,21.0,0 days 00:01:16.264000,SOFT,25.0,5.0,0 days 01:29:48.285000,,False,76.264,-0.016000000000005343,5388.285,7.443000000000211
LEC,22.0,0 days 00:01:16.091000,SOFT,26.0,5.0,0 days 01:31:04.376000,,False,76.091,-0.17300000000000182,5464.376,3.3350000000000364
LEC,23.0,0 days 00:01:16.279000,SOFT,27.0,5.0,0 days 01:32:20.655000,,False,76.279,0.1880000000000024,5540.655,3.130000000000109
LEC,24.0,0 days 00:01:16.096000,SOFT,28.0,5.0,0 days 01:33:36.751000,,False,76.096,-0.18299999999999272,5616.751,2.7229999999999563
LEC,25.0,0 days 00:01:16.246000,SOFT,29.0,5.0,0 days 01:34:52.997000,,False,76.246,0.14999999999999147,5692.997,2.5650000000005093
LEC,26.0,0 days 00:01:16.279000,SOFT,30.0,5.0,0 days 01:36:09.276000,,False,76.279,0.03300000000000125,5769.276,2.411000000000058
LEC,27.0,0 days 00:01:16.090000,SOFT,31.0,5.0,0 days 01:37:25.366000,,False,76.09,-0.18899999999999295,5845.366,2.08600000000024
LEC,28.0,0 days 00:01:16.461000,SOFT,32.0,5.0,0 days 01:38:41.827000,,False,76.461,0.3709999999999951,5921.827,2.367000000000189
LEC,29.0,0 days 00:01:16.296000,SOFT,33.0,5.0,0 days 01:39:58.123000,,False,76.296,-0.16499999999999204,5998.123,2.28899999999976
LEC,30.0,0 days 00:01:20.088000,SOFT,34.0,4.0,0 days 01:41:18.211000,,False,80.088,3.7919999999999874,6078.211,3.404000000000451
LEC,31.0,0 days 00:02:05.485000,SOFT,35.0,5.0,0 days 01:43:23.696000,0 days 01:42:55.080000,True,125.485,45.397000000000006,6203.696,2.8159999999998035
LEC,32.0,0 days 00:01:35.420000,MEDIUM,1.0,5.0,0 days 01:44:59.116000,,False,95.42,-30.064999999999998,6299.116,1.8540000000002692
LEC,33.0,0 days 00:01:17.619000,MEDIUM,2.0,5.0,0 days 01:46:16.735000,,False,77.619,-17.801000000000002,6376.735,0.7789999999995416
LEC,34.0,0 days 00:01:17.053000,MEDIUM,3.0,5.0,0 days 01:47:33.788000,,False,77.053,-0.5660000000000025,6453.788,0.4819999999999709
LEC,35.0,0 days 00:01:16.251000,MEDIUM,4.0,5.0,0 days 01:48:50.039000,,False,76.251,-0.8019999999999925,6530.039,0.2510000000002037
LEC,36.0,0 days 00:01:16.189000,MEDIUM,5.0,5.0,0 days 01:50:06.228000,,False,76.189,-0.06200000000001182,6606.228,0.4139999999997599
LEC,37.0,0 days 00:01:15.297000,MEDIUM,6.0,5.0,0 days 01:51:21.525000,,False,75.297,-0.8919999999999959,6681.525,0.25199999999949796
LEC,38.0,0 days 00:01:15.364000,MEDIUM,7.0,5.0,0 days 01:52:36.889000,,False,75.364,0.06700000000000728,6756.889,0.2039999999997235
LEC,39.0,0 days 00:01:15.811000,MEDIUM,8.0,4.0,0 days 01:53:52.700000,,False,75.811,0.44700000000000273,6832.7,6.408999999999651
LEC,40.0,0 days 00:01:15.608000,MEDIUM,9.0,4.0,0 days 01:55:08.308000,,False,75.608,-0.20300000000000296,6908.308,6.877999999999702
LEC,41.0,0 days 00:01:15.612000,MEDIUM,10.0,4.0,0 days 01:56:23.920000,,False,75.612,0.003999999999990678,6983.92,7.0330000000003565
LEC,42.0,0 days 00:01:15.662000,MEDIUM,11.0,4.0,0 days 01:57:39.582000,,False,75.662,0.05000000000001137,7059.582,7.4520000000002256
LEC,43.0,0 days 00:01:15.520000,MEDIUM,12.0,4.0,0 days 01:58:55.102000,,False,75.52,-0.14200000000001012,7135.102,7.686999999999898
LEC,44.0,0 days 00:01:15.369000,MEDIUM,13.0,4.0,0 days 02:00:10.471000,,False,75.369,-0.15099999999999625,7210.471,7.847999999999956
LEC,45.0,0 days 00:01:15.380000,MEDIUM,14.0,4.0,0 days 02:01:25.851000,,False,75.38,0.01099999999999568,7285.851,8.268000000000029
LEC,46.0,0 days 00:01:31.795000,MEDIUM,15.0,4.0,0 days 02:02:57.646000,,False,91.795,16.415000000000006,7377.646,7.894999999999527
LEC,47.0,0 days 00:01:15.360000,MEDIUM,16.0,4.0,0 days 02:04:13.006000,,False,75.36,-16.435000000000002,7453.006,7.844000000000051
LEC,48.0,0 days 00:01:15.603000,MEDIUM,17.0,4.0,0 days 02:05:28.609000,,False,75.603,0.242999999999995,7528.609,8.533000000000357
LEC,49.0,0 days 00:01:15.698000,MEDIUM,18.0,4.0,0 days 02:06:44.307000,,False,75.698,0.09499999999999886,7604.307,9.045000000000073
LEC,50.0,0 days 00:01:15.433000,MEDIUM,19.0,4.0,0 days 02:07:59.740000,,False,75.433,-0.26499999999998636,7679.74,9.096999999999753
LEC,51.0,0 days 00:01:17.120000,MEDIUM,20.0,4.0,0 days 02:09:16.860000,,False,77.12,1.6869999999999976,7756.86,11.25500000000011
LEC,52.0,0 days 00:01:23.237000,MEDIUM,21.0,4.0,0 days 02:10:40.097000,,False,83.237,6.11699999999999,7840.097,14.922999999999774
LEC,53.0,0 days 00:01:47.267000,MEDIUM,22.0,4.0,0 days 02:12:27.364000,,False,107.267,24.03,7947.364,19.42199999999957
LEC,54.0,0 days 00:01:17.917000,MEDIUM,23.0,4.0,0 days 02:13:45.281000,,False,77.917,-29.349999999999994,8025.281,16.29399999999987
LEC,55.0,0 days 00:01:16.609000,MEDIUM,24.0,4.0,0 days 02:15:01.890000,,False,76.609,-1.308000000000007,8101.89,17.813000000000102
LEC,56.0,0 days 00:01:15.972000,MEDIUM,25.0,4.0,0 days 02:16:17.862000,,False,75.972,-0.6370000000000005,8177.862,18.613000000000284
LEC,57.0,0 days 00:01:15.875000,MEDIUM,26.0,4.0,0 days 02:17:33.737000,,False,75.875,-0.0969999999999942,8253.737,18.5049999999992
LEC,58.0,0 days 00:01:15.970000,MEDIUM,27.0,4.0,0 days 02:18:49.707000,,False,75.97,0.09499999999999886,8329.707,19.01599999999962
LEC,59.0,0 days 00:01:15.981000,MEDIUM,28.0,4.0,0 days 02:20:05.688000,,False,75.981,0.01099999999999568,8405.688,19.85200000000077
LEC,60.0,0 days 00:01:15.550000,MEDIUM,29.0,4.0,0 days 02:21:21.238000,,False,75.55,-0.4309999999999974,8481.238,20.65099999999984
LEC,61.0,0 days 00:01:15.397000,MEDIUM,30.0,4.0,0 days 02:22:36.635000,,False,75.397,-0.1529999999999916,8556.635,21.475000000000364
LEC,62.0,0 days 00:01:15.574000,MEDIUM,31.0,4.0,0 days 02:23:52.209000,,False,75.574,0.1769999999999925,8632.209,21.642000000001644
LEC,63.0,0 days 00:01:15.917000,MEDIUM,32.0,4.0,0 days 02:25:08.126000,,False,75.917,0.3430000000000035,8708.126,22.40600000000086
LEC,64.0,0 days 00:01:16.651000,MEDIUM,33.0,4.0,0 days 02:26:24.777000,,False,76.651,0.7339999999999947,8784.777,23.820999999999913
LEC,65.0,0 days 00:01:16.472000,MEDIUM,34.0,4.0,0 days 02:27:41.249000,,False,76.472,-0.17900000000000205,8861.249,25.86999999999898
LEC,66.0,0 days 00:01:17.210000,MEDIUM,35.0,4.0,0 days 02:28:58.459000,,False,77.21,0.7379999999999995,8938.459,28.37300000000141
LEC,67.0,0 days 00:01:16.468000,MEDIUM,36.0,4.0,0 days 02:30:14.927000,,False,76.468,-0.7419999999999902,9014.927,29.74699999999939
LEC,68.0,0 days 00:01:17.526000,MEDIUM,37.0,4.0,0 days 02:31:32.453000,,False,77.526,1.0579999999999927,9092.453,32.875
NOR,1.0,0 days 00:01:26.181000,INTERMEDIATE,1.0,1.0,0 days 01:03:58.725000,,False,86.181,,3838.725,0.0
NOR,2.0,0 days 00:01:37.774000,INTERMEDIATE,2.0,13.0,0 days 01:05:36.499000,0 days 01:05:14.626000,True,97.774,11.593000000000004,3936.499,1.4969999999998436
NOR,3.0,0 days 00:01:24.075000,MEDIUM,1.0,14.0,0 days 01:07:00.574000,,False,84.075,-13.698999999999998,4020.574,0.5489999999999782
NOR,4.0,0 days 00:01:21.170000,MEDIUM,2.0,14.0,0 days 01:08:21.744000,,False,81.17,-2.905000000000001,4101.744,1.3519999999998618
NOR,5.0,0 days 00:01:18.603000,MEDIUM,3.0,14.0,0 days 01:09:40.347000,,False,78.603,-2.5670000000000073,4180.347,0.8959999999997308
NOR,6.0,0 days 00:01:19.343000,MEDIUM,4.0,14.0,0 days 01:10:59.690000,,False,79.343,0.7400000000000091,4259.69,0.044999999999163265
NOR,7.0,0 days 00:01:18.079000,MEDIUM,5.0,13.0,0 days 01:12:17.769000,,False,78.079,-1.26400000000001,4337.769,0.14699999999993452
NOR,8.0,0 days 00:01:18.027000,MEDIUM,6.0,11.0,0 days 01:13:35.796000,,False,78.027,-0.0519999999999925,4415.796,1.8830000000007203
NOR,9.0,0 days 00:01:17.106000,MEDIUM,7.0,11.0,0 days 01:14:52.902000,,False,77.106,-0.9210000000000065,4492.902,1.0730000000003201
NOR,10.0,0 days 00:01:17.226000,MEDIUM,8.0,11.0,0 days 01:16:10.128000,,False,77.226,0.12000000000000455,4570.128,0.5090000000000146
NOR,11.0,0 days 00:01:17.933000,MEDIUM,9.0,9.0,0 days 01:17:28.061000,,False,77.933,0.7070000000000078,4648.061,7.5659999999998035
NOR,12.0,0 days 00:01:16.868000,MEDIUM,10.0,9.0,0 days 01:18:44.929000,,False,76.868,-1.065000000000012,4724.929,6.25
NOR,13.0,0 days 00:01:17.680000,MEDIUM,11.0,9.0,0 days 01:20:02.609000,,False,77.68,0.8120000000000118,4802.609,5.5460000000002765
NOR,14.0,0 days 00:01:16.801000,MEDIUM,12.0,9.0,0 days 01:21:19.410000,,False,76.801,-0.8790000000000049,4879.41,4.032999999999447
NOR,15.0,0 days 00:01:38.836000,MEDIUM,13.0,14.0,0 days 01:22:58.246000,0 days 01:22:31.004000,True,98.836,22.034999999999997,4978.246,0.8590000000003783
NOR,16.0,0 days 00:01:23.114000,MEDIUM,4.0,14.0,0 days 01:24:21.360000,,False,83.114,-15.721999999999994,5061.36,1.3350000000000364
NOR,17.0,0 days 00:01:17.206000,MEDIUM,5.0,14.0,0 days 01:25:38.566000,,False,77.206,-5.908000000000001,5138.566,0.14099999999962165
NOR,18.0,0 days 00:01:18.118000,MEDIUM,6.0,13.0,0 days 01:26:56.684000,,False,78.118,0.9119999999999919,5216.684,1.4650000000001455
NOR,19.0,0 days 00:01:16.877000,MEDIUM,7.0,13.0,0 days 01:28:13.561000,,False,76.877,-1.2409999999999997,5293.561,1.2159999999994398
NOR,20.0,0 days 00:01:16.598000,MEDIUM,8.0,12.0,0 days 01:29:30.159000,,False,76.598,-0.27899999999999636,5370.159,6.954999999999927
NOR,21.0,0 days 00:01:16.974000,MEDIUM,9.0,12.0,0 days 01:30:47.133000,,False,76.974,0.3760000000000048,5447.133,6.704999999999927
NOR,22.0,0 days 00:01:17.029000,MEDIUM,10.0,12.0,0 days 01:32:04.162000,,False,77.029,0.05499999999999261,5524.162,6.519000000000233
NOR,23.0,0 days 00:01:19.051000,MEDIUM,11.0,12.0,0 days 01:33:23.213000,,False,79.051,2.0220000000000056,5603.213,8.572000000000116
NOR,24.0,0 days 00:01:17.212000,MEDIUM,12.0,12.0,0 days 01:34:40.425000,,False,77.212,-1.8389999999999986,5680.425,8.644000000000233
NOR,25.0,0 days 00:01:16.692000,MEDIUM,13.0,12.0,0 days 01:35:57.117000,,False,76.692,-0.5200000000000102,5757.117,8.498999999999796
NOR,26.0,0 days 00:01:16.454000,MEDIUM,14.0,12.0,0 days 01:37:13.571000,,False,76.454,-0.23799999999999955,5833.571,8.297999999999774
NOR,27.0,0 days 00:01:16.187000,MEDIUM,15.0,12.0,0 days 01:38:29.758000,,False,76.187,-0.2669999999999959,5909.758,7.496000000000095
NOR,28.0,0 days 00:01:16.169000,MEDIUM,16.0,12.0,0 days 01:39:45.927000,,False,76.169,-0.018000000000000682,5985.927,6.605999999999767
NOR,29.0,0 days 00:01:16.238000,MEDIUM,17.0,12.0,0 days 01:41:02.165000,,False,76.238,0.06900000000000261,6062.165,6.108000000000175
NOR,30.0,0 days 00:01:42.958000,MEDIUM,18.0,9.0,0 days 01:42:45.123000,,False,102.958,26.72,6165.123,6.848999999999251
NOR,31.0,0 days 00:01:43.679000,MEDIUM,19.0,9.0,0 days 01:44:28.802000,,False,103.679,0.7210000000000036,6268.802,5.791999999999462
NOR,32.0,0 days 00:01:18.818000,MEDIUM,20.0,9.0,0 days 01:45:47.620000,,False,78.818,-24.861000000000004,6347.62,3.905999999999949
NOR,33.0,0 days 00:01:16.514000,MEDIUM,21.0,9.0,0 days 01:47:04.134000,,False,76.514,-2.304000000000002,6424.134,2.3029999999998836
NOR,34.0,0 days 00:01:16.797000,MEDIUM,22.0,9.0,0 days 01:48:20.931000,,False,76.797,0.28300000000000125,6500.931,1.6309999999994034
NOR,35.0,0 days 00:01:16.614000,MEDIUM,23.0,9.0,0 days 01:49:37.545000,,False,76.614,-0.18299999999999272,6577.545,0.8559999999997672
NOR,36.0,0 days 00:01:15.845000,MEDIUM,24.0,8.0,0 days 01:50:53.390000,,False,75.845,-0.7690000000000055,6653.39,2.2229999999999563
NOR,37.0,0 days 00:01:16.361000,MEDIUM,25.0,8.0,0 days 01:52:09.751000,,False,76.361,0.5160000000000053,6729.751,1.610000000000582
NOR,38.0,0 days 00:01:16.014000,MEDIUM,26.0,8.0,0 days 01:53:25.765000,,False,76.014,-0.3470000000000084,6805.765,0.6310000000003129
NOR,39.0,,MEDIUM,27.0,,0 days 01:55:55.765000,,False,,,6955.765,-73.44499999999971
OCO,1.0,0 days 00:01:36.762000,SOFT,1.0,15.0,0 days 01:04:09.306000,,False,96.762,,3849.306,0.6359999999999673
OCO,2.0,0 days 00:01:25.696000,SOFT,2.0,12.0,0 days 01:05:35.002000,,False,85.696,-11.066000000000003,3935.002,0.793999999999869
OCO,3.0,0 days 00:01:21.685000,SOFT,3.0,12.0,0 days 01:06:56.687000,,False,81.685,-4.010999999999996,4016.687,1.91800000000012
OCO,4.0,0 days 00:01:21.625000,SOFT,4.0,12.0,0 days 01:08:18.312000,,False,81.625,-0.060000000000002274,4098.312,2.605999999999767
OCO,5.0,0 days 00:01:20.708000,SOFT,5.0,12.0,0 days 01:09:39.020000,,False,80.708,-0.9170000000000016,4179.02,2.368000000000393
OCO,6.0,0 days 00:01:20.625000,SOFT,6.0,13.0,0 days 01:10:59.645000,,False,80.625,-0.08299999999999841,4259.645,0.6610000000000582
OCO,7.0,0 days 00:01:23.526000,SOFT,7.0,15.0,0 days 01:12:23.171000,,False,83.526,2.9009999999999962,4343.171,3.2510000000002037
OCO,8.0,0 days 00:01:19.653000,SOFT,8.0,15.0,0 days 01:13:42.824000,,False,79.653,-3.8729999999999905,4422.824,5.140999999999622
OCO,9.0,0 days 00:01:19.102000,SOFT,9.0,15.0,0 days 01:15:01.926000,,False,79.102,-0.5510000000000019,4501.926,4.731000000000677
OCO,10.0,0 days 00:01:18.505000,SOFT,10.0,15.0,0 days 01:16:20.431000,,False,78.505,-0.5970000000000084,4580.431,3.600999999999658
OCO,11.0,0 days 00:01:19.001000,SOFT,11.0,15.0,0 days 01:17:39.432000,,False,79.001,0.4960000000000093,4659.432,2.8649999999997817
OCO,12.0,0 days 00:01:19.613000,SOFT,12.0,13.0,0 days 01:18:59.045000,,False,79.613,0.6119999999999948,4739.045,2.344000000000051
OCO,13.0,0 days 00:01:19.544000,SOFT,13.0,13.0,0 days 01:20:18.589000,,False,79.544,-0.06900000000000261,4818.589,1.2860000000000582
OCO,14.0,0 days 00:01:19.115000,SOFT,14.0,14.0,0 days 01:21:37.704000,,False,79.115,-0.42900000000000205,4897.704,0.0059999999994033715
OCO,15.0,0 days 00:01:19.683000,SOFT,15.0,13.0,0 days 01:22:57.387000,,False,79.683,0.568000000000012,4977.387,0.1610000000000582
OCO,16.0,0 days 00:01:38.391000,SOFT,16.0,16.0,0 days 01:24:35.778000,0 days 01:24:12.564000,True,98.391,18.708,5075.778,10.932000000000698
OCO,17.0,0 days 00:01:25.162000,MEDIUM,1.0,17.0,0 days 01:26:00.940000,,False,85.162,-13.229,5160.94,5.706999999999425
OCO,18.0,0 days 00:01:19.519000,MEDIUM,2.0,17.0,0 days 01:27:20.459000,,False,79.519,-5.643000000000001,5240.459,3.4979999999995925
OCO,19.0,0 days 00:01:19.385000,MEDIUM,3.0,16.0,0 days 01:28:39.844000,,False,79.385,-0.13400000000000034,5319.844,10.42200000000048
OCO,20.0,0 days 00:01:18.690000,MEDIUM,4.0,16.0,0 days 01:29:58.534000,,False,78.69,-0.6950000000000074,5398.534,0.5199999999995271
OCO,21.0,0 days 00:01:18.608000,MEDIUM,5.0,15.0,0 days 01:31:17.142000,,False,78.608,-0.08199999999999363,5477.142,1.719000000000051
OCO,22.0,0 days 00:01:18.640000,MEDIUM,6.0,15.0,0 days 01:32:35.782000,,False,78.64,0.031999999999996476,5555.782,2.0950000000002547
OCO,23.0,0 days 00:01:18.287000,MEDIUM,7.0,15.0,0 days 01:33:54.069000,,False,78.287,-0.35299999999999443,5634.069,2.6560000000008586
OCO,24.0,0 days 00:01:18.337000,MEDIUM,8.0,15.0,0 days 01:35:12.406000,,False,78.337,0.04999999999999716,5712.406,3.4039999999995416
OCO,25.0,0 days 00:01:18.572000,MEDIUM,9.0,15.0,0 days 01:36:30.978000,,False,78.572,0.23499999999999943,5790.978,4.524000000000342
OCO,26.0,0 days 00:01:18.264000,MEDIUM,10.0,15.0,0 days 01:37:49.242000,,False,78.264,-0.30800000000000693,5869.242,5.3159999999998035
OCO,27.0,0 days 00:01:19.136000,MEDIUM,11.0,16.0,0 days 01:39:08.378000,,False,79.136,0.8719999999999999,5948.378,0.5729999999994106
OCO,28.0,0 days 00:01:18.606000,MEDIUM,12.0,16.0,0 days 01:40:26.984000,,False,78.606,-0.5300000000000011,6026.984,1.8230000000003201
OCO,29.0,0 days 00:01:34.140000,MEDIUM,13.0,16.0,0 days 01:42:01.124000,,False,94.14,15.534000000000006,6121.124,5.639000000000124
OCO,30.0,0 days 00:02:10.988000,MEDIUM,14.0,15.0,0 days 01:44:12.112000,0 days 01:43:38.334000,True,130.988,36.848,6252.112,31.82300000000032
OCO,31.0,0 days 00:01:28.276000,SOFT,1.0,15.0,0 days 01:45:40.388000,,False,88.276,-42.712,6340.388,27.472999999999956
OCO,32.0,0 days 00:01:19.505000,SOFT,2.0,15.0,0 days 01:46:59.893000,,False,79.505,-8.771,6419.893,28.186999999999898
OCO,33.0,0 days 00:01:18.316000,SOFT,3.0,15.0,0 days 01:48:18.209000,,False,78.316,-1.188999999999993,6498.209,28.688000000000102
OCO,34.0,0 days 00:01:20.216000,SOFT,4.0,15.0,0 days 01:49:38.425000,,False,80.216,1.8999999999999915,6578.425,31.39599999999973
OCO,35.0,0 days 00:01:17.259000,SOFT,5.0,15.0,0 days 01:50:55.684000,,False,77.259,-2.9569999999999936,6655.684,31.546000000000276
OCO,36.0,0 days 00:01:17.358000,SOFT,6.0,15.0,0 days 01:52:13.042000,,False,77.358,0.09900000000000375,6733.042,32.04100000000017
OCO,37.0,0 days 00:01:17.592000,SOFT,7.0,15.0,0 days 01:53:30.634000,,False,77.592,0.23399999999999466,6810.634,32.948999999999614
OCO,38.0,0 days 00:01:18.133000,SOFT,8.0,16.0,0 days 01:54:48.767000,,False,78.133,0.5409999999999968,6888.767,0.19700000000011642
OCO,39.0,0 days 00:01:20.237000,SOFT,9.0,14.0,0 days 01:56:09.004000,,False,80.237,2.103999999999999,6969.004,38.35199999999986
OCO,40.0,0 days 00:01:17.402000,SOFT,10.0,15.0,0 days 01:57:26.406000,,False,77.402,-2.8349999999999937,7046.406,3.787999999999556
OCO,41.0,0 days 00:01:18.583000,SOFT,11.0,14.0,0 days 01:58:44.989000,,False,78.583,1.1809999999999974,7124.989,41.094999999999345
OCO,42.0,0 days 00:01:18.553000,SOFT,12.0,14.0,0 days 02:00:03.542000,,False,78.553,-0.030000000000001137,7203.542,43.246000000000095
OCO,43.0,0 days 00:01:16.675000,SOFT,13.0,14.0,0 days 02:01:20.217000,,False,76.675,-1.8780000000000001,7280.217,41.777000000000044
OCO,44.0,0 days 00:01:33.203000,SOFT,14.0,14.0,0 days 02:02:53.420000,,False,93.203,16.528000000000006,7373.42,49.22599999999966
OCO,45.0,0 days 00:01:17.753000,SOFT,15.0,14.0,0 days 02:04:11.173000,,False,77.753,-15.450000000000003,7451.173,42.72199999999975
OCO,46.0,0 days 00:01:18.854000,SOFT,16.0,14.0,0 days 02:05:30.027000,,False,78.854,1.100999999999999,7530.027,44.913000000000466
OCO,47.0,0 days 00:01:19.745000,SOFT,17.0,14.0,0 days 02:06:49.772000,,False,79.745,0.8910000000000053,7609.772,48.001000000000204
OCO,48.0,0 days 00:01:18.951000,SOFT,18.0,14.0,0 days 02:08:08.723000,,False,78.951,-0.7940000000000111,7688.723,50.685999999999694
OCO,49.0,0 days 00:01:17.314000,SOFT,19.0,14.0,0 days 02:09:26.037000,,False,77.314,-1.6370000000000005,7766.037,51.238000000000284
OCO,50.0,0 days 00:01:32.532000,SOFT,20.0,14.0,0 days 02:10:58.569000,,False,92.532,15.218000000000004,7858.569,67.54899999999998
OCO,51.0,0 days 00:01:38.580000,SOFT,21.0,14.0,0 days 02:12:37.149000,,False,98.58,6.048000000000002,7957.149,63.89600000000064
OCO,52.0,0 days 00:01:20.475000,SOFT,22.0,14.0,0 days 02:13:57.624000,,False,80.475,-18.105000000000004,8037.624,49.224999999999454
OCO,53.0,0 days 00:01:18.340000,SOFT,23.0,14.0,0 days 02:15:15.964000,,False,78.34,-2.134999999999991,8115.964,49.167999999999665
OCO,54.0,0 days 00:01:16.978000,SOFT,24.0,14.0,0 days 02:16:32.942000,,False,76.978,-1.362000000000009,8192.942,49.008999999999105
OCO,55.0,0 days 00:01:18.384000,SOFT,25.0,14.0,0 days 02:17:51.326000,,False,78.384,1.406000000000006,8271.326,50.706999999998516
OCO,56.0,0 days 00:01:16.724000,SOFT,26.0,14.0,0 days 02:19:08.050000,,False,76.724,-1.6599999999999966,8348.05,51.49699999999939
OCO,57.0,0 days 00:01:16.912000,SOFT,27.0,14.0,0 days 02:20:24.962000,,False,76.912,0.1880000000000024,8424.962,52.753999999998996
OCO,58.0,0 days 00:01:16.914000,SOFT,28.0,14.0,0 days 02:21:41.876000,,False,76.914,0.001999999999995339,8501.876,53.22899999999936
OCO,59.0,0 days 00:01:16.882000,SOFT,29.0,14.0,0 days 02:22:58.758000,,False,76.882,-0.031999999999996476,8578.758,53.90300000000025
OCO,60.0,0 days 00:01:16.765000,SOFT,30.0,14.0,0 days 02:24:15.523000,,False,76.765,-0.11700000000000443,8655.523,53.190999999998894
OCO,61.0,0 days 00:01:17.516000,SOFT,31.0,14.0,0 days 02:25:33.039000,,False,77.516,0.7510000000000048,8733.039,55.251000000000204
OCO,62.0,0 days 00:01:16.992000,SOFT,32.0,14.0,0 days 02:26:50.031000,,False,76.992,-0.5240000000000009,8810.031,55.900000000001455
OCO,63.0,0 days 00:01:16.836000,SOFT,33.0,14.0,0 days 02:28:06.867000,,False,76.836,-0.1560000000000059,8886.867,55.97099999999955
OCO,64.0,0 days 00:01:16.577000,SOFT,34.0,14.0,0 days 02:29:23.444000,,False,76.577,-0.25900000000000034,8963.444,52.04899999999907
OCO,65.0,0 days 00:01:16.739000,SOFT,35.0,14.0,0 days 02:30:40.183000,,False,76.739,0.16200000000000614,9040.183,52.301000000001295
OCO,66.0,0 days 00:01:16.754000,SOFT,36.0,14.0,0 days 02:31:56.937000,,False,76.754,0.015000000000000568,9116.937,52.47899999999936
PER,1.0,0 days 00:01:38.381000,INTERMEDIATE,1.0,17.0,0 days 01:04:10.925000,,False,98.381,,3850.925,0.2670000000002801
PER,2.0,0 days 00:01:45.019000,INTERMEDIATE,2.0,21.0,0 days 01:05:55.944000,0 days 01:05:31.792000,True,105.019,6.638000000000005,3955.944,0.49699999999984357
PER,3.0,0 days 00:01:27.118000,SOFT,1.0,20.0,0 days 01:07:23.062000,,False,87.118,-17.90100000000001,4043.062,0.4739999999997053
PER,4.0,0 days 00:01:21.608000,SOFT,2.0,20.0,0 days 01:08:44.670000,,False,81.608,-5.509999999999991,4124.67,0.8630000000002838
PER,5.0,0 days 00:01:20.101000,SOFT,3.0,20.0,0 days 01:10:04.771000,,False,80.101,-1.507000000000005,4204.771,1.1239999999997963
PER,6.0,0 days 00:01:19.057000,SOFT,4.0,20.0,0 days 01:11:23.828000,,False,79.057,-1.043999999999997,4283.828,0.873000000000502
PER,7.0,0 days 00:01:18.721000,SOFT,5.0,20.0,0 days 01:12:42.549000,,False,78.721,-0.3359999999999985,4362.549,1.0489999999999782
PER,8.0,0 days 00:01:18.712000,SOFT,6.0,20.0,0 days 01:14:01.261000,,False,78.712,-0.009000000000000341,4441.261,1.2450000000008004
PER,9.0,0 days 00:01:19.086000,SOFT,7.0,20.0,0 days 01:15:20.347000,,False,79.086,0.3739999999999952,4520.347,1.9780000000000655
PER,10.0,0 days 00:01:18.497000,SOFT,8.0,20.0,0 days 01:16:38.844000,,False,78.497,-0.5889999999999986,4598.844,2.543999999999869
PER,11.0,0 days 00:01:18.563000,SOFT,9.0,20.0,0 days 01:17:57.407000,,False,78.563,0.0660000000000025,4677.407,1.9710000000004584
PER,12.0,0 days 00:01:18.687000,SOFT,10.0,18.0,0 days 01:19:16.094000,,False,78.687,0.12399999999999523,4756.094,0.5249999999996362
PER,13.0,0 days 00:01:19.271000,SOFT,11.0,17.0,0 days 01:20:35.365000,,False,79.271,0.5840000000000032,4835.365,3.8729999999995925
PER,14.0,0 days 00:01:19.206000,SOFT,12.0,17.0,0 days 01:21:54.571000,,False,79.206,-0.06499999999999773,4914.571,5.381000000000313
PER,15.0,0 days 00:01:36.181000,SOFT,13.0,18.0,0 days 01:23:30.752000,0 days 01:23:07.248000,True,96.181,16.974999999999994,5010.752,9.99200000000019
PER,16.0,0 days 00:01:24.198000,MEDIUM,1.0,18.0,0 days 01:24:54.950000,,False,84.198,-11.983000000000004,5094.95,16.881999999999607
PER,17.0,0 days 00:01:19.807000,MEDIUM,2.0,18.0,0 days 01:26:14.757000,,False,79.807,-4.390999999999991,5174.757,13.817000000000007
PER,18.0,0 days 00:01:19.122000,MEDIUM,3.0,18.0,0 days 01:27:33.879000,,False,79.122,-0.6850000000000023,5253.879,13.420000000000073
PER,19.0,0 days 00:01:18.590000,MEDIUM,4.0,18.0,0 days 01:28:52.469000,,False,78.59,-0.5319999999999965,5332.469,10.399999999999636
PER,20.0,0 days 00:01:18.568000,MEDIUM,5.0,18.0,0 days 01:30:11.037000,,False,78.568,-0.02200000000000557,5411.037,9.978000000000065
PER,21.0,0 days 00:01:19.388000,MEDIUM,6.0,18.0,0 days 01:31:30.425000,,False,79.388,0.8200000000000074,5490.425,8.190999999999804
PER,22.0,0 days 00:01:17.960000,MEDIUM,7.0,18.0,0 days 01:32:48.385000,,False,77.96,-1.4280000000000115,5568.385,5.725000000000364
PER,23.0,0 days 00:01:17.936000,MEDIUM,8.0,18.0,0 days 01:34:06.321000,,False,77.936,-0.0239999999999867,5646.321,2.7969999999995707
PER,24.0,0 days 00:01:18.212000,MEDIUM,9.0,18.0,0 days 01:35:24.533000,,False,78.212,0.27599999999999625,5724.533,5.917000000000371
PER,25.0,0 days 00:01:18.463000,MEDIUM,10.0,17.0,0 days 01:36:42.996000,,False,78.463,0.25099999999999056,5802.996,10.86999999999989
PER,26.0,0 days 00:01:18.104000,MEDIUM,11.0,17.0,0 days 01:38:01.100000,,False,78.104,-0.35899999999999466,5881.1,11.266000000000531
PER,27.0,0 days 00:01:18.478000,MEDIUM,12.0,17.0,0 days 01:39:19.578000,,False,78.478,0.3739999999999952,5959.578,11.200000000000728
PER,28.0,0 days 00:01:17.987000,MEDIUM,13.0,17.0,0 days 01:40:37.565000,,False,77.987,-0.49099999999999966,6037.565,10.580999999999221
PER,29.0,0 days 00:01:52.109000,MEDIUM,14.0,17.0,0 days 01:42:29.674000,0 days 01:42:06.246000,True,112.109,34.122,6149.674,28.550000000000182
PER,30.0,0 days 00:01:48.011000,SOFT,1.0,16.0,0 days 01:44:17.685000,,False,108.011,-4.097999999999999,6257.685,5.57300000000032
PER,31.0,0 days 00:01:23.416000,SOFT,2.0,16.0,0 days 01:45:41.101000,,False,83.416,-24.595,6341.101,0.7129999999997381
PER,32.0,0 days 00:01:19.248000,SOFT,3.0,16.0,0 days 01:47:00.349000,,False,79.248,-4.167999999999992,6420.349,0.45600000000013097
PER,33.0,0 days 00:01:21.253000,SOFT,4.0,16.0,0 days 01:48:21.602000,,False,81.253,2.0049999999999955,6501.602,3.393000000000029
PER,34.0,0 days 00:01:18.112000,SOFT,5.0,16.0,0 days 01:49:39.714000,,False,78.112,-3.1410000000000053,6579.714,1.28899999999976
PER,35.0,0 days 00:01:17.120000,SOFT,6.0,16.0,0 days 01:50:56.834000,,False,77.12,-0.9919999999999902,6656.834,1.1499999999996362
PER,36.0,0 days 00:01:17.398000,SOFT,7.0,16.0,0 days 01:52:14.232000,,False,77.398,0.2779999999999916,6734.232,1.1899999999995998
PER,37.0,0 days 00:01:16.915000,SOFT,8.0,16.0,0 days 01:53:31.147000,,False,76.915,-0.4829999999999899,6811.147,0.51299999999992
PER,38.0,0 days 00:01:17.423000,SOFT,9.0,15.0,0 days 01:54:48.570000,,False,77.423,0.5079999999999956,6888.57,34.33599999999933
PER,39.0,0 days 00:01:20.864000,SOFT,10.0,15.0,0 days 01:56:09.434000,,False,80.864,3.4410000000000025,6969.434,0.43000000000029104
PER,40.0,,SOFT,11.0,14.0,0 days 01:57:22.618000,0 days 01:57:22.657000,True,,,7042.618,35.35100000000057
PIA,1.0,0 days 00:01:45.524000,INTERMEDIATE,1.0,21.0,0 days 01:04:18.068000,0 days 01:03:55.522000,True,105.524,,3858.068,3.6790000000000873
PIA,2.0,0 days 00:01:24.619000,MEDIUM,1.0,17.0,0 days 01:05:42.687000,,False,84.619,-20.905,3942.687,3.2199999999998
PIA,3.0,0 days 00:01:21.819000,MEDIUM,2.0,16.0,0 days 01:07:04.506000,,False,81.819,-2.799999999999997,4024.506,0.5259999999998399
PIA,4.0,0 days 00:01:20.774000,MEDIUM,3.0,15.0,0 days 01:08:25.280000,,False,80.774,-1.0450000000000017,4105.28,3.536000000000058
PIA,5.0,0 days 00:01:19.266000,MEDIUM,4.0,15.0,0 days 01:09:44.546000,,False,79.266,-1.5079999999999956,4184.546,4.199000000000524
PIA,6.0,0 days 00:01:17.969000,MEDIUM,5.0,15.0,0 days 01:11:02.515000,,False,77.969,-1.2970000000000113,4262.515,2.8250000000007276
PIA,7.0,0 days 00:01:17.405000,MEDIUM,6.0,14.0,0 days 01:12:19.920000,,False,77.405,-0.563999999999993,4339.92,2.15099999999984
PIA,8.0,0 days 00:01:17.763000,MEDIUM,7.0,14.0,0 days 01:13:37.683000,,False,77.763,0.3580000000000041,4417.683,0.1959999999999127
PIA,9.0,0 days 00:01:17.857000,MEDIUM,8.0,13.0,0 days 01:14:55.540000,,False,77.857,0.09399999999999409,4495.54,1.0600000000004002
PIA,10.0,0 days 00:01:17.837000,MEDIUM,9.0,13.0,0 days 01:16:13.377000,,False,77.837,-0.01999999999999602,4573.377,1.4010000000007494
PIA,11.0,0 days 00:01:16.989000,MEDIUM,10.0,13.0,0 days 01:17:30.366000,,False,76.989,-0.847999999999999,4650.366,1.168999999999869
PIA,12.0,0 days 00:01:49.686000,MEDIUM,11.0,19.0,0 days 01:19:20.052000,0 days 01:18:45.068000,True,109.686,32.697,4760.052,3.957999999999629
PIA,13.0,0 days 00:01:23.843000,MEDIUM,5.0,19.0,0 days 01:20:43.895000,,False,83.843,-25.843000000000004,4843.895,7.800000000000182
PIA,14.0,0 days 00:01:17.666000,MEDIUM,6.0,18.0,0 days 01:22:01.561000,,False,77.666,-6.177000000000007,4921.561,6.989999999999782
PIA,15.0,0 days 00:01:19.199000,MEDIUM,7.0,17.0,0 days 01:23:20.760000,,False,79.199,1.5330000000000013,5000.76,13.666000000000167
PIA,16.0,0 days 00:01:17.308000,MEDIUM,8.0,17.0,0 days 01:24:38.068000,,False,77.308,-1.8909999999999911,5078.068,2.2899999999999636
PIA,17.0,0 days 00:01:17.165000,MEDIUM,9.0,16.0,0 days 01:25:55.233000,,False,77.165,-0.14300000000000068,5155.233,12.686000000000604
PIA,18.0,0 days 00:01:16.666000,MEDIUM,10.0,15.0,0 days 01:27:11.899000,,False,76.666,-0.49900000000000944,5231.899,13.13300000000072
PIA,19.0,0 days 00:01:17.523000,MEDIUM,11.0,15.0,0 days 01:28:29.422000,,False,77.523,0.8569999999999993,5309.422,8.661999999999352
PIA,20.0,0 days 00:01:16.616000,MEDIUM,12.0,13.0,0 days 01:29:46.038000,,False,76.616,-0.9069999999999965,5386.038,15.878999999999905
PIA,21.0,0 days 00:01:16.292000,MEDIUM,13.0,13.0,0 days 01:31:02.330000,,False,76.292,-0.32399999999999807,5462.33,15.197000000000116
PIA,22.0,0 days 00:01:16.727000,MEDIUM,14.0,13.0,0 days 01:32:19.057000,,False,76.727,0.4350000000000023,5539.057,14.894999999999527
PIA,23.0,0 days 00:01:17.369000,MEDIUM,15.0,13.0,0 days 01:33:36.426000,,False,77.369,0.6419999999999959,5616.426,13.213000000000648
PIA,24.0,0 days 00:01:20.247000,MEDIUM,16.0,13.0,0 days 01:34:56.673000,,False,80.247,2.878,5696.673,16.247999999999593
PIA,25.0,0 days 00:01:17.005000,MEDIUM,17.0,13.0,0 days 01:36:13.678000,,False,77.005,-3.2420000000000044,5773.678,16.560999999999694
PIA,26.0,0 days 00:01:16.780000,MEDIUM,18.0,13.0,0 days 01:37:30.458000,,False,76.78,-0.22499999999999432,5850.458,16.886999999999716
PIA,27.0,0 days 00:01:17.204000,MEDIUM,19.0,13.0,0 days 01:38:47.662000,,False,77.204,0.4239999999999924,5927.662,17.90400000000045
PIA,28.0,0 days 00:01:16.492000,MEDIUM,20.0,13.0,0 days 01:40:04.154000,,False,76.492,-0.7119999999999891,6004.154,18.22700000000077
PIA,29.0,0 days 00:01:26.676000,MEDIUM,21.0,13.0,0 days 01:41:30.830000,,False,86.676,10.183999999999997,6090.83,28.664999999999964
PIA,30.0,0 days 00:01:43.050000,MEDIUM,22.0,12.0,0 days 01:43:13.880000,,False,103.05,16.373999999999995,6193.88,11.403000000000247
PIA,31.0,0 days 00:01:41.004000,MEDIUM,23.0,12.0,0 days 01:44:54.884000,,False,101.004,-2.0459999999999923,6294.884,10.506000000000313
PIA,32.0,0 days 00:01:19.429000,MEDIUM,24.0,12.0,0 days 01:46:14.313000,,False,79.429,-21.575000000000003,6374.313,10.819999999999709
PIA,33.0,0 days 00:01:20.594000,MEDIUM,25.0,12.0,0 days 01:47:34.907000,,False,80.594,1.164999999999992,6454.907,11.886000000000422
PIA,34.0,0 days 00:01:17.313000,MEDIUM,26.0,12.0,0 days 01:48:52.220000,,False,77.313,-3.2809999999999917,6532.22,11.934000000000196
PIA,35.0,0 days 00:01:16.941000,MEDIUM,27.0,12.0,0 days 01:50:09.161000,,False,76.941,-0.3719999999999999,6609.161,11.449999999999818
PIA,36.0,0 days 00:01:16.379000,MEDIUM,28.0,12.0,0 days 01:51:25.540000,,False,76.379,-0.5619999999999976,6685.54,10.958999999999833
PIA,37.0,0 days 00:01:16.534000,MEDIUM,29.0,12.0,0 days 01:52:42.074000,,False,76.534,0.15500000000000114,6762.074,9.409999999999854
PIA,38.0,0 days 00:01:16.536000,MEDIUM,30.0,12.0,0 days 01:53:58.610000,,False,76.536,0.001999999999995339,6838.61,9.210000000000036
PIA,39.0,0 days 00:01:16.550000,MEDIUM,31.0,11.0,0 days 01:55:15.160000,,False,76.55,0.013999999999995794,6915.16,9.202000000000226
PIA,40.0,0 days 00:01:16.727000,MEDIUM,32.0,11.0,0 days 01:56:31.887000,,False,76.727,0.1770000000000067,6991.887,8.67199999999957
PIA,41.0,0 days 00:01:16.624000,MEDIUM,33.0,11.0,0 days 01:57:48.511000,,False,76.624,-0.10300000000000864,7068.511,6.339000000000851
PIA,42.0,0 days 00:01:16.010000,MEDIUM,34.0,11.0,0 days 01:59:04.521000,,False,76.01,-0.6139999999999901,7144.521,5.671999999999571
PIA,43.0,0 days 00:01:15.943000,MEDIUM,35.0,11.0,0 days 02:00:20.464000,,False,75.943,-0.06700000000000728,7220.464,5.1340000000000146
PIA,44.0,0 days 00:01:18.606000,MEDIUM,36.0,11.0,0 days 02:01:39.070000,,False,78.606,2.6629999999999967,7299.07,7.25
PIA,45.0,0 days 00:01:31.327000,MEDIUM,37.0,11.0,0 days 02:03:10.397000,,False,91.327,12.721000000000004,7390.397,6.6030000000000655
PIA,46.0,0 days 00:01:17.189000,MEDIUM,38.0,11.0,0 days 02:04:27.586000,,False,77.189,-14.138000000000005,7467.586,6.940000000000509
PIA,47.0,0 days 00:01:16.428000,MEDIUM,39.0,11.0,0 days 02:05:44.014000,,False,76.428,-0.7609999999999957,7544.014,6.6729999999997744
PIA,48.0,0 days 00:01:17.053000,MEDIUM,40.0,11.0,0 days 02:07:01.067000,,False,77.053,0.625,7621.067,7.1340000000000146
PIA,49.0,0 days 00:01:16.264000,MEDIUM,41.0,11.0,0 days 02:08:17.331000,,False,76.264,-0.7890000000000015,7697.331,5.654999999999745
PIA,50.0,0 days 00:01:15.801000,MEDIUM,42.0,11.0,0 days 02:09:33.132000,,False,75.801,-0.46299999999999386,7773.132,4.875
PIA,51.0,0 days 00:02:00.121000,MEDIUM,43.0,13.0,0 days 02:11:33.253000,0 days 02:10:58.956000,True,120.121,44.31999999999999,7893.253,5.261999999999716
PIA,52.0,0 days 00:01:35.146000,SOFT,5.0,13.0,0 days 02:13:08.399000,,False,95.146,-24.974999999999994,7988.399,4.109000000000378
PIA,53.0,0 days 00:01:18.397000,SOFT,6.0,13.0,0 days 02:14:26.796000,,False,78.397,-16.748999999999995,8066.796,4.837000000000444
PIA,54.0,0 days 00:01:17.137000,SOFT,7.0,13.0,0 days 02:15:43.933000,,False,77.137,-1.2600000000000051,8143.933,4.8530000000000655
PIA,55.0,0 days 00:01:16.686000,SOFT,8.0,13.0,0 days 02:17:00.619000,,False,76.686,-0.4509999999999934,8220.619,4.587999999999738
PIA,56.0,0 days 00:01:15.934000,SOFT,9.0,13.0,0 days 02:18:16.553000,,False,75.934,-0.7520000000000095,8296.553,3.7919999999994616
PIA,57.0,0 days 00:01:15.655000,SOFT,10.0,13.0,0 days 02:19:32.208000,,False,75.655,-0.27899999999999636,8372.208,2.6480000000010477
PIA,58.0,0 days 00:01:16.439000,SOFT,11.0,13.0,0 days 02:20:48.647000,,False,76.439,0.7839999999999918,8448.647,2.3880000000008295
PIA,59.0,0 days 00:01:16.208000,SOFT,12.0,13.0,0 days 02:22:04.855000,,False,76.208,-0.23099999999999454,8524.855,2.225000000000364
PIA,60.0,0 days 00:01:17.477000,SOFT,13.0,13.0,0 days 02:23:22.332000,,False,77.477,1.2690000000000055,8602.332,3.132999999999811
PIA,61.0,0 days 00:01:15.456000,SOFT,14.0,13.0,0 days 02:24:37.788000,,False,75.456,-2.021000000000001,8677.788,1.2640000000010332
PIA,62.0,0 days 00:01:16.343000,SOFT,15.0,13.0,0 days 02:25:54.131000,,False,76.343,0.8870000000000005,8754.131,0.6739999999990687
PIA,63.0,0 days 00:01:15.883000,SOFT,16.0,12.0,0 days 02:27:10.014000,,False,75.883,-0.46000000000000796,8830.014,0.7549999999991996
PIA,64.0,0 days 00:01:15.942000,SOFT,17.0,11.0,0 days 02:28:25.956000,,False,75.942,0.0589999999999975,8905.956,26.85699999999997
PIA,65.0,0 days 00:01:16.575000,SOFT,18.0,11.0,0 days 02:29:42.531000,,False,76.575,0.6330000000000098,8982.531,27.243000000000393
PIA,66.0,0 days 00:01:18.470000,SOFT,19.0,11.0,0 days 02:31:01.001000,,False,78.47,1.894999999999996,9061.001,29.69800000000032
RUS,1.0,0 days 00:01:27.965000,SOFT,4.0,3.0,0 days 01:04:00.509000,,False,87.965,,3840.509,0.625
RUS,2.0,0 days 00:01:20.925000,SOFT,5.0,2.0,0 days 01:05:21.434000,,False,80.925,-7.040000000000006,3921.434,0.10300000000006548
RUS,3.0,0 days 00:01:19.420000,SOFT,6.0,2.0,0 days 01:06:40.854000,,False,79.42,-1.5049999999999955,4000.854,0.5489999999999782
RUS,4.0,0 days 00:01:17.945000,SOFT,7.0,2.0,0 days 01:07:58.799000,,False,77.945,-1.4750000000000085,4078.799,0.5199999999999818
RUS,5.0,0 days 00:01:17.034000,SOFT,8.0,2.0,0 days 01:09:15.833000,,False,77.034,-0.9109999999999872,4155.833,0.4959999999991851
RUS,6.0,0 days 00:01:16.365000,SOFT,9.0,1.0,0 days 01:10:32.198000,,False,76.365,-0.6690000000000111,4232.198,0.0
RUS,7.0,0 days 00:01:16.584000,SOFT,10.0,1.0,0 days 01:11:48.782000,,False,76.584,0.2190000000000083,4308.782,0.0
RUS,8.0,0 days 00:01:16.105000,SOFT,11.0,1.0,0 days 01:13:04.887000,,False,76.105,-0.4789999999999992,4384.887,0.0
RUS,9.0,0 days 00:01:15.796000,SOFT,12.0,1.0,0 days 01:14:20.683000,,False,75.796,-0.3089999999999975,4460.683,0.0
RUS,10.0,0 days 00:01:15.778000,SOFT,13.0,1.0,0 days 01:15:36.461000,,False,75.778,-0.018000000000000682,4536.461,0.0
RUS,11.0,0 days 00:01:15.572000,SOFT,14.0,1.0,0 days 01:16:52.033000,,False,75.572,-0.20600000000000307,4612.033,0.0
RUS,12.0,0 days 00:01:16.804000,SOFT,15.0,1.0,0 days 01:18:08.837000,,False,76.804,1.2319999999999993,4688.837,0.0
RUS,13.0,0 days 00:01:17.341000,SOFT,16.0,1.0,0 days 01:19:26.178000,,False,77.341,0.5369999999999919,4766.178,0.0
RUS,14.0,0 days 00:01:16.192000,SOFT,17.0,1.0,0 days 01:20:42.370000,,False,76.192,-1.149000000000001,4842.37,0.0
RUS,15.0,0 days 00:01:15.791000,SOFT,18.0,1.0,0 days 01:21:58.161000,,False,75.791,-0.40099999999999625,4918.161,0.0
RUS,16.0,0 days 00:01:15.477000,SOFT,19.0,1.0,0 days 01:23:13.638000,,False,75.477,-0.31399999999999295,4993.638,0.0
RUS,17.0,0 days 00:01:16.545000,SOFT,20.0,1.0,0 days 01:24:30.183000,,False,76.545,1.0679999999999978,5070.183,0.0
RUS,18.0,0 days 00:01:15.735000,SOFT,21.0,1.0,0 days 01:25:45.918000,,False,75.735,-0.8100000000000023,5145.918,0.0
RUS,19.0,0 days 00:01:15.576000,SOFT,22.0,1.0,0 days 01:27:01.494000,,False,75.576,-0.15900000000000603,5221.494,0.0
RUS,20.0,0 days 00:01:15.538000,SOFT,23.0,1.0,0 days 01:28:17.032000,,False,75.538,-0.0379999999999967,5297.032,0.0
RUS,21.0,0 days 00:01:15.759000,SOFT,24.0,1.0,0 days 01:29:32.791000,,False,75.759,0.22100000000000364,5372.791,0.0
RUS,22.0,0 days 00:01:16.657000,SOFT,25.0,2.0,0 days 01:30:49.448000,,False,76.657,0.8979999999999961,5449.448,0.329000000000633
RUS,23.0,0 days 00:01:15.877000,SOFT,26.0,2.0,0 days 01:32:05.325000,,False,75.877,-0.7800000000000011,5525.325,0.7929999999996653
RUS,24.0,0 days 00:01:16.828000,SOFT,27.0,2.0,0 days 01:33:22.153000,,False,76.828,0.9510000000000076,5602.153,1.155999999999949
RUS,25.0,0 days 00:01:17.038000,SOFT,28.0,1.0,0 days 01:34:39.191000,,False,77.038,0.20999999999999375,5679.191,0.0
RUS,26.0,0 days 00:01:16.321000,SOFT,29.0,1.0,0 days 01:35:55.512000,,False,76.321,-0.7169999999999987,5755.512,0.0
RUS,27.0,0 days 00:01:16.273000,SOFT,30.0,1.0,0 days 01:37:11.785000,,False,76.273,-0.04800000000000182,5831.785,0.0
RUS,28.0,0 days 00:01:16.272000,SOFT,31.0,1.0,0 days 01:38:28.057000,,False,76.272,-0.000999999999990564,5908.057,0.0
RUS,29.0,0 days 00:01:15.541000,SOFT,32.0,1.0,0 days 01:39:43.598000,,False,75.541,-0.7310000000000088,5983.598,0.0
RUS,30.0,,SOFT,33.0,,0 days 01:42:13.598000,,False,,,6133.598,-180.84799999999996
SAI,1.0,0 days 00:01:38.114000,INTERMEDIATE,1.0,16.0,0 days 01:04:10.658000,,False,98.114,,3850.658,1.3519999999998618
SAI,2.0,0 days 00:01:42.459000,INTERMEDIATE,2.0,19.0,0 days 01:05:53.117000,0 days 01:05:30.088000,True,102.459,4.344999999999999,3953.117,3.643000000000029
SAI,3.0,0 days 00:01:26.386000,MEDIUM,9.0,18.0,0 days 01:07:19.503000,,False,86.386,-16.073000000000008,4039.503,4.778000000000247
SAI,4.0,0 days 00:01:19.821000,MEDIUM,10.0,18.0,0 days 01:08:39.324000,,False,79.821,-6.564999999999998,4119.324,3.5479999999997744
SAI,5.0,0 days 00:01:18.605000,MEDIUM,11.0,18.0,0 days 01:09:57.929000,,False,78.605,-1.215999999999994,4197.929,2.2280000000000655
SAI,6.0,0 days 00:01:18.184000,MEDIUM,12.0,17.0,0 days 01:11:16.113000,,False,78.184,-0.4210000000000065,4276.113,6.914999999999964
SAI,7.0,0 days 00:01:18.136000,MEDIUM,13.0,17.0,0 days 01:12:34.249000,,False,78.136,-0.04800000000000182,4354.249,4.149999999999636
SAI,8.0,0 days 00:01:17.973000,MEDIUM,14.0,16.0,0 days 01:13:52.222000,,False,77.973,-0.1629999999999967,4432.222,9.398000000000138
SAI,9.0,0 days 00:01:17.596000,MEDIUM,15.0,16.0,0 days 01:15:09.818000,,False,77.596,-0.37699999999999534,4509.818,7.891999999999825
SAI,10.0,0 days 00:01:17.368000,MEDIUM,16.0,16.0,0 days 01:16:27.186000,,False,77.368,-0.22800000000000864,4587.186,6.755000000000109
SAI,11.0,0 days 00:01:17.454000,MEDIUM,17.0,16.0,0 days 01:17:44.640000,,False,77.454,0.08599999999999852,4664.64,5.208000000000538
SAI,12.0,0 days 00:01:18.394000,MEDIUM,18.0,14.0,0 days 01:19:03.034000,,False,78.394,0.9400000000000119,4743.034,3.988999999999578
SAI,13.0,0 days 00:01:17.618000,MEDIUM,19.0,14.0,0 days 01:20:20.652000,,False,77.618,-0.7760000000000105,4820.652,2.063000000000102
SAI,14.0,0 days 00:01:17.046000,MEDIUM,20.0,13.0,0 days 01:21:37.698000,,False,77.046,-0.5719999999999885,4897.698,0.6959999999999127
SAI,15.0,0 days 00:01:18.961000,MEDIUM,21.0,11.0,0 days 01:22:56.659000,,False,78.961,1.914999999999992,4976.659,13.416999999999462
SAI,16.0,0 days 00:01:17.544000,MEDIUM,22.0,11.0,0 days 01:24:14.203000,,False,77.544,-1.4170000000000016,5054.203,12.84100000000035
SAI,17.0,0 days 00:01:17.221000,MEDIUM,23.0,11.0,0 days 01:25:31.424000,,False,77.221,-0.3229999999999933,5131.424,12.542000000000371
SAI,18.0,0 days 00:01:17.169000,MEDIUM,24.0,11.0,0 days 01:26:48.593000,,False,77.169,-0.05200000000000671,5208.593,12.247999999999593
SAI,19.0,0 days 00:01:17.479000,MEDIUM,25.0,11.0,0 days 01:28:06.072000,,False,77.479,0.3100000000000023,5286.072,12.13799999999992
SAI,20.0,0 days 00:01:17.132000,MEDIUM,26.0,11.0,0 days 01:29:23.204000,,False,77.132,-0.3469999999999942,5363.204,11.623999999999796
SAI,21.0,0 days 00:01:17.224000,MEDIUM,27.0,11.0,0 days 01:30:40.428000,,False,77.224,0.09199999999999875,5440.428,11.363000000000284
SAI,22.0,0 days 00:01:17.215000,MEDIUM,28.0,11.0,0 days 01:31:57.643000,,False,77.215,-0.009000000000000341,5517.643,11.127999999999702
SAI,23.0,0 days 00:01:16.998000,MEDIUM,29.0,11.0,0 days 01:33:14.641000,,False,76.998,-0.21699999999999875,5594.641,10.496999999999389
SAI,24.0,0 days 00:01:17.140000,MEDIUM,30.0,11.0,0 days 01:34:31.781000,,False,77.14,0.1419999999999959,5671.781,10.372999999999593
SAI,25.0,0 days 00:01:16.837000,MEDIUM,31.0,11.0,0 days 01:35:48.618000,,False,76.837,-0.30299999999999727,5748.618,9.813000000000102
SAI,26.0,0 days 00:01:16.655000,MEDIUM,32.0,11.0,0 days 01:37:05.273000,,False,76.655,-0.18200000000000216,5825.273,8.949000000000524
SAI,27.0,0 days 00:01:16.989000,MEDIUM,33.0,11.0,0 days 01:38:22.262000,,False,76.989,0.3340000000000032,5902.262,8.268000000000029
SAI,28.0,0 days 00:01:17.059000,MEDIUM,34.0,11.0,0 days 01:39:39.321000,,False,77.059,0.06999999999999318,5979.321,7.95299999999952
SAI,29.0,0 days 00:01:16.736000,MEDIUM,35.0,11.0,0 days 01:40:56.057000,,False,76.736,-0.3229999999999933,6056.057,7.405999999999949
SAI,30.0,0 days 00:01:56.283000,MEDIUM,36.0,10.0,0 days 01:42:52.340000,0 days 01:42:28.362000,True,116.283,39.547,6172.34,7.217000000000553
SAI,31.0,0 days 00:01:44.583000,MEDIUM,1.0,10.0,0 days 01:44:36.923000,,False,104.583,-11.700000000000003,6276.923,8.121000000000095
SAI,32.0,0 days 00:01:19.792000,MEDIUM,2.0,10.0,0 days 01:45:56.715000,,False,79.792,-24.790999999999997,6356.715,9.095000000000255
SAI,33.0,0 days 00:01:18.600000,MEDIUM,3.0,10.0,0 days 01:47:15.315000,,False,78.6,-1.1920000000000073,6435.315,11.180999999999585
SAI,34.0,0 days 00:01:18.742000,MEDIUM,4.0,10.0,0 days 01:48:34.057000,,False,78.742,0.14200000000001012,6514.057,13.126000000000204
SAI,35.0,0 days 00:01:17.168000,MEDIUM,5.0,10.0,0 days 01:49:51.225000,,False,77.168,-1.573999999999998,6591.225,13.680000000000291
SAI,36.0,0 days 00:01:16.599000,MEDIUM,6.0,10.0,0 days 01:51:07.824000,,False,76.599,-0.5690000000000026,6667.824,13.902000000000044
SAI,37.0,0 days 00:01:18.961000,MEDIUM,7.0,10.0,0 days 01:52:26.785000,,False,78.961,2.3619999999999948,6746.785,15.940999999999804
SAI,38.0,0 days 00:01:16.517000,MEDIUM,8.0,10.0,0 days 01:53:43.302000,,False,76.517,-2.4440000000000026,6823.302,13.548999999999978
SAI,39.0,0 days 00:01:16.764000,MEDIUM,9.0,9.0,0 days 01:55:00.066000,,False,76.764,0.2469999999999999,6900.066,13.478000000000065
SAI,40.0,0 days 00:01:18.422000,MEDIUM,10.0,9.0,0 days 01:56:18.488000,,False,78.422,1.6580000000000013,6978.488,15.31500000000051
SAI,41.0,0 days 00:01:16.652000,MEDIUM,11.0,9.0,0 days 01:57:35.140000,,False,76.652,-1.769999999999996,7055.14,15.572000000000116
SAI,42.0,0 days 00:01:16.832000,MEDIUM,12.0,9.0,0 days 01:58:51.972000,,False,76.832,0.1799999999999926,7131.972,16.15899999999965
SAI,43.0,0 days 00:01:16.403000,MEDIUM,13.0,9.0,0 days 02:00:08.375000,,False,76.403,-0.42899999999998784,7208.375,16.342999999999847
SAI,44.0,0 days 00:01:18.501000,MEDIUM,14.0,9.0,0 days 02:01:26.876000,,False,78.501,2.097999999999999,7286.876,16.985000000000582
SAI,45.0,0 days 00:01:34.901000,MEDIUM,15.0,9.0,0 days 02:03:01.777000,,False,94.901,16.39999999999999,7381.777,18.40599999999995
SAI,46.0,0 days 00:01:16.467000,MEDIUM,16.0,9.0,0 days 02:04:18.244000,,False,76.467,-18.433999999999997,7458.244,17.984999999999673
SAI,47.0,0 days 00:01:16.984000,MEDIUM,17.0,9.0,0 days 02:05:35.228000,,False,76.984,0.5169999999999959,7535.228,16.603000000000065
SAI,48.0,0 days 00:01:16.314000,MEDIUM,18.0,9.0,0 days 02:06:51.542000,,False,76.314,-0.6700000000000017,7611.542,15.32800000000043
SAI,49.0,0 days 00:01:16.509000,MEDIUM,19.0,9.0,0 days 02:08:08.051000,,False,76.509,0.1950000000000074,7688.051,15.15100000000075
SAI,50.0,0 days 00:01:16.313000,MEDIUM,20.0,9.0,0 days 02:09:24.364000,,False,76.313,-0.19599999999999795,7764.364,15.398999999999432
SAI,51.0,0 days 00:01:32.657000,MEDIUM,21.0,9.0,0 days 02:10:57.021000,,False,92.657,16.343999999999994,7857.021,26.510999999999513
SAI,52.0,0 days 00:01:37.976000,MEDIUM,22.0,9.0,0 days 02:12:34.997000,,False,97.976,5.319000000000003,7954.997,20.67700000000059
SAI,53.0,0 days 00:01:17.762000,MEDIUM,23.0,9.0,0 days 02:13:52.759000,,False,77.762,-20.214,8032.759,16.8149999999996
SAI,54.0,0 days 00:01:16.764000,MEDIUM,24.0,9.0,0 days 02:15:09.523000,,False,76.764,-0.9980000000000047,8109.523,17.212999999999738
SAI,55.0,0 days 00:01:16.854000,MEDIUM,25.0,9.0,0 days 02:16:26.377000,,False,76.854,0.09000000000000341,8186.377,18.204000000000633
SAI,56.0,0 days 00:01:16.091000,MEDIUM,26.0,9.0,0 days 02:17:42.468000,,False,76.091,-0.7630000000000052,8262.468,18.434000000001106
SAI,57.0,0 days 00:01:16.319000,MEDIUM,27.0,9.0,0 days 02:18:58.787000,,False,76.319,0.22800000000000864,8338.787,18.968000000000757
SAI,58.0,0 days 00:01:17.244000,MEDIUM,28.0,9.0,0 days 02:20:16.031000,,False,77.244,0.9249999999999972,8416.031,20.22900000000118
SAI,59.0,0 days 00:01:16.331000,MEDIUM,29.0,9.0,0 days 02:21:32.362000,,False,76.331,-0.9129999999999967,8492.362,20.807999999999083
SAI,60.0,0 days 00:01:16.034000,MEDIUM,30.0,9.0,0 days 02:22:48.396000,,False,76.034,-0.29699999999999704,8568.396,20.915000000000873
SAI,61.0,0 days 00:01:17.440000,MEDIUM,31.0,9.0,0 days 02:24:05.836000,,False,77.44,1.4059999999999917,8645.836,22.459999999999127
SAI,62.0,0 days 00:01:16.497000,MEDIUM,32.0,9.0,0 days 02:25:22.333000,,False,76.497,-0.9429999999999978,8722.333,22.83600000000115
SAI,63.0,0 days 00:01:16.373000,MEDIUM,33.0,9.0,0 days 02:26:38.706000,,False,76.373,-0.12399999999999523,8798.706,23.38800000000083
SAI,64.0,0 days 00:01:15.888000,MEDIUM,34.0,9.0,0 days 02:27:54.594000,,False,75.888,-0.48499999999999943,8874.594,22.422999999998865
SAI,65.0,0 days 00:01:15.852000,MEDIUM,35.0,9.0,0 days 02:29:10.446000,,False,75.852,-0.036000000000001364,8950.446,19.80199999999968
SAI,66.0,0 days 00:01:19.410000,MEDIUM,36.0,9.0,0 days 02:30:29.856000,,False,79.41,3.5579999999999927,9029.856,22.37199999999939
SAI,67.0,0 days 00:01:16.460000,MEDIUM,37.0,9.0,0 days 02:31:46.316000,,False,76.46,-2.950000000000003,9106.316,23.442000000000917
STR,1.0,0 days 00:01:41.845000,SOFT,1.0,20.0,0 days 01:04:14.389000,,False,101.845,,3854.389,2.6820000000002437
STR,2.0,0 days 00:01:25.078000,SOFT,2.0,16.0,0 days 01:05:39.467000,,False,85.078,-16.766999999999996,3939.467,0.5149999999998727
STR,3.0,0 days 00:01:24.513000,SOFT,3.0,15.0,0 days 01:07:03.980000,,False,84.513,-0.5649999999999977,4023.98,3.405999999999949
STR,4.0,0 days 00:01:22.518000,SOFT,4.0,16.0,0 days 01:08:26.498000,,False,82.518,-1.9950000000000045,4106.498,1.2179999999998472
STR,5.0,0 days 00:01:21.863000,SOFT,5.0,16.0,0 days 01:09:48.361000,,False,81.863,-0.6550000000000011,4188.361,3.8149999999996
STR,6.0,0 days 00:01:20.837000,SOFT,6.0,16.0,0 days 01:11:09.198000,,False,80.837,-1.0259999999999962,4269.198,6.682999999999993
STR,7.0,0 days 00:01:20.901000,SOFT,7.0,16.0,0 days 01:12:30.099000,,False,80.901,0.06399999999999295,4350.099,6.927999999999884
STR,8.0,0 days 00:01:23.593000,SOFT,8.0,17.0,0 days 01:13:53.692000,,False,83.593,2.6920000000000073,4433.692,1.4700000000002547
STR,9.0,0 days 00:01:20.904000,SOFT,9.0,18.0,0 days 01:15:14.596000,,False,80.904,-2.689000000000007,4514.596,1.2139999999999418
STR,10.0,0 days 00:01:20.266000,SOFT,10.0,18.0,0 days 01:16:34.862000,,False,80.266,-0.637999999999991,4594.862,3.1390000000001237
STR,11.0,0 days 00:01:20.574000,SOFT,11.0,19.0,0 days 01:17:55.436000,,False,80.574,0.3079999999999927,4675.436,0.6679999999996653
STR,12.0,0 days 00:01:20.133000,SOFT,12.0,17.0,0 days 01:19:15.569000,,False,80.133,-0.4410000000000025,4755.569,2.3560000000006767
STR,13.0,0 days 00:01:20.526000,SOFT,13.0,18.0,0 days 01:20:36.095000,,False,80.526,0.3930000000000007,4836.095,0.7300000000004729
STR,14.0,0 days 00:01:36.211000,SOFT,14.0,19.0,0 days 01:22:12.306000,0 days 01:21:49.716000,True,96.211,15.685000000000002,4932.306,10.74499999999989
STR,15.0,0 days 00:01:25.811000,SOFT,1.0,19.0,0 days 01:23:38.117000,,False,85.811,-10.399999999999991,5018.117,7.364999999999782
STR,16.0,0 days 00:01:22.036000,SOFT,2.0,19.0,0 days 01:25:00.153000,,False,82.036,-3.7750000000000057,5100.153,5.203000000000429
STR,17.0,0 days 00:01:21.135000,SOFT,3.0,19.0,0 days 01:26:21.288000,,False,81.135,-0.9009999999999962,5181.288,6.530999999999949
STR,18.0,0 days 00:01:19.680000,SOFT,4.0,19.0,0 days 01:27:40.968000,,False,79.68,-1.4549999999999983,5260.968,7.088999999999942
STR,19.0,0 days 00:01:20.036000,SOFT,5.0,19.0,0 days 01:29:01.004000,,False,80.036,0.35599999999999454,5341.004,8.534999999999854
STR,20.0,0 days 00:01:23.042000,SOFT,6.0,19.0,0 days 01:30:24.046000,,False,83.042,3.0060000000000002,5424.046,13.009000000000015
STR,21.0,0 days 00:01:19.862000,SOFT,7.0,19.0,0 days 01:31:43.908000,,False,79.862,-3.180000000000007,5503.908,13.483000000000175
STR,22.0,0 days 00:01:21.253000,SOFT,8.0,19.0,0 days 01:33:05.161000,,False,81.253,1.3910000000000053,5585.161,16.77599999999984
STR,23.0,0 days 00:01:19.122000,SOFT,9.0,19.0,0 days 01:34:24.283000,,False,79.122,-2.1310000000000002,5664.283,17.962000000000444
STR,24.0,0 days 00:01:19.142000,SOFT,10.0,19.0,0 days 01:35:43.425000,,False,79.142,0.01999999999999602,5743.425,18.891999999999825
STR,25.0,0 days 00:01:19.076000,SOFT,11.0,18.0,0 days 01:37:02.501000,,False,79.076,-0.0660000000000025,5822.501,19.50500000000011
STR,26.0,0 days 00:01:20.571000,SOFT,12.0,18.0,0 days 01:38:23.072000,,False,80.571,1.4950000000000045,5903.072,21.971999999999753
STR,27.0,0 days 00:01:19.395000,SOFT,13.0,18.0,0 days 01:39:42.467000,,False,79.395,-1.176000000000002,5982.467,22.888999999999214
STR,28.0,0 days 00:01:22.859000,SOFT,14.0,18.0,0 days 01:41:05.326000,,False,82.859,3.4639999999999986,6065.326,27.761000000000422
STR,29.0,0 days 00:01:42.893000,SOFT,15.0,18.0,0 days 01:42:48.219000,,False,102.893,20.034000000000006,6168.219,18.545000000000073
STR,30.0,0 days 00:01:44.767000,SOFT,16.0,17.0,0 days 01:44:32.986000,,False,104.767,1.8739999999999952,6272.986,15.300999999999476
STR,31.0,0 days 00:01:22.230000,SOFT,17.0,17.0,0 days 01:45:55.216000,,False,82.23,-22.536999999999992,6355.216,14.115000000000691
STR,32.0,0 days 00:01:21.397000,SOFT,18.0,17.0,0 days 01:47:16.613000,,False,81.397,-0.8329999999999984,6436.613,16.264000000000124
STR,33.0,0 days 00:01:20.465000,SOFT,19.0,17.0,0 days 01:48:37.078000,,False,80.465,-0.9320000000000022,6517.078,15.476000000000568
STR,34.0,0 days 00:01:23.956000,SOFT,20.0,17.0,0 days 01:50:01.034000,,False,83.956,3.4909999999999997,6601.034,21.31999999999971
STR,35.0,0 days 00:01:19.902000,SOFT,21.0,17.0,0 days 01:51:20.936000,,False,79.902,-4.054000000000002,6680.936,24.10199999999986
STR,36.0,0 days 00:01:20.547000,SOFT,22.0,17.0,0 days 01:52:41.483000,,False,80.547,0.644999999999996,6761.483,27.251000000000204
STR,37.0,0 days 00:01:19.966000,SOFT,23.0,17.0,0 days 01:54:01.449000,,False,79.966,-0.5810000000000031,6841.449,30.30199999999968
STR,38.0,0 days 00:01:19.250000,SOFT,24.0,17.0,0 days 01:55:20.699000,,False,79.25,-0.715999999999994,6920.699,31.93199999999979
STR,39.0,0 days 00:01:18.721000,SOFT,25.0,16.0,0 days 01:56:39.420000,,False,78.721,-0.5289999999999964,6999.42,29.985999999999876
STR,40.0,0 days 00:01:20.294000,SOFT,26.0,16.0,0 days 01:57:59.714000,,False,80.294,1.5729999999999933,7079.714,33.30799999999999
STR,41.0,0 days 00:01:18.926000,SOFT,27.0,15.0,0 days 01:59:18.640000,,False,78.926,-1.367999999999995,7158.64,33.65100000000075
STR,42.0,0 days 00:01:21.728000,SOFT,28.0,15.0,0 days 02:00:40.368000,,False,81.728,2.8019999999999925,7240.368,36.82600000000002
STR,43.0,0 days 00:01:30.971000,SOFT,29.0,15.0,0 days 02:02:11.339000,,False,90.971,9.24300000000001,7331.339,51.1220000000003
STR,44.0,0 days 00:01:22.845000,SOFT,30.0,15.0,0 days 02:03:34.184000,,False,82.845,-8.126000000000005,7414.184,40.764000000000124
STR,45.0,0 days 00:01:20.912000,SOFT,31.0,15.0,0 days 02:04:55.096000,,False,80.912,-1.9329999999999927,7495.096,43.922999999999774
STR,46.0,0 days 00:01:20.342000,SOFT,32.0,15.0,0 days 02:06:15.438000,,False,80.342,-0.5700000000000074,7575.438,45.41100000000006
STR,47.0,0 days 00:01:21.287000,SOFT,33.0,15.0,0 days 02:07:36.725000,,False,81.287,0.9450000000000074,7656.725,46.95300000000043
STR,48.0,0 days 00:01:20.532000,SOFT,34.0,15.0,0 days 02:08:57.257000,,False,80.532,-0.7550000000000097,7737.257,48.53399999999965
STR,49.0,0 days 00:01:36.887000,SOFT,35.0,15.0,0 days 02:10:34.144000,0 days 02:10:11.608000,True,96.887,16.355000000000004,7834.144,68.10699999999997
STR,50.0,0 days 00:01:45.680000,MEDIUM,1.0,15.0,0 days 02:12:19.824000,,False,105.68,8.793000000000006,7939.824,81.2549999999992
STR,51.0,0 days 00:01:22.024000,MEDIUM,2.0,15.0,0 days 02:13:41.848000,,False,82.024,-23.656000000000006,8021.848,64.69899999999961
STR,52.0,0 days 00:01:20.845000,MEDIUM,3.0,15.0,0 days 02:15:02.693000,,False,80.845,-1.179000000000002,8102.693,65.06900000000041
STR,53.0,0 days 00:01:19.609000,MEDIUM,4.0,15.0,0 days 02:16:22.302000,,False,79.609,-1.2360000000000042,8182.302,66.33799999999974
STR,54.0,0 days 00:01:19.160000,MEDIUM,5.0,15.0,0 days 02:17:41.462000,,False,79.16,-0.44899999999999807,8261.462,68.52000000000044
STR,55.0,0 days 00:01:20.146000,MEDIUM,6.0,15.0,0 days 02:19:01.608000,,False,80.146,0.9860000000000042,8341.608,70.28200000000106
STR,56.0,0 days 00:01:22.541000,MEDIUM,7.0,15.0,0 days 02:20:24.149000,,False,82.541,2.394999999999996,8424.149,76.09900000000016
STR,57.0,0 days 00:01:20.797000,MEDIUM,8.0,15.0,0 days 02:21:44.946000,,False,80.797,-1.7439999999999998,8504.946,79.98400000000038
STR,58.0,0 days 00:01:19.136000,MEDIUM,9.0,15.0,0 days 02:23:04.082000,,False,79.136,-1.6610000000000014,8584.082,82.20600000000013
STR,59.0,0 days 00:01:18.877000,MEDIUM,10.0,15.0,0 days 02:24:22.959000,,False,78.877,-0.25900000000000034,8662.959,84.20100000000093
STR,60.0,0 days 00:01:19.412000,MEDIUM,11.0,15.0,0 days 02:25:42.371000,,False,79.412,0.5350000000000108,8742.371,86.84799999999996
STR,61.0,0 days 00:01:19.012000,MEDIUM,12.0,15.0,0 days 02:27:01.383000,,False,79.012,-0.4000000000000057,8821.383,88.34399999999914
STR,62.0,0 days 00:01:19.435000,MEDIUM,13.0,15.0,0 days 02:28:20.818000,,False,79.435,0.4230000000000018,8900.818,90.78699999999844
STR,63.0,0 days 00:01:19.249000,MEDIUM,14.0,15.0,0 days 02:29:40.067000,,False,79.249,-0.18600000000000705,8980.067,93.19999999999891
STR,64.0,0 days 00:01:26.632000,MEDIUM,15.0,15.0,0 days 02:31:06.699000,,False,86.632,7.38300000000001,9066.699,103.25500000000102
VER,1.0,0 days 00:01:29.924000,SOFT,6.0,5.0,0 days 01:04:02.468000,,False,89.924,,3842.468,1.4020000000000437
VER,2.0,0 days 00:01:20.276000,SOFT,7.0,4.0,0 days 01:05:22.744000,,False,80.276,-9.64800000000001,3922.744,1.0080000000002656
VER,3.0,0 days 00:01:19.617000,SOFT,8.0,4.0,0 days 01:06:42.361000,,False,79.617,-0.6589999999999918,4002.361,0.9169999999999163
VER,4.0,0 days 00:01:17.834000,SOFT,9.0,4.0,0 days 01:08:00.195000,,False,77.834,-1.7830000000000013,4080.195,0.7580000000002656
VER,5.0,0 days 00:01:17.221000,SOFT,10.0,4.0,0 days 01:09:17.416000,,False,77.221,-0.6129999999999995,4157.416,0.524000000000342
VER,6.0,0 days 00:01:17.206000,SOFT,11.0,4.0,0 days 01:10:34.622000,,False,77.206,-0.015000000000000568,4234.622,0.7160000000003492
VER,7.0,0 days 00:01:16.674000,SOFT,12.0,4.0,0 days 01:11:51.296000,,False,76.674,-0.5319999999999965,4311.296,0.4080000000003565
VER,8.0,0 days 00:01:16.576000,SOFT,13.0,4.0,0 days 01:13:07.872000,,False,76.576,-0.09800000000001319,4387.872,0.32300000000032014
VER,9.0,0 days 00:01:16.804000,SOFT,14.0,3.0,0 days 01:14:24.676000,,False,76.804,0.22800000000000864,4464.676,2.861000000000786
VER,10.0,0 days 00:01:16.459000,SOFT,15.0,3.0,0 days 01:15:41.135000,,False,76.459,-0.34499999999999886,4541.135,3.5799999999999272
VER,11.0,0 days 00:01:16.497000,SOFT,16.0,3.0,0 days 01:16:57.632000,,False,76.497,0.0379999999999967,4617.632,4.446999999999207
VER,12.0,0 days 00:01:16.352000,SOFT,17.0,3.0,0 days 01:18:13.984000,,False,76.352,-0.14499999999999602,4693.984,4.88300000000072
VER,13.0,0 days 00:01:16.532000,SOFT,18.0,3.0,0 days 01:19:30.516000,,False,76.532,0.1799999999999926,4770.516,3.581999999999425
VER,14.0,0 days 00:01:16.372000,SOFT,19.0,3.0,0 days 01:20:46.888000,,False,76.372,-0.1599999999999966,4846.888,3.82799999999952
VER,15.0,0 days 00:01:16.174000,SOFT,20.0,3.0,0 days 01:22:03.062000,,False,76.174,-0.1979999999999933,4923.062,4.367000000000189
VER,16.0,0 days 00:01:16.132000,SOFT,21.0,3.0,0 days 01:23:19.194000,,False,76.132,-0.04200000000000159,4999.194,5.088000000000648
VER,17.0,0 days 00:01:16.088000,SOFT,22.0,3.0,0 days 01:24:35.282000,,False,76.088,-0.04400000000001114,5075.282,4.645000000000437
VER,18.0,0 days 00:01:16.006000,SOFT,23.0,3.0,0 days 01:25:51.288000,,False,76.006,-0.08199999999999363,5151.288,4.935999999999694
VER,19.0,0 days 00:01:16.203000,SOFT,24.0,3.0,0 days 01:27:07.491000,,False,76.203,0.19700000000000273,5227.491,5.55199999999968
VER,20.0,0 days 00:01:16.180000,SOFT,25.0,3.0,0 days 01:28:23.671000,,False,76.18,-0.022999999999996135,5303.671,6.173000000000684
VER,21.0,0 days 00:01:16.744000,SOFT,26.0,3.0,0 days 01:29:40.415000,,False,76.744,0.563999999999993,5380.415,7.4780000000000655
VER,22.0,0 days 00:01:15.837000,SOFT,27.0,3.0,0 days 01:30:56.252000,,False,75.837,-0.9069999999999965,5456.252,6.804000000000087
VER,23.0,0 days 00:01:16.262000,SOFT,28.0,3.0,0 days 01:32:12.514000,,False,76.262,0.42499999999999716,5532.514,7.189000000000306
VER,24.0,0 days 00:01:16.871000,SOFT,29.0,3.0,0 days 01:33:29.385000,,False,76.871,0.6089999999999947,5609.385,7.231999999999971
VER,25.0,0 days 00:01:16.423000,SOFT,30.0,3.0,0 days 01:34:45.808000,,False,76.423,-0.4479999999999933,5685.808,6.268000000000029
VER,26.0,0 days 00:01:16.335000,SOFT,31.0,3.0,0 days 01:36:02.143000,,False,76.335,-0.08800000000000807,5762.143,6.1229999999995925
VER,27.0,0 days 00:01:16.262000,SOFT,32.0,3.0,0 days 01:37:18.405000,,False,76.262,-0.07299999999999329,5838.405,6.41399999999976
VER,28.0,0 days 00:01:16.101000,SOFT,33.0,3.0,0 days 01:38:34.506000,,False,76.101,-0.16100000000000136,5914.506,6.088000000000648
VER,29.0,0 days 00:01:16.255000,SOFT,34.0,3.0,0 days 01:39:50.761000,,False,76.255,0.15399999999999636,5990.761,6.591000000000349
VER,30.0,0 days 00:01:16.010000,SOFT,35.0,2.0,0 days 01:41:06.771000,,False,76.01,-0.24499999999999034,6066.771,6.239999999999782
VER,31.0,0 days 00:01:59.102000,SOFT,36.0,2.0,0 days 01:43:05.873000,0 days 01:42:42.217000,True,119.102,43.092,6185.873,6.102999999999156
VER,32.0,0 days 00:01:40.342000,MEDIUM,1.0,2.0,0 days 01:44:46.215000,,False,100.342,-18.760000000000005,6286.215,5.344000000000051
VER,33.0,0 days 00:01:18.320000,MEDIUM,2.0,2.0,0 days 01:46:04.535000,,False,78.32,-22.022000000000006,6364.535,4.3989999999994325
VER,34.0,0 days 00:01:17.060000,MEDIUM,3.0,2.0,0 days 01:47:21.595000,,False,77.06,-1.259999999999991,6441.595,5.168999999999869
VER,35.0,0 days 00:01:16.430000,MEDIUM,4.0,2.0,0 days 01:48:38.025000,,False,76.43,-0.6299999999999955,6518.025,5.4979999999995925
VER,36.0,0 days 00:01:16.570000,MEDIUM,5.0,2.0,0 days 01:49:54.595000,,False,76.57,0.13999999999998636,6594.595,6.360000000000582
VER,37.0,0 days 00:01:15.535000,MEDIUM,6.0,2.0,0 days 01:51:10.130000,,False,75.535,-1.0349999999999966,6670.13,6.429000000000087
VER,38.0,0 days 00:01:15.690000,MEDIUM,7.0,2.0,0 days 01:52:25.820000,,False,75.69,0.15500000000000114,6745.82,6.8840000000000146
VER,39.0,0 days 00:01:15.635000,MEDIUM,8.0,2.0,0 days 01:53:41.455000,,False,75.635,-0.05499999999999261,6821.455,7.229000000000269
VER,40.0,0 days 00:01:15.596000,MEDIUM,9.0,2.0,0 days 01:54:57.051000,,False,75.596,-0.03900000000000148,6897.051,6.954000000000633
VER,41.0,0 days 00:01:15.618000,MEDIUM,10.0,2.0,0 days 01:56:12.669000,,False,75.618,0.02199999999999136,6972.669,4.666999999999462
VER,42.0,0 days 00:01:15.415000,MEDIUM,11.0,2.0,0 days 01:57:28.084000,,False,75.415,-0.20299999999998875,7048.084,4.837999999999738
VER,43.0,0 days 00:01:15.387000,MEDIUM,12.0,2.0,0 days 01:58:43.471000,,False,75.387,-0.028000000000005798,7123.471,5.410999999999149
VER,44.0,0 days 00:01:15.505000,MEDIUM,13.0,2.0,0 days 01:59:58.976000,,False,75.505,0.117999999999995,7198.976,5.73700000000008
VER,45.0,0 days 00:01:15.222000,MEDIUM,14.0,2.0,0 days 02:01:14.198000,,False,75.222,-0.28300000000000125,7274.198,5.682999999999993
VER,46.0,0 days 00:01:32.344000,MEDIUM,15.0,2.0,0 days 02:02:46.542000,,False,92.344,17.122,7366.542,4.642000000000735
VER,47.0,0 days 00:01:15.476000,MEDIUM,16.0,2.0,0 days 02:04:02.018000,,False,75.476,-16.867999999999995,7442.018,4.2409999999999854
VER,48.0,0 days 00:01:15.452000,MEDIUM,17.0,2.0,0 days 02:05:17.470000,,False,75.452,-0.02400000000000091,7517.47,4.673999999999978
VER,49.0,0 days 00:01:15.535000,MEDIUM,18.0,2.0,0 days 02:06:33.005000,,False,75.535,0.08299999999999841,7593.005,5.274000000000342
VER,50.0,0 days 00:01:15.021000,MEDIUM,19.0,2.0,0 days 02:07:48.026000,,False,75.021,-0.5139999999999958,7668.026,5.524999999999636
VER,51.0,0 days 00:01:15.494000,MEDIUM,20.0,2.0,0 days 02:09:03.520000,,False,75.494,0.472999999999999,7743.52,6.415000000000873
VER,52.0,0 days 00:01:18.606000,MEDIUM,21.0,2.0,0 days 02:10:22.126000,,False,78.606,3.1119999999999948,7822.126,10.655000000000655
VER,53.0,0 days 00:01:44.334000,MEDIUM,22.0,2.0,0 days 02:12:06.460000,,False,104.334,25.72800000000001,7926.46,8.63299999999981
VER,54.0,0 days 00:01:21.504000,MEDIUM,23.0,2.0,0 days 02:13:27.964000,,False,81.504,-22.83,8007.964,6.501000000000204
VER,55.0,0 days 00:01:15.453000,MEDIUM,24.0,2.0,0 days 02:14:43.417000,,False,75.453,-6.051000000000002,8083.417,6.567000000000007
VER,56.0,0 days 00:01:15.559000,MEDIUM,25.0,2.0,0 days 02:15:58.976000,,False,75.559,0.10599999999999454,8158.976,7.11699999999928
VER,57.0,0 days 00:01:15.950000,MEDIUM,26.0,2.0,0 days 02:17:14.926000,,False,75.95,0.39100000000000534,8234.926,8.157999999999447
VER,58.0,0 days 00:01:15.336000,MEDIUM,27.0,2.0,0 days 02:18:30.262000,,False,75.336,-0.6140000000000043,8310.262,8.793000000001484
VER,59.0,0 days 00:01:14.791000,MEDIUM,28.0,2.0,0 days 02:19:45.053000,,False,74.791,-0.5450000000000017,8385.053,8.793999999999869
VER,60.0,0 days 00:01:14.854000,MEDIUM,29.0,2.0,0 days 02:20:59.907000,,False,74.854,0.06300000000000239,8459.907,9.20299999999952
VER,61.0,0 days 00:01:15.097000,MEDIUM,30.0,2.0,0 days 02:22:15.004000,,False,75.097,0.242999999999995,8535.004,9.960000000000946
VER,62.0,0 days 00:01:15.563000,MEDIUM,31.0,3.0,0 days 02:23:30.567000,,False,75.563,0.4660000000000082,8610.567,0.29099999999925785
VER,63.0,0 days 00:01:15.153000,MEDIUM,32.0,3.0,0 days 02:24:45.720000,,False,75.153,-0.4099999999999966,8685.72,0.5540000000000873
VER,64.0,0 days 00:01:15.236000,MEDIUM,33.0,3.0,0 days 02:26:00.956000,,False,75.236,0.08299999999999841,8760.956,0.7209999999995489
VER,65.0,0 days 00:01:14.423000,MEDIUM,34.0,3.0,0 days 02:27:15.379000,,False,74.423,-0.8130000000000024,8835.379,0.45499999999992724
VER,66.0,0 days 00:01:14.707000,MEDIUM,35.0,3.0,0 days 02:28:30.086000,,False,74.707,0.2839999999999918,8910.086,0.3609999999989668
VER,67.0,0 days 00:01:15.094000,MEDIUM,36.0,3.0,0 days 02:29:45.180000,,False,75.094,0.38700000000000045,8985.18,0.7559999999994034
VER,68.0,0 days 00:01:14.398000,MEDIUM,37.0,3.0,0 days 02:30:59.578000,,False,74.398,-0.695999999999998,9059.578,0.5079999999998108
